tree
version=v4
num_class=1
num_tree_per_iteration=1
label_index=0
max_feature_idx=7
objective=poisson
feature_names=driver_age vehicle_age annual_mileage prior_claims credit_score region_risk vehicle_power exposure_months
feature_infos=[18:79] [0:19] [1000:32029] [0:4] [343:850] [1:5] [50:284] [1:12]
tree_sizes=3369 3430 3448 3429 3421 3448 3421 3459 3437 3456 3450 3441 3450 3462 3454 3457 3459 3472 3476 3479 3443 3437 3461 3462 3478 3478 3459 3468 3464 3476 3494 3478 3480 3479 3456 3476 3479 3472 3469 3483 3485 3484 3486 3470 3475 3463 3477 3486 3475 3474 3477 3476 3481 3486 3478 3486 3476 3488 3481 3479 3485 3486 3472 3490 3504 3487 3502 3492 3479 3496 3495 3481 3499 3466 3480 3487 3491 3498 3491 3497 3472 3491 3494 3494 3487 3505 3486 3482 3499 3487 3511 3501 3484 3500 3490 3497 3491 3492 3491 3494 3501 3495 3495 3487 3502 3500 3502 3492 3507 3481 3499 3513 3502 3503 3484 3496 3498 3501 3491 3489 3486 3496 3498 3493 3491 3493 3500 3502 3485 3500 3480 3497 3493 3502 3503 3496 3494 3493 3500 3510 3485 3488 3495 3500 3507 3501 3508 3480 3500 3494 3494 3508 3489 3505 3497 3508 3499 3491 3493 3491 3511 3501 3501 3499 3480 3487 3500 3477 3495 3492 3487 3484 3491 3498 3488 3505 3491 3490 3489 3492 3502 3462 3490 3488 3493 3480 3500 3475 3486 3486 3501 3486 3488 3488 3478 3470 3485 3476 3493 3469 3495 3477 3488 3473 3476 3469 3483 3493 3497 3478 3486 3487 3466 3496 3481 3489 3485 3490 3490 3483 3487 3475 3488 3477 3476 3469 3492 3475 3477 3478 3494 3482 3494 3486 3486 3490 3491 3487 3474 3473 3488 3492 3461 3477 3479 3471 3480 3497

Tree=0
num_leaves=31
num_cat=0
split_feature=7 5 7 1 7 1 5 7 7 4 2 4 7 5 5 7 7 6 5 4 2 4 6 6 2 4 1 4 2 5
split_gain=3304.54 888.313 410.083 320.98 200.601 167.951 108.275 107.386 92.4798 69.2819 69.507 65.5162 65.0781 57.3834 50.1733 48.8443 47.1356 44.5948 42.8679 35.0173 33.6049 31.4998 28.3089 26.7823 24.6591 23.6387 23.3371 23.0595 22.8059 21.7281
threshold=6.5000000000000009 3.5000000000000004 3.5000000000000004 10.500000000000002 9.5000000000000018 11.500000000000002 3.5000000000000004 10.500000000000002 9.5000000000000018 710.50000000000011 15838.500000000002 642.50000000000011 9.5000000000000018 2.5000000000000004 4.5000000000000009 5.5000000000000009 1.5000000000000002 139.50000000000003 2.5000000000000004 672.50000000000011 13613.500000000002 703.50000000000011 113.50000000000001 145.50000000000003 13020.500000000002 741.50000000000011 9.5000000000000018 672.50000000000011 10430.500000000002 1.5000000000000002
decision_type=2 2 2 2 2 2 2 2 2 2 2 2 2 2 2 2 2 2 2 2 2 2 2 2 2 2 2 2 2 2
left_child=2 5 16 7 11 12 26 23 19 10 14 20 29 -10 24 -8 -1 -16 27 -7 -5 -15 -9 28 -6 -24 -4 -14 -3 -2
right_child=1 3 6 4 9 8 15 22 13 -11 -12 -13 18 21 17 -17 -18 -19 -20 -21 -22 -23 25 -25 -26 -27 -28 -29 -30 -31
leaf_value=0.03254473860334034 0.046318226423489636 0.05585580909484969 0.042119621806125468 0.079565790204511419 0.081128284730466321 0.064062539535554477 0.050096317362784394 0.071001803001446012 0.065584118613296521 0.08311995011610826 0.12235961978559469 0.069956434732693529 0.059621040430497242 0.085133547630430378 0.095973856738279267 0.059787436837527408 0.038390057032878039 0.12101880185103513 0.064969242155983403 0.05444535744033209 0.10115625657211275 0.068450594733191872 0.086002857026690332 0.070538610254240089 0.10062680040278574 0.068938942829852773 0.047113450663476823 0.051885519795861423 0.064684664940693234 0.052974877891205606
leaf_weight=5227.4806451797485 1821.1182572841644 1092.2459559440613 4643.1078088283539 518.49808025360107 565.24790716171265 1759.4934854507446 3941.8604052066803 930.74655389785767 2405.4910936355591 947.74649095535278 286.8739378452301 1886.993013381958 1810.49329662323 760.74718332290649 520.62307238578796 1940.1178166866302 10136.212470531464 269.87400078773499 1731.8685877323151 2048.4924154281616 276.24897718429565 450.49833202362061 994.49631786346436 1181.4956254959106 227.37415814399719 254.99905586242676 4715.3575413227081 2059.1173760890961 2214.241801738739 3750.6111133098602
leaf_count=2460 857 514 2185 244 266 828 1855 438 1132 446 135 888 852 358 245 913 4770 127 815 964 130 212 468 556 107 120 2219 969 1042 1765
internal_value=0.0537988 0.0653707 0.0421658 0.0758745 0.0848168 0.0584985 0.047977 0.0684995 0.0643273 0.0941329 0.0997145 0.0750283 0.0546252 0.0700532 0.095611 0.0532928 0.0364012 0.104524 0.058431 0.058889 0.0870705 0.0789287 0.0776031 0.0640771 0.0867217 0.0825204 0.0446358 0.0555048 0.0617682 0.0507992
internal_weight=61369.8 30765.6 30604.1 12167.7 5499.48 18597.9 15240.4 6668.23 7424.72 2817.74 1869.99 2681.74 11173.2 3616.74 1583.12 5881.98 15363.7 790.497 5601.48 3807.99 794.747 1211.25 2180.24 4487.98 792.622 1249.5 9358.47 3869.61 3306.49 5571.73
internal_count=28880 14478 14402 5726 2588 8752 7172 3138 3494 1326 880 1262 5258 1702 745 2768 7230 372 2636 1792 374 570 1026 2112 373 588 4404 1821 1556 2622
is_linear=0
shrinkage=1


Tree=1
num_leaves=31
num_cat=0
split_feature=7 5 7 3 3 7 7 1 5 7 4 1 1 1 5 1 3 4 7 4 7 1 2 3 5 2 7 1 4 5
split_gain=3060.39 739.529 399.509 393.461 235.572 144.643 142.353 117.205 103.97 94.4171 80.1796 70.9553 66.0693 59.2551 55.3371 55.0844 55.0579 50.1603 49.0631 45.3264 43.1496 39.5003 37.3568 35.9157 34.8918 33.8058 32.6148 32.1233 29.5887 25.1153
threshold=6.5000000000000009 3.5000000000000004 3.5000000000000004 1.0000000180025095e-35 1.0000000180025095e-35 9.5000000000000018 10.500000000000002 7.5000000000000009 3.5000000000000004 9.5000000000000018 623.50000000000011 9.5000000000000018 9.5000000000000018 6.5000000000000009 2.5000000000000004 10.500000000000002 1.5000000000000002 676.50000000000011 1.5000000000000002 727.50000000000011 8.5000000000000018 15.500000000000002 8451.5000000000018 1.0000000180025095e-35 2.5000000000000004 11262.500000000002 5.5000000000000009 7.5000000000000009 683.50000000000011 1.5000000000000002
decision_type=2 2 2 2 2 2 2 2 2 2 2 2 2 2 2 2 2 2 2 2 2 2 2 2 2 2 2 2 2 2
left_child=2 4 18 5 9 21 11 -7 23 27 24 -5 -11 -12 -14 -8 26 -13 -1 22 -15 -3 -9 -4 -6 -23 -10 -2 -16 -22
right_child=1 3 8 6 10 7 15 19 16 12 13 17 14 20 28 -17 -18 -19 -20 -21 29 25 -24 -25 -26 -27 -28 -29 -30 -31
leaf_value=-0.021141425217389213 -0.0071354960796549188 0.0065476057738851059 -0.010814412237870556 0.018471346993864744 0.020376098861919354 0.011759174935247495 0.039067719489686251 0.016961471669978186 -0.004070204768696746 0.00067417403635914815 0.002289993302163252 0.048593105551525934 0.0059641156001628004 0.0062386450113729019 0.0272341719645279 0.061254197021992966 0.023999993796360947 0.026511235272881763 -0.01512368977280208 0.016448509163145494 0.011322154597406063 0.0073477938717061639 0.034524029892543474 -0.0036202189315495308 0.04048852356099087 0.027357561170891422 0.0040208022081788244 -9.6054690650496522e-05 0.01095169720804284 0.024330227742002851
leaf_weight=5138.5084748268127 2650.6506366729736 3642.8107283115387 6839.1726322174072 1019.6160819530487 658.10773420333862 1881.7419188022614 568.10193347930908 366.10983896255493 3815.2015194892883 3552.4619798660278 1307.1891288757324 493.03774571418762 2289.4530301094055 852.97014117240906 589.66524982452393 551.20924234390259 221.17886161804199 537.58728551864624 9937.5858070850372 656.52764058113098 553.2286114692688 379.15212202072144 1750.534656047821 2324.4798011779785 320.7395761013031 476.17381763458252 1849.2157483100891 4170.5058162212372 529.61122679710388 1126.9440784454346
leaf_count=2470 1251 1691 3248 475 308 869 261 167 1802 1664 615 225 1067 401 270 249 104 248 4749 301 259 175 792 1104 149 219 865 1958 245 525
internal_value=-7.96661e-05 0.0109696 -0.0114219 0.0204696 0.00467638 0.015212 0.0356525 0.0213907 -0.00565887 0.00134915 0.0141919 0.0278231 0.00544572 0.0109359 0.0104185 0.0499935 -0.000473194 0.0370749 -0.0171748 0.0279262 0.0153974 0.008818 0.0314863 -0.00898951 0.0269664 0.0184876 -0.0014288 -0.00283153 0.0195297 0.0200471
internal_weight=61049.5 30924.1 30125.3 12322.6 18601.5 9153.05 3169.55 4654.91 15049.2 13782.3 4819.18 2050.24 6961.19 3840.33 3408.73 1119.31 5885.6 1030.63 15076.1 2773.17 2533.14 4498.14 2116.64 9163.65 978.847 855.326 5664.42 6821.16 1119.28 1680.17
internal_count=28726 14384 14342 5672 8712 4214 1458 2129 7123 6455 2257 948 3246 1800 1582 510 2771 473 7219 1260 1185 2085 959 4352 457 394 2667 3209 515 784
is_linear=0
shrinkage=0.05


Tree=2
num_leaves=31
num_cat=0
split_feature=7 5 3 3 7 7 7 7 7 1 1 5 1 1 1 5 1 1 2 3 1 2 1 6 1 5 7 5 2 3
split_gain=2972.01 778.744 395.366 251.262 224.954 192.338 163.662 129.354 114.077 102.193 86.6643 61.7979 58.0032 56.1523 47.6284 46.5642 43.8863 36.6793 33.6765 33.1124 30.4414 30.3789 26.8063 25.8274 24.3334 23.4042 23.3749 22.8921 21.9961 18.3153
threshold=5.5000000000000009 3.5000000000000004 1.0000000180025095e-35 1.0000000180025095e-35 2.5000000000000004 9.5000000000000018 10.500000000000002 9.5000000000000018 8.5000000000000018 7.5000000000000009 11.500000000000002 3.5000000000000004 9.5000000000000018 10.500000000000002 10.500000000000002 2.5000000000000004 7.5000000000000009 8.5000000000000018 8451.5000000000018 1.0000000180025095e-35 14.500000000000002 10293.500000000002 11.500000000000002 118.50000000000001 16.500000000000004 2.5000000000000004 7.5000000000000009 4.5000000000000009 13496.500000000002 1.0000000180025095e-35
decision_type=2 2 2 2 2 2 2 2 2 2 2 2 2 2 2 2 2 2 2 2 2 2 2 2 2 2 2 2 2 2
left_child=4 3 5 7 -1 16 10 17 22 -7 28 29 -9 25 27 -14 -3 -2 -11 -13 -20 -18 -5 -16 -12 -10 -23 -8 -4 -6
right_child=1 2 6 8 11 9 14 12 13 18 24 19 15 -15 23 -17 21 -19 20 -21 -22 26 -24 -25 -26 -27 -28 -29 -30 -31
leaf_value=-0.019058034240665794 -0.0075308707964029933 0.001725760637246027 0.012852317690984289 -0.00043310952752926467 -0.013316336461163892 0.01159098125392749 0.027289961143478727 0.00055391856704147934 0.0085795020144159833 0.014292097789063422 0.030219648998184686 -0.0076137159266539038 0.0055120038427978399 0.025505757086911107 0.046457783540143287 0.017761209658505684 0.0038772179494378834 -0.0011465163954019323 0.024171737786744973 0.00095502101855434872 0.035589684024376546 0.0087781150222497831 0.010401622495046533 0.066956253490233944 0.0459133355281936 0.021141129272126261 0.018522875451757004 0.046943568760807429 0.025022359936461337 -0.0081670176780010758
leaf_weight=10084.502806425095 4040.8374795913696 2317.8286848068237 996.50803518295288 1428.5037789344788 6657.7322282791138 1904.1606636047363 303.15108370780945 3533.8357081413269 1248.1753604412079 470.33126544952393 704.82771515846252 4315.865592956543 2292.2574472427368 1477.1027603149414 305.80589842796326 1172.7974541187286 1163.5002541542053 5075.4244782924652 1403.0325126647949 1526.1232643127441 999.68637323379517 1222.9456763267517 950.87015748023987 308.87225484848022 380.25178623199463 527.51342058181763 1238.6931667327881 289.80324077606201 591.75603175163269 2331.6180949211121
leaf_count=4922 1926 1074 456 673 3207 869 134 1654 581 211 314 2062 1062 672 130 529 537 2394 620 728 438 564 444 131 169 242 565 128 270 1118
internal_value=4.93074e-06 0.00912264 0.0180543 0.00312591 -0.0132964 0.0131039 0.0317287 -5.13425e-05 0.0122169 0.0205738 0.0248277 -0.00937887 0.00506119 0.0183029 0.0470055 0.00965792 0.00709923 -0.00397642 0.0265273 -0.00537527 0.0289223 0.0105349 0.00389678 0.0567581 0.0357193 0.0123113 0.0136817 0.0368956 0.0173866 -0.0119807
internal_weight=61264.3 36348.5 14601.2 21747.3 24915.8 10720.2 3880.98 16115.2 5632.17 4777.21 2673.34 14831.3 6998.89 3252.79 1207.63 3465.05 5942.97 9116.26 2873.05 5841.99 2402.72 3625.14 2379.37 614.678 1085.08 1775.69 2461.64 592.954 1588.26 8989.35
internal_count=28824 16787 6610 10177 12037 4878 1732 7565 2612 2138 1209 7115 3245 1495 523 1591 2740 4320 1269 2790 1058 1666 1117 261 483 823 1129 262 726 4325
is_linear=0
shrinkage=0.05


Tree=3
num_leaves=31
num_cat=0
split_feature=7 5 3 3 7 7 7 7 7 1 1 5 1 1 1 4 3 5 4 1 1 4 2 4 3 1 4 2 2 4
split_gain=2845.74 693.017 335.397 250.263 220.759 191.12 145.189 132.302 105.848 97.5004 58.2044 54.2974 51.8416 51.3489 49.6854 47.6806 45.1828 39.171 32.6961 32.1378 30.2051 30.0535 29.8878 29.6771 29.4606 28.4453 24.5464 23.666 23.0263 22.0667
threshold=5.5000000000000009 3.5000000000000004 1.0000000180025095e-35 1.0000000180025095e-35 2.5000000000000004 9.5000000000000018 9.5000000000000018 9.5000000000000018 8.5000000000000018 10.500000000000002 11.500000000000002 3.5000000000000004 9.5000000000000018 6.5000000000000009 5.5000000000000009 640.50000000000011 1.5000000000000002 2.5000000000000004 623.50000000000011 8.5000000000000018 8.5000000000000018 633.50000000000011 14702.500000000002 681.50000000000011 1.0000000180025095e-35 13.500000000000002 695.50000000000011 14926.500000000002 12486.500000000002 675.50000000000011
decision_type=2 2 2 2 2 2 2 2 2 2 2 2 2 2 2 2 2 2 2 2 2 2 2 2 2 2 2 2 2 2
left_child=4 3 5 7 -1 15 10 19 20 -7 -4 -6 -9 -10 -8 25 29 -14 -16 -2 -5 -12 -20 27 -13 -3 -19 -11 -17 -15
right_child=1 2 6 8 11 9 14 12 13 23 21 24 17 16 18 28 -18 26 22 -21 -22 -23 -24 -25 -26 -27 -28 -29 -30 -31
leaf_value=-0.018933426423988532 -0.0073203925828885423 0.0093741315340359118 0.014556202845289898 -0.0021338163565353674 -0.011723918024217194 0.01345417718262823 0.025672734579379582 0.00095165385297674501 0.0092011622923175111 0.029416430431460541 0.045825947935897234 -0.0076283566155407705 0.0057321892109607163 0.025028397027960815 0.060327253079935486 0.00041178267481417901 0.040179603428298502 0.023007711227978758 0.036185159630900993 -0.0013360284386357696 0.0091427066206386989 0.025368521346704288 0.055782950081748828 0.021957924472135189 0.00043547237104747639 0.023200668777431023 0.008203011578275278 0.04664496601528368 0.0077185010866078199 0.014285300872927438
leaf_weight=9812.0072553157806 4015.1070091724396 1184.0929296016693 1346.9435014724731 1064.0899827480316 8843.7176959514618 2625.1557784080505 434.63625764846802 3597.6219112873077 1123.9941182136536 851.68048071861267 246.97399353981018 4331.1665246486664 2285.5587451457977 923.62934803962708 280.07251381874084 2266.1499803066254 305.34295344352722 690.88814306259155 779.32391214370728 5084.4420416355133 1343.7547955513 657.39949774742126 259.26591849327087 1135.9947211742401 1533.7583358287811 542.37010478973389 470.75168704986572 260.23364853858948 2056.9768154621124 990.67953205108643
leaf_count=4881 1928 544 606 502 4306 1176 188 1683 517 363 105 2085 1053 411 115 1042 136 303 326 2401 624 286 107 490 731 243 212 108 940 444
internal_value=7.22e-05 0.00886016 0.0171677 0.00319658 -0.0131248 0.0126296 0.0295455 6.01842e-06 0.0121525 0.0199988 0.0211438 -0.00924999 0.00515021 0.0179085 0.0403336 0.00669353 0.0223178 0.00953197 0.0451659 -0.00397658 0.00415931 0.0309552 0.0410774 0.0276417 -0.00551955 0.0137178 0.0170081 0.0334486 0.00388838 0.0194687
internal_weight=61343.8 36823.1 14927.3 21895.9 24520.6 10922.7 4004.62 16144.4 5751.49 4873.06 2251.32 14708.6 7044.82 3343.65 1753.3 6049.59 2219.65 3447.2 1318.66 9099.55 2407.84 904.373 1038.59 2247.91 5864.92 1726.46 1161.64 1111.91 4323.13 1914.31
internal_count=28856 16853 6639 10214 12003 4906 1733 7580 2634 2137 997 7122 3251 1508 736 2769 991 1568 548 4329 1126 391 433 961 2816 787 515 471 1982 855
is_linear=0
shrinkage=0.05


Tree=4
num_leaves=31
num_cat=0
split_feature=7 5 3 7 3 7 7 7 7 1 5 1 5 1 1 3 4 3 1 2 4 4 2 1 2 1 4 2 5 5
split_gain=2686.7 683.78 297.651 218.846 217.786 174.527 130.194 116.581 88.5152 82.628 59.0248 54.0596 51.0707 47.871 45.5857 44.9504 42.5423 34.4719 33.5226 29.8375 31.0556 28.9859 28.8574 28.8488 27.4113 27.3089 27.2684 25.8559 26.3296 24.6825
threshold=5.5000000000000009 3.5000000000000004 1.0000000180025095e-35 2.5000000000000004 1.0000000180025095e-35 9.5000000000000018 9.5000000000000018 9.5000000000000018 8.5000000000000018 10.500000000000002 3.5000000000000004 10.500000000000002 2.5000000000000004 6.5000000000000009 3.5000000000000004 1.5000000000000002 642.50000000000011 1.0000000180025095e-35 8.5000000000000018 8451.5000000000018 681.50000000000011 636.50000000000011 16448.500000000004 9.5000000000000018 13536.500000000002 13.500000000000002 676.50000000000011 14359.500000000002 4.5000000000000009 2.5000000000000004
decision_type=2 2 2 2 2 2 2 2 2 2 2 2 2 2 2 2 2 2 2 2 2 2 2 2 2 2 2 2 2 2
left_child=3 4 5 -1 7 16 11 18 24 22 -5 -4 -9 -8 -10 26 25 -12 -2 -11 -21 -13 -7 -14 -6 -3 -16 28 -15 -20
right_child=1 2 6 10 8 9 13 12 14 19 17 21 23 27 15 -17 -18 -19 29 20 -22 -23 -24 -25 -26 -27 -28 -29 -30 -31
leaf_value=-0.018775447013495972 -0.0072854025129570664 0.0089042012688524408 0.013208947795084695 -0.011647826594002753 -0.00010307312229185665 0.011198876491112279 0.025195152299262832 0.0017210342114875599 0.0041747978513289553 0.012882047646330615 -0.0074124588708616547 0.042108819723761494 0.005008061177025242 0.030163045957677711 0.022133340586328827 0.034963300853670769 0.0039272163221650488 0.0013774401452432451 -0.0036627999952363807 0.034999957876295763 0.022483051971717016 0.023431951405216329 0.026213934531058317 0.016165932183360127 0.010972059453465407 0.022175264942429565 0.0114903416697216 0.054014424659520693 0.046917965688937191 0.0037646542223092744
leaf_weight=9580.7306456565857 4004.2490966320038 1210.9635810852051 1244.8008573055267 8671.2844922542572 1561.0976493358612 2280.1619851589203 516.7476499080658 4687.3295662403107 629.22218346595764 356.65689778327942 4306.1853859424591 289.82006216049194 1117.7275450229645 462.79196834564209 1145.5923147201538 383.82697820663452 4188.6209545135498 1505.3399062156677 3297.6691873073578 967.75450873374939 1015.5917820930481 733.50824117660522 372.23371529579163 1202.579895734787 870.07954573631287 570.15781116485596 1267.9102046489716 386.84135603904724 475.27966380119324 1692.6675732135773
leaf_count=4857 1937 551 553 4272 727 1008 217 2173 287 153 2089 118 519 186 501 166 1913 717 1560 393 427 312 164 524 405 250 564 150 188 800
internal_value=8.73585e-05 0.00855788 0.0167513 -0.0129129 0.00290867 0.012449 0.028227 -0.000110824 0.0111574 0.0193479 -0.00903468 0.0202079 0.00472421 0.0381031 0.0163346 0.0190697 0.00667963 -0.00513564 -0.00387777 0.0261963 0.0285906 0.0287215 0.0133061 0.010791 0.00386054 0.0131524 0.0165421 0.0431375 0.038652 -0.00114349
internal_weight=60995.4 36931.9 15071.9 24063.5 21860 10962.1 4109.79 16002.2 5857.73 4992.4 14482.8 2268.13 7007.64 1841.66 3426.55 2797.33 5969.74 5811.53 8994.59 2340 1983.35 1023.33 2652.4 2320.31 2431.18 1781.12 2413.5 1324.91 938.072 4990.34
internal_count=28681 16746 6583 11935 10163 4859 1724 7513 2650 2145 7078 983 3216 741 1518 1231 2714 2806 4297 973 820 430 1172 1043 1132 801 1065 524 374 2360
is_linear=0
shrinkage=0.05


Tree=5
num_leaves=31
num_cat=0
split_feature=7 5 3 7 7 7 3 7 3 5 5 4 4 3 3 2 4 2 3 4 4 4 2 6 5 4 2 2 3 2
split_gain=2559.06 597.485 274.984 216.575 199.057 143.382 123.212 101.965 77.6616 52.9764 48.4397 41.8192 39.1802 38.5222 37.8612 35.0615 30.7902 30.5096 29.5694 28.6855 24.5278 24.4917 23.0654 22.4415 22.1322 21.8796 19.1239 18.3525 17.6793 17.3942
threshold=5.5000000000000009 3.5000000000000004 1.0000000180025095e-35 2.5000000000000004 9.5000000000000018 9.5000000000000018 1.0000000180025095e-35 9.5000000000000018 1.0000000180025095e-35 3.5000000000000004 2.5000000000000004 686.50000000000011 622.50000000000011 1.5000000000000002 1.5000000000000002 16448.500000000004 623.50000000000011 13780.500000000002 1.0000000180025095e-35 672.50000000000011 615.50000000000011 681.50000000000011 13234.500000000002 163.50000000000003 4.5000000000000009 727.50000000000011 12486.500000000002 14809.500000000002 1.0000000180025095e-35 16097.500000000002
decision_type=2 2 2 2 2 2 2 2 2 2 2 2 2 2 2 2 2 2 2 2 2 2 2 2 2 2 2 2 2 2
left_child=3 4 5 -1 8 12 10 17 22 28 20 15 -3 16 -8 -7 -9 25 -11 23 -6 -12 -2 29 -19 -4 -14 -18 -5 -10
right_child=1 2 7 9 6 11 14 13 19 18 21 -13 26 -15 -16 -17 27 24 -20 -21 -22 -23 -24 -25 -26 -27 -28 -29 -30 -31
leaf_value=-0.018752399674544021 -0.0057778587139353061 0.014127647412328246 0.018535666220679887 -0.012807542961660746 0.0095668505114116474 0.01978224536394654 0.015116125356028571 0.045234406003491351 0.0049802724943112976 -0.0074257538831685099 0.015395582708506049 0.012952078929689005 0.0014056719010074568 0.052435693041528668 0.032726238064433366 0.03653947171164388 0.025275276199877957 0.017939412716569712 0.00071265758201893771 0.00076532355286927439 0.00015554293119368851 0.0052257197968859463 -0.00055598963774836855 0.024764134239711407 0.034573169478979586 0.0041183434832038649 0.0077360844323793509 0.039481072814257126 -0.0076944002173282254 0.019966557766623927
leaf_weight=9404.5195972919464 5608.5097646713257 1289.8866195678711 1141.4753422737122 6430.027321100235 843.11845302581787 2343.5655725002289 2231.796933889389 354.67739009857178 1088.5777592658997 4237.6504771709442 1254.1998772621155 2405.9493365287781 2597.6810922622681 275.02765202522278 353.57175016403198 360.11821341514587 977.95526814460754 356.56935024261475 1515.1561045646667 1740.6022865772247 3870.3518612384796 1121.2781913280487 3394.6798586845398 223.82010626792908 455.36853575706482 341.99715948104858 2206.332813501358 296.21987366676331 2293.5692930221558 235.51302933692932
leaf_count=4858 2691 572 485 3213 389 984 975 134 495 2071 553 1025 1186 107 150 146 385 150 721 800 1792 504 1626 101 192 148 995 112 1135 106
internal_value=-6.01914e-05 0.00810994 0.0156601 -0.0128448 0.00281571 0.01157 0.00818082 0.0265723 -0.00140696 -0.00900696 0.00477315 0.0177472 0.00639048 0.0351272 0.0175245 0.0220142 0.0322048 0.0194765 -0.00528228 0.00516909 0.00183898 0.0105952 -0.00380894 0.0101211 0.0272683 0.0152119 0.00431303 0.0285778 -0.0114632 0.00764585
internal_weight=61249.8 37368.8 15402.8 23880.9 21966 11203.5 9674.32 4199.29 12291.7 14476.4 7088.95 5109.63 6093.9 1903.88 2585.37 2703.68 1628.85 2295.41 5752.81 3288.51 4713.47 2375.48 9003.19 1547.91 811.938 1483.47 4804.01 1274.18 8723.6 1324.09
internal_count=28801 16803 6621 11998 10182 4908 4363 1713 5819 7140 3238 2155 2753 738 1125 1130 631 975 2792 1502 2181 1057 4317 702 342 633 2181 497 4348 601
is_linear=0
shrinkage=0.05


Tree=6
num_leaves=31
num_cat=0
split_feature=7 3 7 7 7 1 1 1 1 3 4 3 4 3 4 2 4 2 3 2 2 7 1 6 4 2 4 7 6 4
split_gain=2442.83 422.614 243.376 212.416 173.803 122.27 77.9284 74.1001 67.4188 51.7578 48.1532 45.4005 40.5413 38.6719 36.1424 34.5433 28.2767 28.0327 27.1268 26.9027 25.4823 24.898 21.9642 21.4364 20.109 18.576 18.2825 19.2258 17.2777 16.9844
threshold=5.5000000000000009 1.0000000180025095e-35 9.5000000000000018 2.5000000000000004 9.5000000000000018 10.500000000000002 10.500000000000002 11.500000000000002 8.5000000000000018 1.0000000180025095e-35 683.50000000000011 1.5000000000000002 681.50000000000011 1.5000000000000002 662.50000000000011 10207.500000000002 678.50000000000011 13780.500000000002 1.5000000000000002 10293.500000000002 15951.500000000002 4.5000000000000009 12.500000000000002 142.50000000000003 601.50000000000011 13411.500000000002 705.50000000000011 8.5000000000000018 119.50000000000001 581.50000000000011
decision_type=2 2 2 2 2 2 2 2 2 2 2 2 2 2 2 2 2 2 2 2 2 2 2 2 2 2 2 2 2 2
left_child=3 2 8 -1 7 14 18 17 23 21 15 20 19 16 -4 -7 -9 26 24 -10 -8 -5 -11 -2 -6 -12 27 -3 -26 -17
right_child=1 4 5 9 6 10 11 13 12 22 25 -13 -14 -15 -16 29 -18 -19 -20 -21 -22 -23 -24 -25 28 -27 -28 -29 -30 -31
leaf_value=-0.018470274501372352 -0.0050439026326031828 0.0026150565651148509 0.0097525734772155072 -0.012287881582193474 0.028313340659005971 0.012096588256540286 0.025325218619549051 0.020684805887506676 0.0010542738054631605 -0.0065204250748620756 0.0073558445441528593 0.048565283548648142 -3.9145880725153227e-05 0.03293963822264042 0.0022995123596212608 0.035756507574509176 0.0086298587139467392 0.012234412903465441 0.030596362532228468 0.0095337532548907273 0.041390325054216935 -0.0071501581394987608 0.0014572841211550403 0.0011956679616965933 0.0079402696726539185 0.01597591454629917 -0.003505258677969011 0.015965837048929597 0.017950717514499441 0.021898221585983035
leaf_weight=9238.8884652853012 4771.204060792923 1040.2880427837372 2793.373733997345 6992.8490370512009 257.79691648483276 954.61571598052979 1635.9454662799835 1020.5635075569153 1367.6645863056183 2490.6002578735352 1666.9198949337006 303.15602898597717 4207.321373462677 352.26564431190491 3894.3884861469269 254.18509078025818 929.4923574924469 1185.797048330307 338.29116272926331 2959.5770008563995 290.69947409629822 3557.872132062912 1320.0668148994446 1934.6831693649292 797.9972927570343 999.8730571269989 771.43100690841675 364.01428627967834 937.35428047180176 1698.1439731121063
leaf_count=4863 2268 472 1246 3510 105 405 647 427 633 1220 722 114 1960 148 1755 106 405 524 137 1355 111 1772 644 917 336 429 350 159 396 704
internal_value=6.09473e-05 0.00795359 0.00472682 -0.0125561 0.0166325 0.00997072 0.0238965 0.0107825 0.000507913 -0.00875143 0.0154399 0.0305793 0.00345572 0.017693 0.00541254 0.0198912 0.0149388 0.00604953 0.0175051 0.00685374 0.0277492 -0.0105554 -0.00375684 -0.00324375 0.0152832 0.0105878 0.0026787 0.00607576 0.0133474 0.0237025
internal_weight=61327.3 37727 27502 23600.3 10225.1 12261.5 4561.24 5663.85 15240.5 14361.4 5573.74 2229.8 8534.56 2302.32 6687.76 2906.94 1950.06 3361.53 2331.44 4327.24 1926.64 10550.7 3810.67 6705.89 1993.15 2666.79 2175.73 1404.3 1735.35 1952.33
internal_count=28840 16831 12500 12009 4331 5367 1846 2485 7133 7146 2366 872 3948 980 3001 1215 832 1505 974 1988 758 5282 1864 3185 837 1151 981 631 732 810
is_linear=0
shrinkage=0.05


Tree=7
num_leaves=31
num_cat=0
split_feature=5 3 3 1 1 1 1 3 5 4 2 4 5 2 4 5 4 6 4 3 2 4 4 2 4 4 2 2 1 1
split_gain=569 224.836 194.982 103.302 101.072 69.7908 66.9725 55.4891 50.1429 41.6368 37.105 36.4935 33.6852 30.3486 27.7065 27.1225 25.3632 24.8967 24.4661 24.2559 24.1014 22.1277 21.6153 21.3061 19.7402 17.4008 17.3453 15.889 15.1227 14.2702
threshold=3.5000000000000004 1.0000000180025095e-35 1.0000000180025095e-35 10.500000000000002 8.5000000000000018 7.5000000000000009 11.500000000000002 1.5000000000000002 2.5000000000000004 681.50000000000011 16304.500000000002 713.50000000000011 2.5000000000000004 15951.500000000002 683.50000000000011 1.5000000000000002 686.50000000000011 133.50000000000003 676.50000000000011 1.5000000000000002 13742.500000000002 602.50000000000011 645.50000000000011 11877.500000000002 678.50000000000011 623.50000000000011 8679.5000000000018 13456.500000000002 4.5000000000000009 11.500000000000002
decision_type=2 2 2 2 2 2 2 2 2 2 2 2 2 2 2 2 2 2 2 2 2 2 2 2 2 2 2 2 2 2
left_child=2 4 6 11 13 25 15 18 21 10 17 19 16 22 -10 -1 29 -6 26 -3 -14 -8 -2 -11 -17 28 -5 -27 -4 -7
right_child=1 3 5 7 9 12 8 -9 14 23 -12 -13 20 -15 -16 24 -18 -19 -20 -21 -22 -23 -24 -25 -26 27 -28 -29 -30 -31
leaf_value=-0.011218881089790101 0.0015039579921473142 0.0093011140987088684 -0.001608095998413642 0.011339931072115457 0.0046872840196558983 0.00045165744753567297 0.0012455120913668705 0.036131671071925074 0.0056758785139421272 -0.00051729406247847862 0.020091925958982491 0.0006737463814016052 0.0070194687740847347 0.0056244544165330408 -0.0029908911060498792 -0.0046574620021341447 -0.0016233710616184783 0.012426924777448049 0.012732783268975718 0.024052603555444682 0.018892287909170847 -0.0067846682314539677 -0.0045817842752225862 0.0060416357224597067 -0.0089679976152435004 -0.0075304622062928152 0.025074553298363351 0.00015440601212885423 0.012948581707804184 0.0092484858457770845
leaf_weight=5279.0575240850449 2130.3886542320251 2105.162645816803 521.07626092433929 293.06705951690674 2688.3223844766617 674.42159008979797 999.04975736141205 456.02974236011505 1930.8219180107117 2344.5239967107773 697.88888704776764 1227.3060294389725 1339.1427216529846 1320.0357983112335 1765.2413129806519 5259.8173435926437 1777.5656501054764 1693.6782824993134 1422.9788365364075 321.18248403072357 627.83679890632629 6071.0692660808563 4630.2056051492691 2623.8301347494125 5365.2710963487625 2003.0288013219833 1066.0506850481033 1012.6614236831665 271.32303106784821 1456.9623539447784
leaf_count=2616 995 931 244 124 1218 310 481 184 904 1093 305 554 612 613 850 2575 826 759 605 139 282 2956 2185 1198 2647 961 433 482 124 663
internal_value=-2.76351e-05 0.00577545 -0.00402157 0.0134627 0.00285309 0.00205524 -0.00622807 0.0199652 -0.00318278 0.00620103 0.00938408 0.00769984 0.00547233 -0.00131006 0.00153663 -0.00828955 0.00278685 0.00767872 0.0173152 0.0112538 0.0108091 -0.00564996 -0.00266405 0.00294653 -0.00683412 -0.00321738 0.022113 -0.0049499 0.00337621 0.00646496
internal_weight=61375 25020.7 36354.3 6891.78 18128.9 9684.02 26670.3 3238.13 10766.2 10048.2 5079.89 3653.65 5875.93 8080.63 3696.06 15904.1 3908.95 4382 2782.1 2426.35 1966.98 7070.12 6760.59 4968.35 10625.1 3808.09 1359.12 3015.69 792.399 2131.38
internal_count=28869 11336 17533 2970 8366 4504 13029 1346 5191 4573 2282 1624 2693 3793 1754 7838 1799 1977 1162 1070 894 3437 3180 2291 5222 1811 557 1443 368 973
is_linear=0
shrinkage=0.05


Tree=8
num_leaves=31
num_cat=0
split_feature=7 5 7 7 3 3 7 3 7 5 4 5 4 4 4 2 3 2 5 2 5 4 7 5 5 6 4 5 7 6
split_gain=2357.33 530.253 213.511 207.674 174.186 123.446 99.6148 86.9332 67.5378 51.1687 39.332 39.2729 39.2627 35.4091 34.5004 32.0877 28.2821 26.7508 24.876 24.6722 24.0261 23.2094 22.4488 21.4716 20.0204 24.0502 18.9357 18.7407 17.1814 16.7822
threshold=5.5000000000000009 3.5000000000000004 2.5000000000000004 9.5000000000000018 1.0000000180025095e-35 1.0000000180025095e-35 9.5000000000000018 1.0000000180025095e-35 8.5000000000000018 3.5000000000000004 675.50000000000011 2.5000000000000004 686.50000000000011 600.50000000000011 701.50000000000011 16097.500000000002 1.0000000180025095e-35 13536.500000000002 2.5000000000000004 13780.500000000002 2.5000000000000004 693.50000000000011 7.5000000000000009 4.5000000000000009 4.5000000000000009 144.50000000000003 668.50000000000011 4.5000000000000009 1.5000000000000002 157.50000000000003
decision_type=2 2 2 2 2 2 2 2 2 2 2 2 2 2 2 2 2 2 2 2 2 2 2 2 2 2 2 2 2 2
left_child=2 4 28 7 6 12 18 13 17 -4 20 26 15 -3 23 24 -11 -6 -2 -9 -10 -13 29 -7 -5 -26 -8 -21 -1 -15
right_child=1 3 9 5 8 14 11 19 10 16 -12 21 -14 22 -16 -17 -18 -19 -20 27 -22 -23 -24 -25 25 -27 -28 -29 -30 -31
leaf_value=-0.020717224529578082 -0.0055736428140324805 0.015677001744143961 -0.01125547021634507 0.013774001834767201 -0.0007101769900457887 0.029497650537955472 0.0051856992109250493 0.01341581864468943 0.01547590615828243 -0.0072758790672405567 0.0089088585798914079 0.013586920318866167 0.01204185765630357 -0.00054626566501862186 0.022747697581488108 0.033235774847726447 0.00059983973189760265 0.010237045615021052 -1.7779207255156685e-05 0.015383583801862943 0.027917097901569699 0.0034577263303962194 0.0078134204835634234 0.042421848056518947 0.018503398270272205 0.034063545037729084 -0.0011934831199590572 0.030124783613282136 -0.01638034475114827 0.0098244915503998623
leaf_weight=4608.4172379970551 5886.5923501253128 824.5637674331665 8439.0548038482666 1186.4280800819397 1513.3242018222809 632.28327178955078 2088.9579875469208 1559.6775867938995 1239.2950639724731 4224.2562491893768 1788.7776031494141 1414.7682762145996 2482.9729323387146 2188.7740888595581 781.89102387428284 429.69057035446167 1561.2031946182251 884.03939151763916 3063.0974268913269 374.25848531723022 564.96786236763 942.12918066978455 2631.5236608982086 653.52078032493591 882.70595216751099 345.54302835464478 2625.2569134235382 508.60674691200256 4527.205628991127 474.69600796699524
leaf_count=2487 2859 357 4310 482 697 228 953 642 516 2097 765 608 1037 990 288 164 735 396 1473 150 227 422 1176 229 359 136 1220 201 2414 213
internal_value=-0.000105841 0.00758326 -0.0126033 0.014523 0.00255224 0.0206607 -0.000167579 0.00922196 0.00982616 -0.00877248 0.0141628 0.004268 0.0166361 0.00603898 0.03103 0.0206466 -0.00515062 0.00332666 -0.00367211 0.0171966 0.0193716 0.00953795 0.0045381 0.0360665 0.0184063 0.0228809 0.00163325 0.0238758 -0.0185681 0.00130206
internal_weight=61328.5 37968.3 23360.1 15957.1 22011.2 7395.04 16020.8 8562.1 5990.4 14224.5 3593.04 7071.11 5327.34 6119.56 2067.7 2844.37 5785.46 2397.36 8949.69 2442.54 1804.26 2356.9 5294.99 1285.8 2414.68 1228.25 4714.21 882.865 9135.62 2663.47
internal_count=28831 16788 12043 6652 10136 2923 7535 3729 2601 7142 1508 3203 2178 2736 745 1141 2832 1093 4332 993 743 1030 2379 457 977 495 2173 351 4901 1203
is_linear=0
shrinkage=0.05


Tree=9
num_leaves=31
num_cat=0
split_feature=5 3 3 1 1 1 1 3 4 4 2 5 4 4 4 3 4 2 1 4 2 2 6 3 4 2 5 5 4 2
split_gain=513.089 210.077 167.026 97.2285 85.378 72.4323 68.3207 46.0198 41.2791 39.626 36.7798 32.8923 32.8574 32.4453 27.3794 23.2078 23.1859 19.0557 18.6058 18.4877 18.3172 18.1358 17.5981 17.5876 16.7187 16.0106 14.5263 14.164 13.8379 13.8058
threshold=3.5000000000000004 1.0000000180025095e-35 1.0000000180025095e-35 10.500000000000002 10.500000000000002 9.5000000000000018 7.5000000000000009 1.5000000000000002 681.50000000000011 656.50000000000011 16097.500000000002 2.5000000000000004 712.50000000000011 714.50000000000011 645.50000000000011 1.5000000000000002 676.50000000000011 9720.5000000000018 15.500000000000002 587.50000000000011 10207.500000000002 9343.5000000000018 106.50000000000001 1.5000000000000002 635.50000000000011 7118.5000000000009 1.5000000000000002 1.5000000000000002 656.50000000000011 15125.500000000002
decision_type=2 2 2 2 2 2 2 2 2 2 2 2 2 2 2 2 2 2 2 2 2 2 2 2 2 2 2 2 2 2
left_child=2 3 5 10 13 19 28 16 11 20 14 -7 15 23 -2 25 21 -11 -19 -1 -5 -6 -12 -3 -17 -8 -21 -27 -4 -18
right_child=1 4 6 9 7 8 12 -9 -10 17 22 -13 -14 -15 -16 24 29 18 -20 26 -22 -23 -24 -25 -26 27 -28 -29 -30 -31
leaf_value=-0.0026512171623905376 0.0021421771447031443 0.0091213678929169071 0.00054336604832821121 0.0052842931635422412 0.010831228232899779 -0.0030331748649074825 -0.0041429506875883841 0.032541445993446681 -0.0060705325709237744 -0.0010562127849209864 -0.00076534810920599484 0.0042942640002177727 -0.00030653880978638668 0.00082810650214731039 -0.0040049530982468736 0.027104668781735813 0.0090849098573427545 0.0027860894374266893 0.0098053450452260452 -0.0115616861447511 0.013625789403201636 0.02396322168797111 0.0102966551308176 0.021033528440348056 0.010387194280325045 0.0020813215824200281 -0.0078401272536110164 0.0094903626007799748 -0.0057162849065923761 0.020659609511559388
leaf_weight=1228.6924388408661 2684.3206691741943 2153.1262753009796 1407.0279021263123 941.43640387058258 349.12584936618805 4420.5175620317459 343.22208714485168 503.74135971069336 6516.9647768735886 1373.4037773609161 558.92812383174896 2343.4660024642944 1841.1492788791656 1194.5884529352188 5570.4120961427689 233.95108103752136 1124.8983627557755 2196.2419322729111 1655.8581017255783 3960.7828810214996 2186.9686872959137 1064.7130988836288 1007.8027774095535 361.94917070865631 414.5788699388504 925.28640806674957 7757.8980959653854 2129.976481795311 2370.1170257329941 334.14763963222504
leaf_count=609 1241 933 660 423 143 2166 159 193 3209 638 257 1097 853 532 2635 102 471 999 741 2005 951 414 457 151 185 420 3877 957 1144 133
internal_value=8.76293e-05 0.0055468 -0.0037545 0.00269974 0.0128491 -0.005825 0.00186414 0.0186017 -0.00323066 0.00666497 -0.000672988 -0.000494493 0.00523104 0.00761303 -0.00200599 0.0077503 0.0161574 0.00400049 0.00580338 -0.00848618 0.0111156 0.0207205 0.00635031 0.0108357 0.0164179 0.00609628 -0.00909797 0.00724653 -0.0033845 0.0117357
internal_weight=61155.3 25261.7 35893.6 18175.4 7086.29 26228.3 9665.31 3376.63 13280.9 8353.91 9821.46 6763.98 5888.16 3709.66 8254.73 4047.01 2872.88 5225.5 3852.1 12947.4 3128.41 1413.84 1566.73 2515.08 648.53 3398.48 11718.7 3055.26 3777.14 1459.05
internal_count=28755 11312 17443 8342 2970 12963 4480 1354 6472 3752 4590 3263 2676 1616 3876 1823 1161 2378 1740 6491 1374 557 714 1084 287 1536 5882 1377 1804 604
is_linear=0
shrinkage=0.05


Tree=10
num_leaves=31
num_cat=0
split_feature=7 5 7 7 7 3 3 3 3 1 5 1 1 1 2 3 1 5 5 1 7 1 1 2 4 2 7 4 4 7
split_gain=2262.59 459.216 213.439 185.581 150.206 102.43 86.5514 68.7612 67.3071 60.5653 50.5428 44.9219 43.7201 36.9516 35.0348 34.275 31.9238 29.8529 29.0864 27.4505 26.5816 23.3298 21.5007 22.4598 21.3336 21.0913 20.9756 18.6548 18.5001 18.2863
threshold=5.5000000000000009 3.5000000000000004 2.5000000000000004 10.500000000000002 9.5000000000000018 1.0000000180025095e-35 1.0000000180025095e-35 1.0000000180025095e-35 1.0000000180025095e-35 14.500000000000002 2.5000000000000004 9.5000000000000018 11.500000000000002 8.5000000000000018 10559.000000000002 1.0000000180025095e-35 8.5000000000000018 2.5000000000000004 1.5000000000000002 5.5000000000000009 8.5000000000000018 10.500000000000002 4.5000000000000009 13282.500000000002 624.50000000000011 14233.500000000002 7.5000000000000009 725.50000000000011 721.50000000000011 4.5000000000000009
decision_type=2 2 2 2 2 2 2 2 2 2 2 2 2 2 2 2 2 2 2 2 2 2 2 2 2 2 2 2 2 2
left_child=2 4 -1 5 8 9 11 13 16 26 -4 -6 -7 -5 -11 29 -2 -13 -10 -9 -16 -8 -20 -24 -23 -21 -3 -18 -15 -12
right_child=1 3 10 7 6 12 21 19 18 14 15 17 -14 28 20 -17 27 -19 22 25 -22 24 23 -25 -26 -27 -28 -29 -30 -31
leaf_value=-0.018411509355163648 -0.0066743934927756474 0.0010909462702142984 -0.012239434389700557 0.012035201474307833 0.00050074642135153054 0.012745520887224974 0.010600777376649403 0.01875348516909791 -0.0016087249504442387 0.0055013961911426698 -0.0099905447466795 0.0050787447086849281 0.024633838937114669 0.025262901342287803 0.013406469427149195 -0.00092017197870323522 0.0012109933112946 0.014557724415321209 -0.00027770696140144951 0.030064298443683524 0.027700073231593958 0.031609529605024417 0.0061663417516739259 0.017748767351496542 0.016354788041640596 0.044844948673332143 0.0071276172489923226 -0.0057882836133321723 0.014554311600616611 -0.0042960463154512003
leaf_weight=8904.9820077419281 3830.9276294708252 2363.020843744278 5567.9858597517014 1508.2274332046509 3545.2017431259155 1783.1106190681458 1397.1194009780884 367.11772322654724 1098.1656589508057 672.58671569824219 4120.9752665758133 2367.2588107585907 1365.6643948554993 1486.2603302001953 762.37583661079407 2312.9275417327881 3680.8390386104584 1279.610363483429 551.8997974395752 814.30311799049377 567.3020236492157 300.32533621788025 988.84980869293213 725.72634482383728 967.60752725601196 343.02504014968872 3679.9584743976593 1284.072474360466 553.53022313117981 2142.8690987825394
leaf_count=4869 1919 1065 2894 633 1656 724 592 135 495 290 2095 1075 495 561 324 1103 1757 530 254 273 223 115 436 311 385 109 1594 622 223 1076
internal_value=2.89589e-05 0.0074805 -0.0123476 0.0138515 0.00277365 0.0102564 0.00736065 0.0217852 -0.000944519 0.00726423 -0.00852994 0.0045086 0.0179016 0.0179693 0.0148009 -0.00612176 -0.0032452 0.00840472 0.00506991 0.0306663 0.0195048 0.0150574 0.00830588 0.0110688 0.0199681 0.0344452 0.00476706 -0.000599226 0.022357 -0.00804245
internal_weight=61333.8 38284.1 23049.7 16266.5 22017.6 11194 9857.12 5072.46 12160.5 8045.24 14144.8 7192.07 3148.78 3548.02 2002.26 8576.77 8795.84 3646.87 3364.64 1524.45 1329.68 2665.05 2266.48 1714.58 1267.93 1157.33 6042.98 4964.91 2039.79 6263.84
internal_count=28833 16796 12037 6649 10147 4715 4353 1934 5794 3496 7168 3261 1219 1417 837 4274 4298 1605 1496 517 547 1092 1001 747 500 382 2659 2379 784 3171
is_linear=0
shrinkage=0.05


Tree=11
num_leaves=31
num_cat=0
split_feature=7 5 7 3 1 5 7 3 1 7 3 7 2 1 3 2 3 7 4 1 7 4 7 2 2 6 2 1 7 5
split_gain=2136.44 414.716 358.514 213.975 113.893 78.5308 78.0568 63.3892 55.932 48.3287 37.7349 35.5199 35.4725 33.576 30.8916 29.7157 27.995 27.5969 27.5868 24.9028 24.8134 24.0369 23.1663 20.6136 19.8614 19.4297 18.9644 18.6548 18.2398 17.8205
threshold=6.5000000000000009 2.5000000000000004 3.5000000000000004 1.0000000180025095e-35 7.5000000000000009 3.5000000000000004 10.500000000000002 1.0000000180025095e-35 10.500000000000002 1.5000000000000002 1.5000000000000002 8.5000000000000018 14507.500000000002 4.5000000000000009 1.5000000000000002 13234.500000000002 1.0000000180025095e-35 9.5000000000000018 644.50000000000011 11.500000000000002 11.500000000000002 734.50000000000011 8.5000000000000018 12114.500000000002 11619.500000000002 141.50000000000003 13659.500000000002 16.500000000000004 10.500000000000002 4.5000000000000009
decision_type=2 2 2 2 2 2 2 2 2 2 2 2 2 2 2 2 2 2 2 2 2 2 2 2 2 2 2 2 2 2
left_child=2 7 9 4 18 16 12 15 11 -1 19 26 25 -9 20 27 -4 24 28 -7 -10 23 -14 -8 -15 -6 -5 -2 -3 -13
right_child=1 3 5 8 6 10 21 13 14 -11 -12 29 22 17 -16 -17 -18 -19 -20 -21 -22 -23 -24 -25 -26 -27 -28 -29 -30 -31
leaf_value=-0.020497366357025971 -0.0044814729823078247 0.0053455219113547987 -0.0096323779753965007 0.0025862208613005944 0.0049935386416702782 -0.0040798945305154854 0.016987646177919185 -0.0017251115138244072 0.021061589362747216 -0.014102984399401088 0.018701565987250375 0.016091147886510369 0.0097369180523665874 -0.0018395238841445603 0.03810023621664415 0.002651366477760942 -0.0031527350729162319 0.014420222496592276 0.0016060138707056034 0.0026013732640051534 0.033264503792403852 0.010941811836581682 0.021573412584999844 0.025893468509238255 0.010316499450592855 0.012555280890313561 0.017393470584635473 0.0037094128348522729 0.01572978512933804 0.025874161763818383
leaf_weight=4409.1520303487778 4678.6402438879013 1186.4209570884705 6366.4353903532028 601.84962177276611 3017.824903011322 3356.7282620668411 1312.865974187851 867.80933499336243 2029.8162050247192 8959.3028692007065 245.80279445648193 1264.6499865055084 811.48676538467407 652.46492695808411 426.66792774200439 3458.7996898889542 2258.2027509212494 1416.5789997577667 3841.4574424028397 2386.0181005001068 524.15259861946106 697.49088621139526 842.62378859519958 1286.4054324626923 692.82885980606079 1182.3067212104797 337.49589371681213 816.43584036827087 657.06666684150696 736.63659906387329
leaf_count=2476 2243 533 3287 259 1313 1600 512 388 737 4790 100 495 356 289 143 1639 1107 570 1732 1108 172 287 340 486 298 509 138 380 277 269
internal_value=-0.000107474 0.00844231 -0.0102947 0.0127842 0.00957703 -0.00488153 0.01303 0.0012802 0.0208197 -0.016212 -0.000482801 0.0159273 0.0095646 0.00685395 0.0256465 -0.000979258 -0.0079358 0.00954958 0.00401886 -0.00130394 0.023566 0.0191836 0.0157666 0.0213952 0.00442085 0.00712211 0.00790629 -0.0032645 0.00904674 0.0196921
internal_weight=61322.4 33340.8 27981.6 20757.2 14835.9 14613.2 9151 12583.6 5921.27 13368.5 5988.55 2940.63 5854.24 3629.68 2980.64 8953.88 8624.64 2761.87 5684.95 5742.75 2553.97 3296.76 1654.11 2599.27 1345.29 4200.13 939.346 5495.08 1843.49 2001.29
internal_count=28833 14365 14468 8558 6345 7202 3803 5807 2213 7266 2808 1161 2518 1545 1052 4262 4394 1157 2542 2708 909 1285 696 998 587 1822 397 2623 810 764
is_linear=0
shrinkage=0.05


Tree=12
num_leaves=31
num_cat=0
split_feature=7 5 7 7 3 1 7 3 3 5 1 4 2 4 7 5 4 3 6 4 4 3 6 5 5 1 1 7 2 2
split_gain=2032.2 407.696 234.316 209.848 139.912 93.7292 79.0625 70.3828 50.4221 48.285 44.9945 39.0003 38.7958 35.0668 31.3781 29.7649 27.9691 25.9635 25.738 21.3626 20.9307 20.5597 19.6797 20.1109 19.3661 18.9244 17.9563 16.5151 14.3562 14.0095
threshold=5.5000000000000009 2.5000000000000004 8.5000000000000018 2.5000000000000004 1.0000000180025095e-35 10.500000000000002 9.5000000000000018 1.0000000180025095e-35 1.0000000180025095e-35 2.5000000000000004 10.500000000000002 683.50000000000011 14752.000000000002 625.50000000000011 3.5000000000000004 4.5000000000000009 674.50000000000011 1.0000000180025095e-35 106.50000000000001 599.50000000000011 661.50000000000011 1.0000000180025095e-35 118.50000000000001 4.5000000000000009 4.5000000000000009 5.5000000000000009 8.5000000000000018 1.5000000000000002 14046.500000000002 8843.5000000000018
decision_type=2 2 2 2 2 2 2 2 2 2 2 2 2 2 2 2 2 2 2 2 2 2 2 2 2 2 2 2 2 2
left_child=3 6 7 27 5 20 16 15 26 -5 -9 12 18 -6 -11 29 21 -16 -7 -17 -4 -2 -15 -24 -13 -10 -8 -1 -22 -3
right_child=1 2 4 9 13 11 8 10 25 14 -12 24 -14 22 17 19 -18 -19 -20 -21 28 -23 23 -25 -26 -27 -28 -29 -30 -31
leaf_value=-0.020346833679082084 -0.002243957328527015 -0.0058636910548299495 0.010958724160749436 -0.01190756552500661 0.031443320932728031 0.009838211366490289 -0.0016837922526660295 0.0055712766177374697 0.0034013587125322781 -0.010232478307008117 0.018341440769083506 0.0087084683606702181 0.03151420348677688 0.016209580665006953 -0.0057585590837331913 0.019421369437538041 -0.005775731912013281 0.001900981673194514 0.021916628984158311 0.0049210799466882721 0.0024172636580323051 0.0057977018914037908 0.019822989788107939 0.031201144383435905 0.018444020551739621 0.014587630771641137 0.004507899037701435 -0.015967292185439859 0.0097248687904258925 0.0011564648077190933
leaf_weight=4316.853489279747 2718.5814740657806 885.81553113460541 2299.6541919708252 5386.2882974147797 905.41422319412231 696.61833834648132 2175.3713700771332 1455.5661578178406 529.56675815582275 2740.3291145563126 1311.0742268562317 1464.0226056575775 665.56072783470154 1532.6941730976105 4142.4790147542953 288.13146090507507 4261.6767827272415 1509.5259041786194 1202.2446236610413 2144.5129389762878 2169.0836253166199 1123.1931617259979 1041.3807759284973 619.30655646324158 784.54869842529297 1321.7682113647461 2536.0324277877808 4293.6262582540512 973.83427262306213 3594.2804017066956
leaf_count=2474 1336 414 972 2862 302 268 1029 614 228 1414 492 603 240 549 2107 120 2070 714 456 952 958 491 386 208 308 521 1150 2405 417 1660
internal_value=-4.98596e-05 0.00688655 0.0108955 -0.0120396 0.0149496 0.0118289 0.000317006 0.00488338 0.00439634 -0.00821295 0.0116229 0.0169119 0.0211265 0.0227579 -0.0058417 0.00218607 -0.00298672 -0.00371286 0.0174855 0.00663855 0.00733384 0.000107127 0.0202953 0.0240662 0.0121053 0.0113878 0.00164904 -0.018163 0.00468153 -0.000231578
internal_weight=61089 38699.9 24033.7 22389.1 14354.4 10255.6 14666.2 9679.38 6562.74 13778.6 2766.64 4812.99 2564.42 4098.8 8392.33 6912.74 8103.45 5652 1898.86 2432.64 5442.57 3841.77 3193.38 1660.69 2248.57 1851.33 4711.4 8610.48 3142.92 4480.1
internal_count=28720 16744 9919 11976 5667 4222 6825 4252 2928 7097 1106 1875 964 1445 4235 3146 3897 2821 724 1072 2347 1827 1143 594 911 749 2179 4879 1375 2074
is_linear=0
shrinkage=0.05


Tree=13
num_leaves=31
num_cat=0
split_feature=7 5 7 7 7 1 3 3 5 3 3 3 1 1 3 1 3 7 5 2 5 2 6 7 1 7 6 1 2 7
split_gain=1979.25 383.729 194.431 153.343 139.882 79.48 78.6387 52.8174 48.5149 47.4678 42.3625 32.4685 32.3943 27.822 27.0792 26.7093 26.6552 26.148 25.0288 24.8888 21.6711 21.2403 20.196 20.1903 18.5081 18.405 18.1082 15.9482 15.0024 14.7384
threshold=5.5000000000000009 3.5000000000000004 2.5000000000000004 10.500000000000002 9.5000000000000018 13.500000000000002 1.0000000180025095e-35 1.0000000180025095e-35 2.5000000000000004 1.0000000180025095e-35 1.0000000180025095e-35 1.0000000180025095e-35 9.5000000000000018 8.5000000000000018 1.0000000180025095e-35 7.5000000000000009 1.5000000000000002 7.5000000000000009 1.5000000000000002 10647.500000000002 1.5000000000000002 14702.500000000002 104.50000000000001 4.5000000000000009 6.5000000000000009 1.5000000000000002 119.50000000000001 6.5000000000000009 13282.500000000002 7.5000000000000009
decision_type=2 2 2 2 2 2 2 2 2 2 2 2 2 2 2 2 2 2 2 2 2 2 2 2 2 2 2 2 2 2
left_child=2 4 25 5 7 10 12 13 -4 15 22 17 -6 -2 23 -5 27 -7 -9 -19 -14 26 -3 -10 -20 -1 -11 -8 -26 -12
right_child=1 3 8 9 6 11 16 18 14 21 29 -13 20 -15 -16 -17 -18 19 24 -21 -22 -23 -24 -25 28 -27 -28 -29 -30 -31
leaf_value=-0.020273206664420645 -0.0064223926400421433 -0.00010495082416133123 -0.01197922360999691 0.010746335059472825 0.00068664990823121539 0.0059240114268297442 0.0061366657199390367 -0.0020203711570552295 -0.0096984795182638965 0.016841655527330489 0.0073217015801983355 0.02276112800366252 0.0016846493047780013 -0.00073691226568426576 -0.0012143378127902936 0.019570637666777399 0.026200337056714623 0.0072956588628582762 0.00041409651357779523 0.020840733341424288 0.009987738469387759 0.036102620168272058 0.0062274424978548794 -0.0036375678010519587 0.0058288315700349277 -0.015601971848467233 0.029018546556115729 0.014848781790645325 0.015526454093083572 0.015643493526967988
leaf_weight=4192.2199658155441 3781.1963783502579 1907.0296368598938 5392.9786816835403 1357.6721131801605 3542.8868608474731 980.38334393501282 776.65999937057495 1135.5219559669495 4018.2976076602936 587.93997311592102 897.32916045188904 1052.7334775924683 1142.7961692810059 4993.2856291532516 2254.9296532869339 2327.7077929973602 385.07060766220093 505.83777189254761 732.86593818664551 1029.1219990253448 2516.0120203495026 428.34715914726257 3706.1236886978149 2088.0819246768951 931.23849773406982 4242.847755074501 635.12330317497253 1623.0637593269348 697.54673218727112 1307.0519957542419
leaf_count=2452 1916 834 2900 557 1649 421 327 513 2099 192 356 356 514 2398 1084 849 142 208 333 394 1060 127 1608 1063 400 2415 199 624 287 487
internal_value=-2.62172e-05 0.00675957 -0.011947 0.012483 0.00245962 0.00920492 0.00685354 -0.00111608 -0.0082817 0.0194764 0.00638262 0.0153885 0.00409448 -0.00318696 -0.00589682 0.0163198 0.0139887 0.0123028 0.0040798 0.016377 0.00739434 0.0265208 0.00407606 -0.00762595 0.00701286 -0.0179236 0.023165 0.0120291 0.00998195 0.012256
internal_weight=61169.9 38980.5 22189.4 16722.4 22258.1 11385.6 9986.49 12271.7 13754.3 5336.79 7817.53 3568.08 7201.7 8774.48 8361.31 3685.38 2784.79 2515.34 3497.17 1534.96 3658.81 1651.41 5613.15 6106.38 2361.65 8435.07 1223.06 2399.72 1628.79 2204.38
internal_count=28764 16751 12013 6588 10163 4664 4316 5847 7146 1924 3285 1379 3223 4314 4246 1406 1093 1023 1533 602 1574 518 2442 3162 1020 4867 391 951 687 843
is_linear=0
shrinkage=0.05


Tree=14
num_leaves=31
num_cat=0
split_feature=7 5 7 7 3 3 7 1 1 5 1 3 2 4 4 4 3 2 3 7 6 5 1 2 3 4 4 5 1 7
split_gain=1845.33 379.108 200.949 196.142 115.067 68.4152 67.0941 53.4823 44.4552 44.1581 42.9386 35.7165 34.6581 32.529 32.0915 28.6466 27.4587 25.985 25.9475 25.4373 22.4621 20.7979 20.3842 19.7426 19.5151 19.2062 18.5892 18.5503 18.4018 17.5186
threshold=5.5000000000000009 2.5000000000000004 2.5000000000000004 10.500000000000002 1.0000000180025095e-35 1.0000000180025095e-35 9.5000000000000018 14.500000000000002 7.5000000000000009 3.5000000000000004 7.5000000000000009 1.0000000180025095e-35 12279.500000000002 714.50000000000011 587.50000000000011 601.50000000000011 1.0000000180025095e-35 15069.500000000002 1.5000000000000002 3.5000000000000004 103.50000000000001 4.5000000000000009 5.5000000000000009 10430.500000000002 1.0000000180025095e-35 644.50000000000011 670.50000000000011 4.5000000000000009 9.5000000000000018 1.5000000000000002
decision_type=2 2 2 2 2 2 2 2 2 2 2 2 2 2 2 2 2 2 2 2 2 2 2 2 2 2 2 2 2 2
left_child=2 6 29 4 7 8 16 15 -5 28 -6 26 -9 17 -12 -3 -2 20 27 -11 -10 -17 -13 -16 -21 -14 -8 -7 -4 -1
right_child=1 3 9 5 10 18 11 12 13 19 14 22 25 -15 23 21 -18 -19 -20 24 -22 -23 -24 -25 -26 -27 -28 -29 -30 -31
leaf_value=-0.020173305701877697 -0.0048488111376261099 0.0097919278106176899 -0.01273755873851678 0.0079063832818885727 0.0073595683498139542 0.017928216228792784 0.0049308748234986148 0.0049823774002789763 0.0098888766683109842 -0.0094646164875648933 0.032012864318965821 0.0014587873229399914 0.024000310122185821 0.0097979621705885523 0.0097620772958895777 -0.00041024434836337302 0.0015922699805557151 0.030354369279204593 0.036588496787242769 -0.0044439555042474791 0.021505534809904941 0.0050170899436171651 0.012982804666385593 0.018656766521649614 0.0036028069636806141 0.011848920176399269 -0.0013556022372572252 0.02795864168157465 -0.0079706421866403681 -0.015571129294832673
leaf_weight=4113.0081882476807 5780.6494092941284 1198.6877506971359 4023.4188451766968 2058.9175305366516 1694.6870718002319 1210.3145024776459 2142.1270020008087 1559.7932870388031 620.71294283866882 1786.568664431572 329.86097049713135 540.16933917999268 468.97806930541992 1036.7564117908478 967.00496697425842 5049.342512011528 2318.184752702713 514.64533472061157 346.80521130561829 2727.4542629718781 1262.549961566925 2713.8992235660553 1324.9737451076508 1758.0357890129089 1041.0778119564056 1060.5759139060974 2607.1772563457489 744.48869657516479 4075.0659379959106 4158.504544377327
leaf_count=2455 2882 516 2188 863 684 414 971 665 231 924 111 230 181 408 360 2306 1031 176 104 1378 458 1176 507 634 479 439 1215 224 2182 2404
internal_value=-8.74679e-05 0.00639487 -0.0117096 0.0101926 0.00715123 0.0167477 4.62189e-05 0.00455351 0.0137157 -0.00798387 0.0137425 0.00378235 0.0102267 0.0171981 0.0172834 0.00259786 -0.00300514 0.0203977 0.0239844 -0.00455061 0.0176767 0.00148706 0.0096453 0.0155004 -0.00222099 0.0155747 0.00147985 0.0217483 -0.0103389 -0.0178596
internal_weight=61234.4 39309.3 21925.1 24596.1 16800.9 7795.19 14713.3 12051.3 5493.58 13653.6 4749.59 6614.45 3089.35 3434.66 3054.9 8961.93 8098.83 2397.91 2301.61 5555.1 1883.26 7763.24 1865.14 2725.04 3768.53 1529.55 4749.3 1954.8 8098.48 8271.51
internal_count=28796 16786 12010 9950 7072 2878 6836 5283 2136 7151 1789 2923 1285 1273 1105 3998 3913 865 742 2781 689 3482 737 994 1857 620 2186 638 4370 4859
is_linear=0
shrinkage=0.05


Tree=15
num_leaves=31
num_cat=0
split_feature=7 7 5 3 1 5 4 7 7 1 1 3 3 5 4 2 1 3 3 5 7 1 7 5 2 4 2 1 2 4
split_gain=1792.43 333.641 312.325 141.177 86.2275 71.0362 61.5342 61.0583 48.9286 47.6147 41.8753 31.7337 31.6222 30.6974 30.128 31.6167 25.7789 25.2272 24.778 23.1042 22.3092 22.2789 21.9117 19.2515 19.1467 18.5674 18.5653 18.3232 18.2464 15.9911
threshold=6.5000000000000009 3.5000000000000004 2.5000000000000004 1.0000000180025095e-35 7.5000000000000009 3.5000000000000004 670.50000000000011 10.500000000000002 1.5000000000000002 10.500000000000002 11.500000000000002 1.5000000000000002 1.5000000000000002 4.5000000000000009 745.50000000000011 10477.500000000002 6.5000000000000009 1.0000000180025095e-35 1.0000000180025095e-35 4.5000000000000009 11.500000000000002 6.5000000000000009 8.5000000000000018 4.5000000000000009 13659.500000000002 656.50000000000011 14809.500000000002 15.500000000000002 12611.500000000002 595.50000000000011
decision_type=2 2 2 2 2 2 2 2 2 2 2 2 2 2 2 2 2 2 2 2 2 2 2 2 2 2 2 2 2 2
left_child=1 8 6 4 13 18 10 14 -1 22 -2 21 20 29 15 -6 -8 -12 -3 26 -11 -7 24 -10 -5 -23 -9 -17 -18 -4
right_child=2 5 3 9 7 11 16 19 23 12 17 -13 -14 -15 -16 27 28 -19 -20 -21 -22 25 -24 -25 -26 -27 -28 -29 -30 -31
leaf_value=-0.020125545154375049 0.0015409649187882186 -0.0090219743547130735 0.0097879495790541976 0.0018991303453703492 0.0044582986143780461 -0.0052994088292494732 -0.0060430848814222327 0.011382831757384894 -0.014637062770239715 0.017348930071513682 0.0066323622794654804 0.016995880772259275 0.033499762133412207 0.0088391213595576702 0.00082225099651058614 0.010194580168269742 -0.0023935384093055198 0.017566947746137273 -0.0029067367368793631 0.022532023744601698 0.028485185653771283 0.0057682434743112024 0.015972321518453767 -0.0087689275958382131 0.016113196357946953 -0.0015004967714766062 0.021650768004838082 0.017880805993182442 0.0040254883991367061 2.8300415615737516e-06
leaf_weight=4007.4666134119034 3350.3689414262772 6133.2458029985428 476.64146280288696 650.99306035041809 1666.2362322807312 1973.9008259773254 2392.7163590192795 1777.0304837226868 6804.2212342023849 2182.4072721004486 1621.0222959518433 255.82696318626404 484.32146668434143 2012.2734360694885 1054.5185618400574 2239.9025342464447 2565.105219244957 781.90945863723755 2269.3550028800964 1164.4531018733978 566.45055031776428 1420.0502490997314 2132.2700178623199 1758.9916923046112 372.47394371032715 2304.0221818685532 585.19751763343811 1185.9029607772827 1947.6860249042511 3366.6107894182205
leaf_count=2441 1547 3269 207 273 711 949 1157 671 3859 734 739 100 145 850 455 937 1187 298 1129 404 168 653 755 967 146 1089 209 462 884 1514
internal_value=5.46553e-05 -0.00961781 0.00758727 0.0111987 0.00862478 -0.0044098 0.00133434 0.0115236 -0.0155656 0.0174549 0.00515352 -0.00023153 0.0217193 0.00383597 0.00851459 0.0101076 -0.00184761 0.0101905 -0.00737039 0.0167679 0.0196438 -0.001005 0.0130858 -0.0134317 0.00707211 0.00127119 0.0139265 0.0128553 0.000376864 0.00121638
internal_weight=61503.6 26927.1 34576.5 21917.7 15528.8 14356.4 12658.8 9673.24 12570.7 6388.92 5753.3 5953.8 3233.18 5855.53 6146.56 5092.04 6905.51 2402.93 8402.6 3526.68 2748.86 5697.97 3155.74 8563.21 1023.47 3724.07 2362.23 3425.81 4512.79 3843.25
internal_count=28909 14456 14453 8641 6420 7189 5812 3849 7267 2221 2584 2791 1047 2571 2565 2110 3228 1037 4398 1284 902 2691 1174 4826 419 1742 880 1399 2071 1721
is_linear=0
shrinkage=0.05


Tree=16
num_leaves=31
num_cat=0
split_feature=7 5 7 7 3 7 3 3 1 1 5 4 4 2 5 1 4 4 1 3 5 5 1 1 3 1 4 7 4 7
split_gain=1739.94 319.97 198.251 190.659 89.8521 71.2029 67.2249 47.3933 45.9928 43.8568 40.4972 34.9999 30.0413 26.7526 26.6754 24.3087 24.2334 23.5663 22.4163 21.0694 19.0283 18.5646 18.5308 18.5294 18.1318 17.9794 17.9754 17.1911 16.331 16.0053
threshold=5.5000000000000009 2.5000000000000004 2.5000000000000004 9.5000000000000018 1.0000000180025095e-35 8.5000000000000018 1.0000000180025095e-35 1.0000000180025095e-35 10.500000000000002 6.5000000000000009 3.5000000000000004 701.50000000000011 683.50000000000011 10293.500000000002 4.5000000000000009 5.5000000000000009 650.50000000000011 670.50000000000011 6.5000000000000009 1.5000000000000002 4.5000000000000009 4.5000000000000009 9.5000000000000018 16.500000000000004 1.0000000180025095e-35 12.500000000000002 577.50000000000011 1.5000000000000002 670.50000000000011 7.5000000000000009
decision_type=2 2 2 2 2 2 2 2 2 2 2 2 2 2 2 2 2 2 2 2 2 2 2 2 2 2 2 2 2 2
left_child=2 5 27 6 8 19 9 17 21 -3 25 22 -10 -11 23 -9 20 -7 -12 26 -15 -5 -6 -8 -20 -4 -2 -1 -17 -18
right_child=1 3 10 4 11 7 14 15 12 13 18 -13 -14 16 -16 28 29 -19 24 -21 -22 -23 -24 -25 -26 -27 -28 -29 -30 -31
leaf_value=-0.020058067161500836 0.005597395520992531 -0.0015701781840871043 -0.011895712412603459 0.0053260781644486454 0.019423034773316729 0.004071258184292644 0.005819140316340541 0.0011471763494860161 0.01925123644030222 0.00073650525362399164 -0.0088204416774243424 0.014584453339863475 0.010589926279302275 0.0088034224267636244 0.0163539663184975 0.016682618652301726 0.0012638057791703498 -0.0021085860890197525 -0.0044274952378535876 0.0093454192232982677 0.020571351082120975 0.012274487345860355 0.028864338307021134 0.017402983203211219 0.0034530623885754164 -0.0069187855902529578 -0.0054292605804778923 -0.015438154484019027 0.0072860086648619676 0.0086697536462521547
leaf_weight=3992.7076700925827 397.67755341529846 3181.5522313117981 5064.3470833301544 2772.3113310337067 892.60897278785706 2861.5398851633072 2011.5238981246948 742.98090791702271 2139.2678525447845 1951.8285236358643 1973.9114354848862 1328.2177362442017 1881.7482054233551 988.62155628204346 1462.974071264267 899.74234843254089 1408.4198807477951 3347.1710975170135 2565.9538432359695 282.37276148796082 526.42457413673401 1471.5492694377899 1244.0960493087769 416.74314570426941 1020.0716228485107 2827.953308224678 5234.5348514318466 4062.3521907329559 951.26077151298523 1513.4771617650986
leaf_count=2481 191 1478 2807 1161 296 1315 791 321 722 877 1012 436 704 421 524 333 634 1592 1321 126 206 582 364 149 476 1539 2573 2418 378 648
internal_value=-6.04518e-05 0.00611766 -0.0115245 0.00953966 0.0141995 0.000260289 0.00547925 0.00311104 0.0113661 0.00322621 -0.00780979 0.0209582 0.0151979 0.00561477 0.0110205 0.00878698 0.00776074 0.000739649 -0.00454127 -0.00398249 0.0128924 0.00773542 0.0249202 0.00780718 -0.00218581 -0.0101124 -0.00465069 -0.0177281 0.0118535 0.00509992
internal_weight=61415.9 39908.6 21507.3 25191.4 11729.8 14717.3 13461.6 8802.7 8264.88 9570.32 13452.2 3464.92 4021.02 6388.77 3891.24 2593.98 4436.94 6208.71 5559.94 5914.59 1515.05 4243.86 2136.71 2428.27 3586.03 7892.3 5632.21 8055.06 1851 2921.9
internal_count=28876 16822 12054 9993 4265 6829 5728 3939 3169 4264 7155 1096 1426 2786 1464 1032 1909 2907 2809 2890 627 1743 660 940 1797 4346 2764 4899 711 1282
is_linear=0
shrinkage=0.05


Tree=17
num_leaves=31
num_cat=0
split_feature=7 7 7 1 3 3 3 4 2 1 1 1 2 4 4 2 3 2 2 6 7 4 1 6 7 6 2 7 4 3
split_gain=1619.98 228.723 194.515 141.346 74.0957 71.3357 58.1506 57.4234 38.8352 34.9032 31.739 31.0205 29.072 29.0549 22.5891 21.8897 20.9676 20.3083 18.8153 18.637 17.0252 16.6549 16.0706 16.7389 15.7741 15.7471 14.1823 13.6001 14.1877 13.4965
threshold=5.5000000000000009 8.5000000000000018 2.5000000000000004 10.500000000000002 1.0000000180025095e-35 1.5000000000000002 1.0000000180025095e-35 681.50000000000011 16304.500000000002 11.500000000000002 11.500000000000002 6.5000000000000009 7434.5000000000009 663.50000000000011 553.50000000000011 13496.500000000002 1.0000000180025095e-35 13456.500000000002 13956.500000000002 120.50000000000001 1.5000000000000002 679.50000000000011 3.5000000000000004 140.50000000000003 3.5000000000000004 140.50000000000003 12114.500000000002 4.5000000000000009 665.50000000000011 1.0000000180025095e-35
decision_type=2 2 2 2 2 2 2 2 2 2 2 2 2 2 2 2 2 2 2 2 2 2 2 2 2 2 2 2 2 2
left_child=2 4 20 6 11 7 13 8 12 24 15 25 -5 -3 -13 -6 27 -9 -16 -14 -1 -12 -8 -24 -4 -2 -15 -11 -29 -26
right_child=1 3 9 5 10 -7 22 17 -10 16 21 14 19 26 18 -17 -18 -19 -20 -21 -22 -23 23 -25 29 -27 -28 28 -30 -31
leaf_value=-0.019829631069106429 -0.0068584312918120978 0.0064288869137893714 -0.012902511041027607 0.0040991998650680471 -0.00056557805922779461 0.030906850796762426 0.0059341603262952581 0.0058804446712819808 0.02579066827250345 -0.0084275580585613814 0.015599708597321869 0.016402599083081667 0.012085589173814526 -0.0018152498259993448 -0.0013279397387791804 0.0087099695707812796 0.00062308025119185001 0.012386076350055945 0.0040483734484565012 0.018611761863849909 -0.015162435484728827 0.0064931122029295747 0.010284300308495061 0.019335150338300217 -0.0096358970217339177 0.00020218508337808299 0.0034402706694644119 0.0039497706767436611 -0.0065459356045029227 -0.003938322501185771
leaf_weight=3860.2824009656906 2556.9208503961563 3933.3739025592804 2540.5068479776382 658.52094268798828 1658.8575224876404 529.27979588508606 1171.8461000919342 3262.8116673231125 794.15355610847473 2636.9206544160843 1061.1201817989349 227.97901999950409 2175.2760860919952 2661.4217239618301 4995.4629153013229 1031.6275885105133 1481.1994543075562 1897.0671055316925 2413.6322476863861 2200.6846187114716 3956.8297894001007 952.99279642105103 1653.2072207927704 739.28296375274658 3883.2732225656509 1142.5626443624496 2479.7011202573776 547.27337074279785 782.13324463367462 1419.2753524780273
leaf_count=2447 1254 1694 1414 255 727 155 455 1300 268 1437 385 101 800 1209 2320 420 735 723 1094 791 2391 372 603 264 2112 553 1100 288 416 720
internal_value=7.83056e-06 0.00589755 -0.0112086 0.00897098 0.00126923 0.0129775 0.00531988 0.0121139 0.0155147 -0.00752754 0.0065443 -0.000919891 0.0138937 0.00319433 0.000900484 0.002991 -0.00445305 0.00827229 0.000423481 0.0153676 -0.0174672 0.0112909 0.0107314 0.013081 -0.00966298 -0.0046778 0.000719628 -0.00634869 -0.0022252 -0.00811089
internal_weight=61305.5 40197.8 21107.7 24156.6 16041.2 11517.8 12638.8 10988.5 5828.64 13290.6 4704.6 11336.6 5034.48 9074.5 7637.07 2690.49 5447.53 5159.88 7409.1 4375.96 7817.11 2014.11 3564.34 2392.49 7843.06 3699.48 5141.12 3966.33 1329.41 5302.55
internal_count=28803 16843 11960 9617 7226 4292 5325 4137 2114 7122 1904 5322 1846 4003 3515 1147 2876 2023 3414 1591 4838 757 1322 867 4246 1807 2309 2141 704 2832
is_linear=0
shrinkage=0.05


Tree=18
num_leaves=31
num_cat=0
split_feature=7 5 7 7 1 7 3 5 5 2 3 3 1 3 1 3 3 7 7 5 7 4 2 4 1 1 4 4 5 1
split_gain=1552.77 298.086 190.819 157.153 82.798 66.9661 51.0898 48.2516 44.1106 40.3269 32.7123 29.9055 26.9325 26.2533 25.4155 23.1467 22.635 20.5679 18.3619 18.0726 18.0207 17.6902 17.6014 16.2349 15.9596 15.5954 15.385 15.2205 14.0709 12.6852
threshold=5.5000000000000009 2.5000000000000004 2.5000000000000004 8.5000000000000018 7.5000000000000009 9.5000000000000018 1.0000000180025095e-35 4.5000000000000009 2.5000000000000004 14001.500000000002 1.0000000180025095e-35 1.0000000180025095e-35 10.500000000000002 1.0000000180025095e-35 8.5000000000000018 1.0000000180025095e-35 1.0000000180025095e-35 11.500000000000002 1.5000000000000002 4.5000000000000009 4.5000000000000009 615.50000000000011 12162.500000000002 730.50000000000011 15.500000000000002 11.500000000000002 684.50000000000011 622.50000000000011 4.5000000000000009 12.500000000000002
decision_type=2 2 2 2 2 2 2 2 2 2 2 2 2 2 2 2 2 2 2 2 2 2 2 2 2 2 2 2 2 2
left_child=2 5 18 6 11 16 14 9 29 23 21 19 -8 20 -3 24 -2 -11 -1 -5 -10 -7 -15 -6 -9 -12 -18 -16 -20 -4
right_child=1 3 8 4 7 10 12 15 13 17 25 -13 -14 22 27 -17 26 -19 28 -21 -22 -23 -24 -25 -26 -27 -28 -29 -30 -31
leaf_value=-0.019817564729281811 -0.0047762468160486571 -0.0017878832453079357 -0.012933336708485108 0.0025491399410710667 0.011217788652931333 0.0076798864095284497 0.0049032618921372876 0.013785898809438972 -0.0089738478890488537 0.014937531024240655 0.0052762685040581066 0.013115142964874591 0.014417573267047144 -0.0046857468020719611 0.010341190964106704 0.025506672237323554 0.004862541818086796 0.02612070899286871 -0.016447324824256371 0.0095740767049986453 -0.0031385182096936521 -8.3407122283902374e-05 0.0041441129773543894 0.0039224634353307265 0.022504376277756435 0.014212032515074939 -0.0033734157062261026 0.0027418124102701791 -0.0089371524078771854 -0.0077541903416619255
leaf_weight=3831.0350625514984 5719.8371704816818 2983.7620000839233 3320.4638500213623 2673.6400334835052 3538.4306437969208 907.43678641319275 1530.3105518817902 1543.4351103305817 3812.5770157575607 1418.2686388492584 1165.8986074924469 1550.9531660079956 1447.250331401825 1223.7186980247498 827.39899110794067 1114.5118751525879 1244.4510369300842 578.99931240081787 3107.8723696470261 1392.306608915329 2026.20962870121 3834.9852130413055 1047.5133372545242 972.11546850204468 795.41735625267029 840.13600826263428 1041.6739740371704 3235.2743406295776 780.26125860214233 1836.0095208883286
leaf_count=2478 2875 1395 1894 1159 1268 398 619 552 2078 496 467 533 497 601 338 312 532 187 1915 564 1062 1763 509 374 267 298 473 1426 471 1020
internal_value=-7.87486e-05 0.00565777 -0.0111104 0.00891995 0.0120623 -2.80441e-06 0.00403647 0.0147996 -0.00747351 0.0122646 0.00366614 0.00720798 0.00952771 -0.00517456 0.00171607 0.0195767 -0.00309546 0.0181795 -0.0173608 0.0049547 -0.00694884 0.00140206 -0.000613333 0.0096455 0.016751 0.00901861 0.00110982 0.00428949 -0.0149402 -0.0110893
internal_weight=61342.2 40356.5 20985.7 25602.1 15578.1 14754.4 10024 9961.18 13266.5 6507.81 6748.46 5616.9 2977.56 8110.02 7046.44 3453.36 8005.96 1997.27 7719.17 4065.95 5838.79 4742.42 2271.23 4510.55 2338.85 2006.03 2286.13 4062.67 3888.13 5156.47
internal_count=28821 16793 12028 9987 5712 6806 4275 3456 7164 2325 2926 2256 1116 4250 3159 1131 3880 683 4864 1723 3140 2161 1110 1642 819 765 1005 1764 2386 2914
is_linear=0
shrinkage=0.05


Tree=19
num_leaves=31
num_cat=0
split_feature=5 1 3 3 1 1 3 2 4 4 3 4 1 4 5 4 4 2 6 4 4 5 2 6 2 6 5 2 4 4
split_gain=355.906 117.808 117.769 81.1818 61.3111 53.5092 36.3866 33.5319 33.0165 26.0145 25.9449 23.0414 19.9646 19.1097 18.8948 17.8317 17.7628 16.5985 16.2348 19.0202 15.636 14.6265 14.6131 14.1205 14.0656 13.3314 12.6729 12.3727 11.2071 11.1653
threshold=3.5000000000000004 7.5000000000000009 1.0000000180025095e-35 1.0000000180025095e-35 9.5000000000000018 7.5000000000000009 1.5000000000000002 10341.000000000002 667.50000000000011 702.50000000000011 1.0000000180025095e-35 650.50000000000011 18.500000000000004 645.50000000000011 1.5000000000000002 613.50000000000011 673.50000000000011 13456.500000000002 98.500000000000014 587.50000000000011 672.50000000000011 1.5000000000000002 11919.500000000002 81.500000000000014 15951.500000000002 140.50000000000003 1.5000000000000002 11583.500000000002 801.50000000000011 705.50000000000011
decision_type=2 2 2 2 2 2 2 2 2 2 2 2 2 2 2 2 2 2 2 2 2 2 2 2 2 2 2 2 2 2
left_child=2 10 4 7 16 20 12 25 14 18 13 -9 15 -2 -6 -5 26 -8 -7 -20 -4 -10 -16 -13 -21 -3 -1 -11 -25 -12
right_child=1 3 5 6 8 9 17 11 21 27 29 23 -14 -15 22 -17 -18 -19 19 24 -22 -23 -24 28 -26 -27 -28 -29 -30 -31
leaf_value=-0.0091031490896382287 0.002210777007947925 -0.0014246426566244218 -9.9803460822285543e-05 0.016579230087149666 -0.004036323888915473 0.0015550974197667453 0.016293166008474951 0.010189525239752441 -0.0082171830760992808 -0.0043476579784016431 0.0064260919503083339 -0.0015258134075492467 0.021404379155628109 -0.0033832761618310769 -0.0012195094021248652 0.0078322446987312416 -0.0095200266982760351 0.031721551471418585 0.018487209917485294 0.0051228315730803969 -0.0065922292313875079 -0.0034421683527175967 0.0050075888825416963 0.0062488343515009351 0.015103447658467082 0.0051761670975278258 -0.0040640004786945188 0.0032933086651976504 -0.0046079855138726139 -9.6242007616173986e-05
leaf_weight=1840.8868285417557 2241.1207565069199 2478.14293217659 1811.6043330430984 713.62168288230896 1851.5899118185043 1133.2470060586929 421.91085314750671 2701.4068394899368 2368.7578639984131 988.69194579124451 1810.8895738124847 819.62106883525848 382.83808827400208 4788.774240732193 1753.5124305486679 3174.9910023212433 6424.2254811525345 297.07793796062469 417.85486578941345 1956.4573551416397 1899.9798004627228 4965.6108745336533 2036.0725663900375 4131.52676653862 430.72455739974976 1106.4663101434708 3871.8504593372345 1141.4317976236343 252.20955741405487 1028.9886393547058
leaf_count=994 1044 1137 863 249 942 495 145 1115 1242 459 737 360 133 2301 854 1197 3462 94 175 842 944 2495 973 1799 178 493 2010 510 111 431
internal_value=-3.66733e-05 0.00434956 -0.003349 0.00693687 -0.00516177 0.00130573 0.0122617 0.00462404 -0.00277239 0.00419812 2.9462e-05 0.00644301 0.01051 -0.0015999 0.000103484 0.00943745 -0.00771625 0.022668 0.00660575 0.00864623 -0.00342331 -0.00498434 0.00212619 0.00449795 0.00692366 0.000612838 -0.00568783 -0.000253228 0.00562421 0.00406282
internal_weight=61242.1 26349.6 34892.5 16479.8 25112.5 9779.99 4990.44 11489.4 12975.5 6068.41 9869.77 7904.76 4271.45 7029.89 5641.17 3888.61 12137 718.989 3938.28 2805.04 3711.58 7334.37 3789.58 5203.36 2387.18 3584.61 5712.74 2130.12 4383.74 2839.88
internal_count=28784 11346 17438 6833 12972 4466 1818 5015 6506 2659 4513 3385 1579 3345 2769 1446 6466 239 1690 1195 1807 3737 1827 2270 1020 1630 3004 969 1910 1168
is_linear=0
shrinkage=0.05


Tree=20
num_leaves=31
num_cat=0
split_feature=7 5 7 7 7 1 1 5 5 4 1 4 4 5 4 6 6 2 7 1 7 2 2 4 1 6 7 2 1 4
split_gain=1494.32 274.875 186.654 163.039 61.6403 57.028 46.3759 45.6756 35.4909 26.6449 25.2117 24.7682 24.4844 22.41 21.9472 21.4221 20.158 19.908 19.2592 19.0836 18.7576 17.71 17.255 16.9782 15.7471 14.588 13.8659 15.6428 13.1657 12.7686
threshold=5.5000000000000009 2.5000000000000004 2.5000000000000004 9.5000000000000018 9.5000000000000018 10.500000000000002 6.5000000000000009 2.5000000000000004 4.5000000000000009 666.50000000000011 11.500000000000002 711.50000000000011 622.50000000000011 4.5000000000000009 702.50000000000011 121.50000000000001 137.50000000000003 14600.000000000002 1.5000000000000002 11.500000000000002 4.5000000000000009 7936.0000000000009 15069.500000000002 617.50000000000011 11.500000000000002 133.50000000000003 6.5000000000000009 16097.500000000002 10.500000000000002 593.50000000000011
decision_type=2 2 2 2 2 2 2 2 2 2 2 2 2 2 2 2 2 2 2 2 2 2 2 2 2 2 2 2 2 2
left_child=2 4 18 6 14 13 26 28 21 19 -6 15 -10 16 24 17 29 -7 -1 -9 -21 -8 -12 -15 -2 -23 -3 -28 -4 -5
right_child=1 3 7 5 10 11 8 9 12 -11 22 -13 -14 23 -16 -17 -18 -19 -20 20 -22 25 -24 -25 -26 -27 27 -29 -30 -31
leaf_value=-0.019726833726993506 -0.0031798762557382117 -0.0044898587114855773 -0.013374513036094635 0.014898993566545157 0.001120695641726858 0.011967508393288771 -0.002056577051459087 -0.0047940362647178204 0.019097338770369465 -0.0075002997975965047 0.0051770634353701592 0.011412648813724953 0.008750318573689804 0.022039246279401493 -0.0062279725874576451 0.021937596989879363 0.012179023468861851 0.022637053448305203 -0.014695242481682491 -0.0011477943937483585 0.011153183881991709 0.0037027505334503771 0.014589022124290361 0.011217420840753684 0.0024665200326365166 0.009318495412605746 0.0006561690383690877 0.0098538096765056898 -0.0082385536760211219 0.0034783480373594086
leaf_weight=3713.9156996011734 2958.5130662918091 1012.8122563362122 2767.410348534584 273.10535001754761 3986.5185415744781 1600.6838142871857 860.6801153421402 2081.3338485956192 733.04096174240112 4622.3186848163605 2111.2212889194489 1851.4474718570709 2598.3049862384796 462.99742269515991 2980.9756155014038 2102.9847974777222 1351.048691034317 601.47912907600403 3897.761137843132 994.44837701320648 450.21949350833893 3245.4769743680954 632.95494723320007 1668.6693472862244 2119.3748131990433 1796.6039042472839 2766.2859978675842 555.02576076984406 2272.3558241128922 2356.2565824985504
leaf_count=2452 1465 469 1612 102 1794 517 371 1102 259 2450 871 634 1017 159 1490 640 527 173 2429 512 222 1352 255 607 976 734 1232 235 1281 930
internal_value=-1.65733e-05 0.00556349 -0.0109156 0.00867514 0.000127532 0.0128521 0.00489827 -0.00731725 0.00690093 -0.00500309 0.00365962 0.0162486 0.0110271 0.00943077 -0.00282244 0.0183284 0.00721517 0.0148817 -0.0171503 -0.00172945 0.00268571 0.00457223 0.00734797 0.0135679 -0.000823221 0.00570376 0.000631474 0.00219319 -0.0110588 0.00466458
internal_weight=61426.2 40626.5 20799.8 25836.9 14789.6 12268.7 13568.2 13188.1 9234.11 8148.32 6730.69 6156.6 3331.35 6112.08 8058.86 4305.15 3980.41 2202.16 7611.68 3526 1444.67 5902.76 2744.18 2131.67 5077.89 5042.08 4334.12 3321.31 5039.77 2629.36
internal_count=28869 16809 12060 9958 6851 4289 5669 7179 3733 4286 2920 1964 1276 2325 3931 1330 1559 690 4881 1836 734 2457 1126 766 2441 2086 1936 1467 2893 1032
is_linear=0
shrinkage=0.05


Tree=21
num_leaves=31
num_cat=0
split_feature=7 5 7 7 1 7 2 4 5 4 2 6 1 7 1 6 4 4 4 1 7 5 1 2 7 5 4 7 1 2
split_gain=1432.53 228.266 183.428 140.654 67.162 62.5293 42.7032 37.9747 36.0736 35.5954 29.1024 26.4898 25.8096 24.386 20.507 18.7638 17.7694 17.7308 17.2052 16.9117 16.7751 16.0446 15.4943 14.4858 14.1952 13.957 13.2451 12.8445 11.9777 11.5425
threshold=5.5000000000000009 2.5000000000000004 2.5000000000000004 10.500000000000002 7.5000000000000009 9.5000000000000018 10477.500000000002 710.50000000000011 2.5000000000000004 622.50000000000011 16031.500000000002 119.50000000000001 11.500000000000002 3.5000000000000004 7.5000000000000009 142.50000000000003 621.50000000000011 703.50000000000011 659.50000000000011 7.5000000000000009 1.5000000000000002 4.5000000000000009 14.500000000000002 10787.500000000002 7.5000000000000009 4.5000000000000009 702.50000000000011 7.5000000000000009 11.500000000000002 15069.500000000002
decision_type=2 2 2 2 2 2 2 2 2 2 2 2 2 2 2 2 2 2 2 2 2 2 2 2 2 2 2 2 2 2
left_child=2 5 20 4 15 14 -6 10 -4 27 11 -5 26 -10 -2 24 -14 23 28 -13 -1 -11 -23 -16 -3 -21 -7 -8 -15 -18
right_child=1 3 8 7 6 12 9 -9 13 21 -12 19 16 18 17 -17 29 -19 -20 25 -22 22 -24 -25 -26 -27 -28 -29 -30 -31
leaf_value=-0.019484134064740338 -0.0058814663496721351 -0.0035865936995526752 -0.010595950967821248 0.010468139504187714 0.0034887791239037146 0.0035721813593813899 0.011029996563705565 0.0086613719619021718 -0.0092011258818010516 0.006334771794886414 0.024076510908142949 0.011851977154642245 0.015127892483976222 -0.0029109359972648258 -0.0028091643887295384 0.0058906548475492412 0.0034054493746065104 -0.0044781332782026706 -0.005531416852979313 0.017179964223375893 -0.014740894216740408 0.0080560351019471257 0.01668070453395188 0.0042675981806402996 0.0021058468601676409 0.026558595657684838 -0.002377679681655163 0.020015644604295068 0.004687375987229239 0.01201491306272408
leaf_weight=3657.534360408783 2960.7660703659058 1781.790954709053 4953.1682057380676 2335.8657908439636 3529.5516511201859 2586.1358737945557 645.57938146591187 2726.1350502967834 2569.0838099718094 3727.0524369478226 901.73397707939148 790.59481525421143 623.16744780540466 1268.3448596000671 1139.8676291704178 1832.6870661973953 1588.4701216220856 1869.674880027771 3370.8421087265015 1053.3399589061737 3801.4065707921982 1205.7058827877045 916.64725971221924 1977.8764228820801 2842.0152839422226 636.3370532989502 1465.3753387928009 1035.7920281887054 877.47111535072327 515.68526911735535
leaf_count=2463 1513 814 2874 796 1409 1141 244 982 1418 1479 277 297 242 663 539 787 664 921 1760 337 2405 455 318 913 1208 178 679 346 434 207
internal_value=-3.42554e-05 0.00539598 -0.0108132 0.00821668 0.00566143 0.000423639 0.0080269 0.0135175 -0.00723577 0.0101538 0.0158327 0.0142892 0.0039515 -0.00517739 -0.00258519 0.00160924 0.0077118 -0.000628371 -0.00330355 0.0178878 -0.0170668 0.00831085 0.011781 0.00168029 -8.7744e-05 0.020712 0.0014202 0.0165655 0.00019618 0.00551545
internal_weight=61185.7 40687.8 20497.9 25960.8 17516.8 14727 11060.3 8444.01 13038.9 7530.78 5717.87 4816.14 6778.83 8085.74 7948.19 6456.49 2727.32 4987.42 5516.66 2480.27 7458.94 5849.41 2122.35 3117.74 4623.81 1689.68 4051.51 1681.37 2145.82 2104.16
internal_count=28763 16746 12017 9927 7060 6819 4251 2867 7149 2842 1885 1608 2933 4275 3886 2809 1113 2373 2857 812 4868 2252 773 1452 2022 515 1820 590 1097 871
is_linear=0
shrinkage=0.05


Tree=22
num_leaves=31
num_cat=0
split_feature=7 7 7 3 1 3 4 3 1 4 3 2 2 1 2 7 6 3 7 2 1 2 4 0 4 2 7 4 2 6
split_gain=1389.45 194.725 180.777 105.821 67.5725 59.131 35.9843 34.3418 33.1985 28.2881 28.1365 27.0966 25.903 23.1209 22.6672 21.6321 21.1286 19.846 19.3742 19.2813 17.7408 17.1888 16.5544 15.6647 14.2918 13.6652 13.0871 12.1559 12.1531 11.9219
threshold=5.5000000000000009 8.5000000000000018 2.5000000000000004 1.0000000180025095e-35 10.500000000000002 1.0000000180025095e-35 730.50000000000011 1.0000000180025095e-35 6.5000000000000009 607.50000000000011 1.5000000000000002 13536.500000000002 14600.000000000002 6.5000000000000009 13234.500000000002 4.5000000000000009 140.50000000000003 1.5000000000000002 1.5000000000000002 16031.500000000002 13.500000000000002 14752.000000000002 583.50000000000011 41.500000000000007 670.50000000000011 12162.500000000002 10.500000000000002 690.50000000000011 14046.500000000002 118.50000000000001
decision_type=2 2 2 2 2 2 2 2 2 2 2 2 2 2 2 2 2 2 2 2 2 2 2 2 2 2 2 2 2 2
left_child=2 5 18 4 14 9 12 15 23 21 19 20 16 -11 24 -4 -6 -13 -1 22 -7 -2 -10 -5 -3 -9 -12 -25 -15 -24
right_child=1 3 7 8 6 11 -8 25 10 13 26 17 -14 28 -16 -17 -18 -19 -20 -21 -22 -23 29 27 -26 -27 -28 -29 -30 -31
leaf_value=-0.019544630910353272 0.0018361520046706764 0.003705410316191145 -0.010477175665278816 0.013183362956171705 0.0067659648297912047 -2.0644598459751957e-05 0.0029207271167871938 -0.0058223840810660609 0.022091277477509653 -0.0055734555681294304 0.017186493997569229 0.0080493643156934053 0.016110964731896115 -0.0017991288214039458 0.0061275618187748536 -0.0054312635674907857 0.013880585616914177 0.021575457902252203 -0.014416227508873876 0.021354237614810236 0.0084088511420900829 0.013070246084631998 0.0081519325594636635 0.0087039204943561588 -0.0013188537028644954 0.00036088591982586226 0.030267869806810389 -0.0007934121577521853 0.0028281686676516816 0.014039741616514327
leaf_weight=3614.2520228624344 1194.4309676885605 2647.655834197998 6093.1893993616104 862.87114453315735 3315.3738654851913 1918.6878906488419 1805.4059028625488 1936.1409020423889 386.82417130470276 3089.976535320282 365.33910751342773 1441.6659328937531 1745.2271327972412 4452.8611603975296 3512.9569398164749 3260.6451685428619 1522.868185043335 334.01772284507751 3754.9081554412842 691.8054723739624 925.14267921447754 476.25943827629089 1670.6488497257233 776.84238600730896 3041.2057975530624 1659.3786880970001 401.10978412628174 594.94456076622009 2082.6227161884308 1771.3341732025146
leaf_count=2482 539 1126 3488 317 1273 816 732 1009 112 1542 111 551 607 2070 1499 1798 554 120 2410 208 340 203 553 282 1378 854 106 226 940 572
internal_value=1.31903e-05 0.00530863 -0.0106796 0.00805089 0.00592848 0.000981783 0.0091741 -0.00712182 0.0130145 -0.000967155 0.0151741 0.00574754 0.010889 -0.00200958 0.00296959 -0.00871823 0.00900534 0.0105937 -0.0169315 0.0136722 0.0027216 0.00503863 0.0122841 0.00790505 0.00101949 -0.00296873 0.0240324 0.00458492 -0.000324576 0.011182
internal_weight=61346.6 41028.1 20318.5 25112.4 17590.7 15915.7 8388.88 12949.4 7521.72 11296.2 5287.06 4619.51 6583.47 9625.46 9201.82 9353.83 4838.24 1775.68 7369.16 4520.61 2843.83 1670.69 3828.81 2234.66 5688.86 3595.52 766.449 1371.79 6535.48 3441.98
internal_count=28818 16777 12041 9656 7169 7121 3166 7149 2487 5294 1662 1827 2434 4552 4003 5286 1827 671 4892 1445 1156 742 1237 825 2504 1863 217 508 3010 1125
is_linear=0
shrinkage=0.05


Tree=23
num_leaves=31
num_cat=0
split_feature=7 5 7 7 7 3 5 1 3 1 2 4 7 4 5 7 2 3 5 1 4 2 2 2 2 5 4 1 7 3
split_gain=1306.5 235.963 176.857 88.7892 80.2153 58.8334 40.6966 40.085 33.926 30.7953 29.4956 26.8925 25.4638 21.2661 20.5645 20.0619 19.2148 18.4275 17.1352 16.9871 16.7934 15.414 14.8012 14.1777 13.4256 12.9486 12.3319 12.1961 11.5657 11.375
threshold=5.5000000000000009 3.5000000000000004 2.5000000000000004 8.5000000000000018 9.5000000000000018 1.0000000180025095e-35 2.5000000000000004 13.500000000000002 1.0000000180025095e-35 8.5000000000000018 13189.500000000002 696.50000000000011 3.5000000000000004 642.50000000000011 1.5000000000000002 1.5000000000000002 10787.500000000002 1.0000000180025095e-35 4.5000000000000009 6.5000000000000009 728.50000000000011 12486.500000000002 12894.500000000002 14233.500000000002 8451.5000000000018 4.5000000000000009 666.50000000000011 13.500000000000002 8.5000000000000018 1.0000000180025095e-35
decision_type=2 2 2 2 2 2 2 2 2 2 2 2 2 2 2 2 2 2 2 2 2 2 2 2 2 2 2 2 2 2
left_child=2 3 15 9 8 10 29 11 13 -2 19 25 -8 -3 -7 -1 -11 -14 -10 -5 27 -15 -20 -16 -9 -6 -19 -12 -23 -4
right_child=1 4 6 5 7 14 12 24 18 16 20 -13 17 21 23 -17 -18 26 22 -21 -22 28 -24 -25 -26 -27 -28 -29 -30 -31
leaf_value=-0.019467854823880453 -0.0056617049811244179 0.0082623645327945024 -0.012035284775176592 -0.0038555553338437149 0.010082054035274325 0.0040926470900946865 -0.0089358265317060984 0.0097100553519154607 0.0064042891279208177 -0.0039208180079822281 0.0051339262125543678 0.0061897373490942794 -0.0046171707292384607 -0.00067663919214806432 0.0093940541378388902 -0.014198362844768367 0.0024665014569603982 0.0072253762884124592 0.0096504188967855131 0.001779372130211688 -0.00061119011091204621 0.0029996827074356743 0.019426008322187462 0.017312122389449517 0.018835192803586975 0.016182842538412193 -0.0020187813024187037 0.012079705595410587 0.011282509491482053 -0.0066137900286080938
leaf_weight=3506.5400003194809 3745.9123363494873 2095.6961224079132 3560.2680389881134 2014.4266406297684 1763.0385012626648 1336.3570058345795 2501.0320855379105 479.1640293598175 1307.888293504715 1791.1420921087265 1994.1133437156677 2374.3510134220123 3953.0786844491959 2314.4481210708618 1994.2542526721954 3724.9895774126053 3436.4303188323975 630.17395460605621 838.17473697662354 3979.9106928110123 860.92722260951996 1591.8675851821899 719.6882438659668 789.01056504249573 2538.6780214309692 1716.5662536621094 843.91020023822784 925.24931645393372 573.22023701667786 1328.5406799316406
leaf_count=2455 1908 828 2139 960 595 513 1404 151 456 852 880 852 2134 1020 712 2425 1579 297 290 1727 391 678 230 273 726 554 408 367 225 750
internal_value=-3.38446e-05 0.0050623 -0.0105015 0.00167533 0.00929171 0.00417914 -0.00697408 0.0127054 0.00608383 -0.00220149 0.0020669 0.0102923 -0.00476165 0.00410507 0.00919085 -0.0167535 0.000277991 -0.00283803 0.0106239 -0.000114273 0.00552555 0.00216014 0.0141665 0.0116387 0.0173863 0.0130917 0.00193311 0.00733529 0.00519261 -0.010562
internal_weight=61229 41180.5 20048.5 22867.7 18312.8 13894.2 12817 8871.8 9440.98 8973.48 9774.63 5853.96 7928.19 6575.23 4119.62 7231.53 5227.57 5427.16 2865.75 5994.34 3780.29 4479.54 1557.86 2783.26 3017.84 3479.6 1474.08 2919.36 2165.09 4888.81
internal_count=28779 16767 12012 10162 6605 5823 7132 2878 3727 4339 4325 2001 4243 2751 1498 4880 2431 2839 976 2687 1638 1923 520 985 877 1149 705 1247 903 2889
is_linear=0
shrinkage=0.05


Tree=24
num_leaves=31
num_cat=0
split_feature=5 3 1 3 1 2 1 5 3 4 4 4 1 4 6 5 2 2 6 4 6 6 2 5 2 4 4 6 4 3
split_gain=291.512 110.378 98.0849 74.2072 47.711 41.7479 40.2583 31.3946 24.8957 23.7335 21.453 20.8395 17.5089 16.8268 16.1837 16.1211 15.5703 14.3876 12.572 12.5233 12.0305 11.5814 11.4422 11.337 10.842 10.6703 10.6537 10.5017 10.4513 10.0798
threshold=3.5000000000000004 1.0000000180025095e-35 6.5000000000000009 1.5000000000000002 9.5000000000000018 10163.500000000002 10.500000000000002 1.5000000000000002 1.0000000180025095e-35 624.50000000000011 646.50000000000011 681.50000000000011 1.5000000000000002 686.50000000000011 140.50000000000003 1.5000000000000002 16370.500000000002 16448.500000000004 134.50000000000003 672.50000000000011 119.50000000000001 99.500000000000014 12653.000000000002 4.5000000000000009 11068.500000000002 733.50000000000011 642.50000000000011 63.500000000000007 571.50000000000011 1.0000000180025095e-35
decision_type=2 2 2 2 2 2 2 2 2 2 2 2 2 2 2 2 2 2 2 2 2 2 2 2 2 2 2 2 2 2
left_child=1 4 10 5 15 14 12 28 13 21 20 -9 -3 16 29 -1 -7 -14 -12 -17 -2 -8 -5 26 -11 -20 -10 -15 -6 -4
right_child=2 6 3 22 7 8 9 11 23 24 18 -13 17 27 -16 19 -18 -19 25 -21 -22 -23 -24 -25 -26 -27 -28 -29 -30 -31
leaf_value=-0.0098556956177068226 -0.00034910148884678607 -0.0079621774654311649 -0.002025324402839603 0.014631346518270014 0.0030526784309531708 0.0059670844676092648 0.0031331404802326882 0.0012532743296026223 0.013623205825583271 -0.00041015449477018492 -0.0040199356917170921 -0.0036450188386615706 -0.0014094429993215184 -0.0054689996008583305 0.0056824633862450312 -0.0037911846071137182 0.012916705967015772 0.0073452835424305226 0.0031162593565697227 -0.0077812857507086608 0.0062284038372395741 0.014574226720178213 0.026164362962421986 0.013388905229188078 0.0051867376754928902 -0.004602832164308816 0.0046597574725378999 0.0038291246575824014 -0.0070450423175634456 0.0038127469924173515
leaf_weight=3863.4742556810379 1341.9027919769287 907.09198224544525 2609.1981549263 442.21311604976654 274.37111485004425 3804.0222728252411 311.13202857971191 4529.8503310680389 482.41372895240784 1515.2066948413849 3733.9021371603012 4170.5519313812256 3763.9055963754654 330.57397520542145 1584.6365352869034 3695.6793191432953 1022.6256959438324 536.13805508613586 1488.6104512214661 4202.844085931778 1442.4778617620468 765.16061460971832 418.67975878715515 1694.2202907800674 2017.2572648525238 640.25129961967468 1059.7163640260696 3731.8914452791214 3879.8434218168259 1031.7012566328049
leaf_count=2173 614 452 1198 147 137 1577 130 2170 167 671 1741 2136 1804 153 657 1953 398 246 680 2306 634 299 123 583 866 302 401 1640 2050 388
internal_value=-7.46269e-05 -0.00312013 0.00382962 0.00591164 -0.00490776 0.0052007 0.00136295 -0.00280216 0.00681076 0.00476657 -0.000555356 -0.00109473 -0.00164953 0.00544372 0.00146469 -0.00720896 0.00743951 -0.000317886 -0.00227165 -0.00591434 0.00305844 0.0112669 0.0202402 0.0105655 0.00278602 0.000794757 0.00746373 0.00307251 -0.00637812 -0.000371023
internal_weight=61291.5 34432.5 26859 18211.9 24616.6 17351 9815.89 12854.6 12125.5 4608.76 8647.14 8700.4 5207.14 8889.11 5225.54 11762 4826.65 4300.04 5862.76 7898.52 2784.38 1076.29 860.893 3236.35 3532.46 2128.86 1542.13 4062.47 4154.21 3640.9
internal_count=28796 17393 11403 7432 12925 7162 4468 6493 4919 1966 3971 4306 2502 3768 2243 6432 1975 2050 2723 4259 1248 429 270 1151 1537 982 568 1793 2187 1586
is_linear=0
shrinkage=0.05


Tree=25
num_leaves=31
num_cat=0
split_feature=7 5 7 7 7 1 3 3 3 3 5 1 5 5 3 3 2 2 7 5 2 5 4 7 4 4 1 1 4 2
split_gain=1245.52 208.805 178.57 83.6554 80.1855 55.8546 41.9805 40.1501 36.7171 27.0819 27.0694 23.2518 22.2055 21.006 19.1853 18.9223 18.68 17.785 16.8624 14.9635 14.8436 14.5121 14.4131 13.1772 13.1567 12.5801 12.4456 12.1457 11.7688 11.1929
threshold=5.5000000000000009 3.5000000000000004 2.5000000000000004 9.5000000000000018 7.5000000000000009 13.500000000000002 1.0000000180025095e-35 1.0000000180025095e-35 1.0000000180025095e-35 1.0000000180025095e-35 4.5000000000000009 8.5000000000000018 3.5000000000000004 1.5000000000000002 1.5000000000000002 1.5000000000000002 13367.500000000002 16097.500000000002 1.5000000000000002 4.5000000000000009 14551.500000000002 1.5000000000000002 751.50000000000011 11.500000000000002 656.50000000000011 587.50000000000011 9.5000000000000018 8.5000000000000018 661.50000000000011 10430.500000000002
decision_type=2 2 2 2 2 2 2 2 2 2 2 2 2 2 2 2 2 2 2 2 2 2 2 2 2 2 2 2 2 2
left_child=2 3 18 7 14 9 11 16 12 23 -7 25 -4 -9 24 -8 -2 -15 -1 26 -21 -13 -11 28 -3 -5 -10 -14 -6 -30
right_child=1 4 8 6 5 10 15 13 19 22 -12 21 27 17 -16 -17 -18 -19 -20 20 -22 -23 -24 -25 -26 -27 -28 -29 29 -31
leaf_value=-0.019231860560583763 -0.0048145932972957295 0.0058371215445273206 -0.010640544660048535 0.0084015750672226525 0.0083703427718894285 0.011187839135684196 0.0081057832520989789 -0.0023068214826312203 -0.007609870169627957 0.014183325103186446 0.018842876438123976 0.0009170694374262215 -0.0086854384617458171 0.0038863954106652097 0.01580422825164856 0.018995539195742327 -9.9488999491358313e-06 0.014960147746967174 -0.014358503811658183 -0.00068597117212939218 0.014596429129357004 0.0072543840709798219 0.0043335707005072886 0.010968283683786875 0.00021297133855527163 -0.001422635297561907 -0.0009595422801893269 -0.0030735084089999164 -0.0011016392415018803 0.0055373514184486007
leaf_weight=3456.9593545198441 5398.5396324396133 1676.1022539138794 5275.3171089887619 367.12884330749512 2073.8196699619293 2205.8963792324066 2709.8791196346283 1149.9640276432037 1417.0068074464798 2315.9190232753754 2423.7419078350067 1306.9821598529816 1787.0608289241791 2011.0977385044098 281.78724026679993 467.77162599563599 3235.3832361698151 442.32871699333191 3648.2543421983719 594.36794078350067 216.86364912986755 2925.1660022735596 442.34381222724915 1400.9339070320129 2739.3719305992126 2898.7513391971588 1397.1674591302872 2093.6987133026123 925.08201169967651 2023.6037774085999
leaf_count=2470 2737 651 3174 160 773 694 968 512 781 699 721 573 988 832 87 148 1589 171 2412 283 101 1146 140 497 1150 1353 718 1113 384 803
internal_value=-8.95442e-05 0.00484849 -0.0103749 0.00165789 0.00879834 0.0107176 0.0048925 -0.00116394 -0.00684231 0.00845977 0.0151955 0.00285134 -0.00852862 0.00326927 0.00315513 0.00970883 -0.00301415 0.00588288 -0.0167296 -0.00258348 0.00339942 0.00529728 0.0126037 0.00668033 0.00234788 -0.000318262 -0.00430815 -0.00565776 0.00548429 0.00345452
internal_weight=61308.3 41421.6 19886.7 22913 18508.6 13811.3 10675.7 12237.3 12781.5 9181.7 4629.64 7498.03 9156.08 3603.39 4697.26 3177.65 8633.92 2453.43 7105.21 3625.41 811.232 4232.15 2758.26 6423.44 4415.47 3265.88 2814.17 3880.76 5022.51 2948.69
internal_count=28828 16788 12040 10189 6599 4711 4348 5841 7158 3296 1415 3232 5275 1515 1888 1116 4326 1003 4882 1883 384 1719 839 2457 1801 1513 1499 2101 1960 1187
is_linear=0
shrinkage=0.05


Tree=26
num_leaves=31
num_cat=0
split_feature=7 5 7 7 3 7 6 5 3 7 3 3 5 4 2 4 4 2 5 2 4 7 5 2 6 3 6 5 4 2
split_gain=1204.14 198.61 169.919 107.633 67.5011 49.7302 36.9798 34.7797 28.4326 26.3254 24.3743 23.7184 22.246 22.0285 21.1599 19.9137 18.861 19.2137 18.0068 18.9523 17.098 16.8583 15.0491 14.0355 13.4239 12.7041 11.9554 11.8719 11.4612 10.3475
threshold=5.5000000000000009 2.5000000000000004 2.5000000000000004 7.5000000000000009 1.0000000180025095e-35 9.5000000000000018 137.50000000000003 2.5000000000000004 1.5000000000000002 11.500000000000002 1.0000000180025095e-35 1.5000000000000002 4.5000000000000009 668.50000000000011 15951.500000000002 739.50000000000011 613.50000000000011 13910.500000000002 4.5000000000000009 16160.500000000002 639.50000000000011 1.5000000000000002 4.5000000000000009 10830.500000000002 142.50000000000003 1.0000000180025095e-35 120.50000000000001 4.5000000000000009 736.50000000000011 12279.500000000002
decision_type=2 2 2 2 2 2 2 2 2 2 2 2 2 2 2 2 2 2 2 2 2 2 2 2 2 2 2 2 2 2
left_child=2 5 21 8 6 16 9 -4 20 12 23 18 -5 25 -14 22 26 -18 19 -6 -3 -1 -8 -7 -22 -9 -2 -23 -25 -15
right_child=1 3 7 4 11 10 15 13 -10 -11 -12 -13 14 29 -16 -17 17 -19 -20 -21 24 27 -24 28 -26 -27 -28 -29 -30 -31
leaf_value=-0.019105637402891375 -0.0019335699927568719 0.0051438894891166938 -0.010189932997938179 0.0019370838486717408 0.00835650724262753 -0.0021545562854956382 0.010001950475085472 -0.0037404473393773878 0.015035929458469488 0.010399736030923763 0.0076729079255715487 0.02103937852083677 0.0058474007954790012 -0.0094129024895392484 0.018778660780362097 0.0036923511998751221 -0.0055902275335381856 0.00017579261537451008 0.015978517520010085 0.019153353390122183 -0.0021997258608095985 -0.01563817523852155 0.0164869495053768 0.004923868001000975 0.0038835290244823625 0.0029241797144933797 0.0073434735024156556 -0.0084987467906749003 -0.0028634695347444844 -0.0045167162306749926
leaf_weight=3371.9872337579727 694.453688621521 1853.3251028060913 4781.6388956308365 4698.0632218122482 2770.7657022476196 1867.7196683883667 2516.4209237098694 2465.761730670929 387.55611658096313 2035.2549726963043 2118.3198983669281 896.03695702552795 2094.425776720047 2335.1811774969101 372.63868165016174 809.91202080249786 4423.29816365242 2145.5659325122833 1992.2670300006866 476.32452630996704 3338.5566914081573 2850.5867877006531 1388.0748856067657 2379.5813304185867 1245.0895493030548 1007.08218729496 694.6875182390213 731.75876224040985 589.55296528339386 2006.1490126848221
leaf_count=2456 331 748 2890 1902 892 858 953 1356 128 710 767 241 777 1287 128 325 2227 1032 555 141 1464 1927 470 1056 535 486 325 475 276 1088
internal_value=-5.26328e-05 0.00473911 -0.0102948 0.00730689 0.00915297 0.000111762 0.00722655 -0.00683122 0.00188321 0.00538143 0.00320023 0.013522 0.00395599 -0.00477596 0.00780061 0.0108274 -0.00258751 -0.00370689 0.0122364 0.00994033 0.00109131 -0.0165682 0.0123074 0.0012414 -0.000547287 -0.00180779 0.00270573 -0.0141798 0.00337761 -0.00715035
internal_weight=61338 41787.9 19550.1 26874.7 20050.2 14913.2 13914.8 12595.8 6824.53 9200.38 6955.17 6135.39 7165.13 7814.17 2467.06 4714.41 7958.01 6568.86 5239.36 3247.09 6436.97 6954.33 3904.5 4836.85 4583.65 3472.84 1389.14 3582.35 2969.13 4341.33
internal_count=28806 16841 11965 9969 7094 6872 5265 7107 2875 3517 2957 1829 2807 4217 905 1748 3915 3259 1588 1033 2747 4858 1423 2190 1999 1842 656 2402 1332 2375
is_linear=0
shrinkage=0.05


Tree=27
num_leaves=31
num_cat=0
split_feature=7 5 7 7 1 7 5 5 2 3 3 7 3 6 3 3 7 6 7 2 1 2 2 3 1 1 6 5 2 1
split_gain=1140.52 188.204 170.873 115.124 65.6153 46.8836 37.1476 32.2266 30.1479 27.824 23.1548 22.6001 21.3392 19.534 18.4449 18.2756 15.931 15.3124 15.2193 15.0817 14.8703 13.6764 13.5001 12.552 12.2805 11.7868 12.9016 10.3838 10.28 9.95794
threshold=5.5000000000000009 2.5000000000000004 2.5000000000000004 7.5000000000000009 10.500000000000002 9.5000000000000018 2.5000000000000004 4.5000000000000009 13189.500000000002 1.0000000180025095e-35 1.5000000000000002 3.5000000000000004 1.0000000180025095e-35 171.50000000000003 1.5000000000000002 1.0000000180025095e-35 1.5000000000000002 128.50000000000003 11.500000000000002 14752.000000000002 7.5000000000000009 13234.500000000002 16530.500000000004 1.0000000180025095e-35 12.500000000000002 12.500000000000002 146.50000000000003 4.5000000000000009 12527.000000000002 16.500000000000004
decision_type=2 2 2 2 2 2 2 2 2 2 2 2 2 2 2 2 2 2 2 2 2 2 2 2 2 2 2 2 2 2
left_child=2 5 16 10 9 15 24 8 -6 17 20 -8 21 23 25 -2 -1 28 -10 -11 -3 29 -17 -9 -4 -13 -27 -18 -5 -7
right_child=1 3 6 4 7 12 11 13 18 19 -12 14 -14 -15 -16 22 27 -19 -20 -21 -22 -23 -24 -25 -26 26 -28 -29 -30 -31
leaf_value=-0.018923656234039615 -0.0041771961896023202 -0.0024061324955909104 -0.012028677118433988 0.00016036658371720852 0.0068367169212021107 -0.0022060659494977726 -0.0084323666677448457 0.012141437984228962 0.011591660541276994 0.0081596352854394084 0.013025064048632027 -0.0051002386389328502 0.007251779808727034 0.026540759000867577 0.01204499078460624 -0.00052228589388941544 -0.015467481941530154 0.0070944458729203788 0.020353469758401587 0.016478531303459262 0.0025700242123488006 0.0045254162311356956 0.009996278854562779 0.01865374238700954 -0.0066802949873400923 -0.0024855424557960262 0.0070576067191338845 -0.0087626678580688608 0.0052125834175982952 0.0059360597028323397
leaf_weight=3301.9457389116287 5500.6595187187195 2370.3200058937073 3023.2985945940018 2254.9351868629456 3811.6613466739655 2444.3934527635574 2497.423522233963 2193.6288194656372 1974.1398220062256 2214.38116979599 408.14353942871094 3231.2795566320419 2102.4876244068146 364.02552437782288 204.74989378452301 1987.0836018323898 2835.9981733560562 3065.1198284626007 661.75719451904297 722.62387537956238 4094.9967160224915 1878.7463352680206 360.36766505241394 1116.5281038284302 1664.0062618255615 1447.8339378833771 468.84498751163483 725.1068617105484 1819.1290661096573 443.68131756782532
leaf_count=2452 2844 1087 1876 950 1312 1132 1427 709 642 726 133 1750 756 101 94 878 1947 1229 187 223 1671 830 148 271 988 747 240 475 733 192
internal_value=-6.10448e-05 0.00459009 -0.0100796 0.00706418 0.00896628 3.92248e-05 -0.00660784 0.0118097 0.00967992 0.00611001 0.00147481 -0.00450477 0.00305564 0.0155471 -0.00267226 -0.00260099 -0.0164219 0.00442478 0.0137914 0.0102064 0.000745661 0.00120486 0.00109247 0.0143381 -0.01013 -0.00325761 -0.000151162 -0.0141023 0.00241626 -0.00095523
internal_weight=61189.3 41788.8 19400.5 27071.4 20197.9 14717.4 12537.4 10121.7 6447.56 10076.2 6873.46 7850.13 6869.31 3674.18 5352.71 7848.11 6863.05 7139.18 2635.9 2937.01 6465.32 4766.82 2347.45 3310.16 4687.3 5147.96 1916.68 3561.11 4074.06 2888.07
internal_count=28750 16754 11996 9974 7083 6780 7122 3222 2141 3861 2891 4258 2910 1081 2831 3870 4874 2912 829 949 2758 2154 1026 980 2864 2737 987 2422 1683 1324
is_linear=0
shrinkage=0.05


Tree=28
num_leaves=31
num_cat=0
split_feature=7 7 5 7 5 1 1 4 4 3 2 3 2 1 3 7 4 2 4 3 3 4 3 4 5 1 4 5 5 1
split_gain=1097.13 197.29 107.013 96.3076 88.0584 47.6591 45.8328 33.5548 28.0166 30.3356 24.4307 23.8315 23.382 22.4533 18.4486 18.135 17.9508 15.0637 14.5739 14.346 14.2902 14.0412 13.4925 14.6732 13.4627 13.0057 12.2658 12.1532 11.503 11.2293
threshold=4.5000000000000009 8.5000000000000018 2.5000000000000004 2.5000000000000004 4.5000000000000009 7.5000000000000009 8.5000000000000018 670.50000000000011 734.50000000000011 1.5000000000000002 9769.5000000000018 1.0000000180025095e-35 14185.500000000002 12.500000000000002 1.0000000180025095e-35 1.5000000000000002 661.50000000000011 10341.000000000002 654.50000000000011 1.0000000180025095e-35 1.5000000000000002 587.50000000000011 1.0000000180025095e-35 649.50000000000011 2.5000000000000004 6.5000000000000009 561.50000000000011 4.5000000000000009 1.5000000000000002 6.5000000000000009
decision_type=2 2 2 2 2 2 2 2 2 2 2 2 2 2 2 2 2 2 2 2 2 2 2 2 2 2 2 2 2 2
left_child=3 4 7 15 6 16 20 14 9 10 -7 17 29 24 -3 -1 -4 -8 -13 -15 21 -2 23 -14 -5 -9 -12 -17 -23 -6
right_child=1 2 5 13 12 8 11 25 -10 -11 26 18 22 19 -16 27 -18 -19 -20 -21 -22 28 -24 -25 -26 -27 -28 -29 -30 -31
leaf_value=-0.018960684045896577 0.0016681068943401049 0.00311640672910718 0.0085948907864949586 -0.013416822232485168 -0.00081956173492010471 0.0070283034222737521 -0.0046397526368343774 -0.0043191363647303469 0.0057649014400505223 0.025026524447202683 0.021435172333251234 0.0092499192668593338 0.016735518912915387 -0.0069151466706991018 0.010111019245777444 -0.015284128739258461 0.0029893840880019472 0.00056798955822860351 0.0015903064992968817 0.0008286035270253663 0.0054881489714705238 -0.010155457877797501 0.017743501034929658 0.0036272818752232359 -0.008177282247336071 0.0011850102487557905 0.012489305811294645 -0.0080320396743112782 -0.0049386448219067977 0.0056042584185228908
leaf_weight=3271.6597108840942 630.25117933750153 2925.3188046216965 2423.3970217704773 2010.9629611968994 991.26588773727417 2282.0322833061218 2045.6165027618408 1643.0906046628952 2167.0797863006592 432.24668908119202 410.68261170387268 1015.2825125455856 311.56182515621185 2165.8894476890564 1390.9445996284485 2823.4273830652237 3477.8827347755432 4323.3019187450409 1599.1932247877121 826.25724732875824 315.00048089027405 1390.2322373390198 513.23890733718872 678.22705268859863 3140.7670948505402 3094.4548165798187 5719.6723866462708 726.31042170524597 4404.0858825445175 2168.6611437797546
leaf_count=2476 310 1309 893 1271 451 751 1034 790 742 99 118 388 120 1263 488 1968 1359 2081 675 419 141 777 164 292 1772 1352 1745 480 2231 873
internal_value=-0.000122 0.00367823 0.00656852 -0.0118926 -3.30532e-06 0.00891698 -0.0017929 0.00218147 0.01086 0.0121084 0.0114446 0.000545331 0.006031 -0.0082217 0.00537047 -0.0162753 0.00529132 -0.00110467 0.00456477 -0.00477677 -0.0049096 -0.0054194 0.0111647 0.00775344 -0.0102225 -0.000723955 0.0130886 -0.0138003 -0.00619032 0.00358911
internal_weight=61318 46352.7 25966.8 14965.3 20385.9 16913 15723 9053.81 11011.7 8844.63 8412.39 8983.39 4662.95 8143.88 4316.26 6821.4 5901.28 6368.92 2614.48 2992.15 6739.57 6424.57 1503.03 989.789 5151.73 4737.55 6130.35 3549.74 5794.32 3159.93
internal_count=28832 19183 9646 9649 9537 5707 7637 3939 3455 2713 2614 4178 1900 4725 1797 4924 2252 3115 1063 1682 3459 3318 576 412 3043 2142 1863 2448 3008 1324
is_linear=0
shrinkage=0.05


Tree=29
num_leaves=31
num_cat=0
split_feature=5 3 3 1 1 4 1 4 1 1 2 4 3 4 5 4 2 2 2 3 4 6 3 2 2 2 6 6 5 5
split_gain=233.259 90.4285 82.0048 46.1149 44.5115 34.2618 30.7394 27.6456 22.5895 22.0511 22.0449 20.4319 19.8773 18.8439 18.1019 17.2787 16.1677 15.8133 15.6359 15.4201 13.8657 12.6786 12.2222 12.1313 11.3118 10.0811 9.95389 9.7465 9.67571 9.67355
threshold=3.5000000000000004 1.0000000180025095e-35 1.0000000180025095e-35 9.5000000000000018 7.5000000000000009 673.50000000000011 10.500000000000002 683.50000000000011 1.5000000000000002 4.5000000000000009 7936.0000000000009 681.50000000000011 1.5000000000000002 714.50000000000011 1.5000000000000002 623.50000000000011 10910.500000000002 16031.500000000002 12611.500000000002 1.5000000000000002 675.50000000000011 98.500000000000014 1.5000000000000002 8204.5000000000018 13327.500000000002 14600.000000000002 155.50000000000003 63.500000000000007 4.5000000000000009 1.5000000000000002
decision_type=2 2 2 2 2 2 2 2 2 2 2 2 2 2 2 2 2 2 2 2 2 2 2 2 2 2 2 2 2 2
left_child=1 3 4 20 17 9 13 14 -7 -3 -6 21 23 22 -5 -14 -8 26 -10 28 29 -12 -4 -11 -9 -16 -2 -13 -18 -1
right_child=2 5 6 7 10 8 16 24 18 12 11 27 15 -15 25 -17 19 -19 -20 -21 -22 -23 -24 -25 -26 -27 -28 -29 -30 -31
leaf_value=-0.0079903116194177046 -0.0036047198606472576 -0.0019740247469052408 0.0054405403398614868 -0.0039516919892372687 -0.0019257683586032682 -0.012679919943792648 0.0065438907848048289 -0.0065517986306865388 -0.0033244553148138894 -0.002697911161490596 0.0025306541760949804 -0.0058630878360192065 0.023131900036604477 -0.00051052242036878461 0.00014461286446738148 0.0066383267592565647 0.0078098534525358745 0.0038714192343037913 0.002511056378457787 0.021640297432842986 -0.0084466591109219093 0.0079685997695050446 0.014647121755268609 0.0057458841353829363 -0.0020007335733074573 0.0054279713991366744 0.0016896535248815071 0.0026120772782812275 0.01458490090114694 -0.0035163031814101822
leaf_weight=1787.52199614048 4789.2663254737854 1120.0932265520096 2481.0202350616455 2196.1364740133286 1650.4030089378357 428.00660228729248 1498.0960124731064 3758.7265831232071 2527.3415783643723 508.32858872413635 1487.5774855613708 366.44178974628448 287.73279118537903 1276.7929728031158 3349.4998173713684 354.33280086517334 1017.1843303442001 1114.9559876918793 2103.1208339929581 436.84508454799652 5948.3820403814316 3835.6155191659927 421.77112174034119 2606.692093372345 2144.2465406656265 1236.0679379701614 1089.7880222797394 4567.9252067804337 1093.5154616832733 3727.7784173488617
leaf_count=1024 2321 547 966 1155 742 223 516 2020 1212 229 619 171 107 535 1631 144 348 513 954 118 3398 1513 148 1094 1114 575 510 1986 340 2004
internal_value=-6.82765e-05 -0.00282188 0.00339149 -0.00447385 0.00157803 0.00119319 0.00755891 -0.00239669 -0.00168985 0.0041834 0.00343753 0.00430047 0.00601911 0.00455165 -0.000218932 0.0140297 0.0106657 -0.00158795 -0.00067401 0.0130896 -0.00677224 0.00644895 0.00677824 0.00436797 -0.00489863 0.00156877 -0.00262331 0.00198268 0.0113199 -0.00496634
internal_weight=61211.2 34084 27127.2 24148.4 18902 9935.65 8225.23 12684.7 5058.47 4877.18 11908 10257.6 3757.09 4179.58 6781.7 642.066 4045.64 6994.01 4630.46 2547.54 11463.7 5323.19 2902.79 3115.02 5902.97 4585.57 5879.05 4934.37 2110.7 5515.3
internal_count=28777 17431 11346 12921 8375 4510 2971 6495 2389 2121 5031 4289 1574 1649 3361 251 1322 3344 2166 806 6426 2132 1114 1323 3134 2206 2831 2157 688 3028
is_linear=0
shrinkage=0.05


Tree=30
num_leaves=31
num_cat=0
split_feature=7 7 5 7 5 3 4 4 6 3 3 7 3 7 2 6 3 5 4 2 2 7 2 4 5 7 5 2 6 2
split_gain=1078.83 206.686 97.0006 94.3117 70.8699 48.4325 29.3048 27.7097 27.571 25.1432 22.4342 21.79 19.8116 18.5488 17.3869 16.6329 16.368 16.1191 15.5222 15.3377 13.7123 13.4491 11.8176 11.5632 11.4757 11.2775 11.1074 10.6092 10.5855 9.62391
threshold=4.5000000000000009 8.5000000000000018 2.5000000000000004 2.5000000000000004 3.5000000000000004 1.0000000180025095e-35 670.50000000000011 642.50000000000011 137.50000000000003 1.0000000180025095e-35 1.0000000180025095e-35 11.500000000000002 1.0000000180025095e-35 1.5000000000000002 7509.5000000000009 156.50000000000003 1.0000000180025095e-35 4.5000000000000009 625.50000000000011 16097.500000000002 11542.500000000002 11.500000000000002 12162.500000000002 714.50000000000011 2.5000000000000004 6.5000000000000009 4.5000000000000009 7865.5000000000009 198.50000000000003 13456.500000000002
decision_type=2 2 2 2 2 2 2 2 2 2 2 2 2 2 2 2 2 2 2 2 2 2 2 2 2 2 2 2 2 2
left_child=3 4 6 13 9 8 16 14 11 15 24 17 27 -1 -6 25 -3 -4 -7 -11 -8 -22 -12 -24 -5 -2 -15 -9 -10 -14
right_child=1 2 5 10 7 18 20 12 28 19 22 -13 29 26 -16 -17 -18 -19 -20 -21 21 -23 23 -25 -26 -27 -28 -29 -30 -31
leaf_value=-0.018889215312390916 -0.0072988919331348438 0.0033961468793272313 0.0019227202737665192 -0.012646901389357167 -0.0036867245030742313 0.017875457567911941 -0.0030530268075688004 -0.0065502668612275466 0.0098274999530806734 -0.00046977662020025339 -0.0073404643221771024 0.0097706842010180407 0.0028935550821118329 -0.015046022258912814 0.008984514987077195 0.00091068367952590887 0.0099830872888820102 0.0074814500950474835 0.011447412283804656 0.0086219036591616977 0.00030421771283143609 0.0088291156586650377 0.0030561769166105807 -0.0080843410857097918 -0.0080407988145065386 -0.0031857047260515311 -0.0080498722201389119 0.00063552035916526967 0.01949527431798204 0.01012737987440239
leaf_weight=3181.7915217876434 3177.3425043821335 2894.5547254085541 3739.9093279838562 2175.2756985425949 305.07213366031647 1222.3472390174866 2197.349201798439 593.57738173007965 3667.3936433792114 2725.8371939659119 1246.5119915008545 2141.6216297149658 1165.1051265001297 2744.4887336492538 2404.3452010154724 1367.524080991745 1398.9287312030792 2002.4316837787628 4053.5685815811157 559.02381277084351 1939.6436314582825 607.57527828216553 783.56297290325165 331.44372153282166 3573.8821328878403 3504.50656914711 715.16294229030609 3815.0723818540573 306.82777810096741 759.51224529743195
leaf_count=2457 1800 1295 1444 1406 125 307 1020 282 1282 1261 675 725 435 1947 914 729 483 697 1152 237 873 261 404 182 2078 1771 475 1716 106 257
internal_value=6.66627e-05 0.00380074 0.00674055 -0.0117159 2.48361e-05 0.00895132 0.00254942 0.00332609 0.00717817 -0.00260897 -0.00809823 0.00546641 0.00151575 -0.0161339 0.00755777 -0.00411337 0.00554234 0.00386112 0.0129367 0.00107746 -0.000158948 0.00233762 -0.00399521 -0.000255422 -0.00978358 -0.0051416 -0.0135998 -0.000331969 0.0105739 0.00574824
internal_weight=61301.2 46549.1 26172.2 14752.1 20376.9 17134.1 9038.05 9042.68 11858.2 11334.2 8110.68 7883.96 6333.27 6641.44 2709.42 8049.37 4293.48 5742.34 5275.92 3284.86 4744.57 2547.22 2361.52 1115.01 5749.16 6681.85 3459.65 4408.65 3974.22 1924.62
internal_count=28796 19172 9645 9624 9527 5713 3932 3729 4254 5798 4745 2866 2690 4879 1039 4300 1778 2141 1459 1498 2154 1134 1261 586 3484 3571 2422 1998 1388 692
is_linear=0
shrinkage=0.05


Tree=31
num_leaves=31
num_cat=0
split_feature=5 3 1 3 1 2 1 4 4 4 3 2 6 5 4 5 6 2 4 4 4 2 4 6 4 1 1 3 4 6
split_gain=225.829 78.1811 69.5247 46.5208 46.2694 37.4299 35.5444 27.207 22.9844 22.3954 30.1772 20.1092 19.3827 19.1487 16.9871 16.7121 15.3589 15.1057 14.6502 14.58 13.9658 12.7589 11.1952 10.1413 10.0558 9.92984 9.82599 9.76296 9.74029 9.41533
threshold=3.5000000000000004 1.0000000180025095e-35 6.5000000000000009 1.5000000000000002 11.500000000000002 9720.5000000000018 2.5000000000000004 667.50000000000011 636.50000000000011 623.50000000000011 1.5000000000000002 18562.500000000004 134.50000000000003 1.5000000000000002 742.50000000000011 1.5000000000000002 169.50000000000003 12611.500000000002 742.50000000000011 678.50000000000011 645.50000000000011 14600.000000000002 600.50000000000011 98.500000000000014 678.50000000000011 7.5000000000000009 15.500000000000002 1.0000000180025095e-35 712.50000000000011 106.50000000000001
decision_type=2 2 2 2 2 2 2 2 2 2 2 2 2 2 2 2 2 2 2 2 2 2 2 2 2 2 2 2 2 2
left_child=1 4 12 5 13 16 -3 15 -7 10 23 18 20 -1 27 -6 -4 25 26 -15 -2 -17 -23 -8 -5 -11 29 -14 -27 -10
right_child=2 6 3 24 7 8 9 -9 11 17 -12 -13 14 19 -16 21 -18 -19 -20 -21 -22 22 -24 -25 -26 28 -28 -29 -30 -31
leaf_value=-0.0087983046834769485 0.0015002689517867951 -0.0066105876181246533 -0.00025749077720985602 0.021340846183602876 -0.003083155462413294 0.0092997271161669205 -0.0021236991872383756 -0.00397221842430637 0.00073251184104761418 -0.0052963219567985342 0.021590300056059865 0.012593284744369071 0.002622925518039056 -0.0029132383717352449 -0.0051305977190367266 0.0014328989812391517 0.0091454048160808151 0.0035750608446196812 0.00035929182105293948 -0.0068331359814336181 -0.0038405896927579011 0.017932348004102681 0.0049597390336201972 0.0067534895500674765 0.010698467616125322 0.0027430198465996139 0.0079723891361175372 0.0094824834315242103 -0.0033651254570307813 0.0054998938219538388
leaf_weight=4513.1419167518616 1821.1488193273544 1322.8182961940765 4214.1848685741425 464.58627343177795 1485.3231356143951 3624.4843964576721 447.02695345878601 5693.5193849802017 1602.0012964010239 1075.1067988872528 298.36556935310364 729.50667476654053 1875.9887137413025 4820.6730616092682 553.33691895008087 2172.326686501503 484.18424558639526 2874.5621289014816 2141.8455975055695 4670.4487943649292 3732.9654325246811 237.36242127418518 555.57412612438202 1147.7782835960388 425.02008485794067 1681.0358655452728 2070.0175461769104 716.95559012889862 1066.8957725763321 2929.5240261554718
leaf_count=2631 814 674 1808 131 781 1318 194 2994 669 551 112 275 869 2571 265 1052 191 1253 901 2634 1740 100 262 470 127 734 776 274 503 1194
internal_value=-1.65147e-06 -0.00271956 0.00337884 0.00509792 -0.00425438 0.00454011 0.00101909 -0.00168282 0.00591353 0.00219392 0.00699565 0.00461791 -0.000313138 -0.00611711 0.00282243 0.00124595 0.000711512 0.000836643 0.00395248 -0.00484217 -0.00208937 0.00341443 0.00884304 0.0042652 0.0162563 -0.00122239 0.00511828 0.00451961 0.000371507 0.00381451
internal_weight=61447.7 34062 27385.8 18685.4 24148.4 17795.7 9913.59 10144.1 13097.4 8590.77 1893.17 9472.9 8700.4 14004.3 3146.28 4450.59 4698.37 6697.6 8743.39 9491.12 5554.11 2965.26 792.937 1594.81 889.606 3823.04 6601.54 2592.94 2747.93 4531.53
internal_count=28868 17516 11352 7390 13025 7132 4491 5189 5133 3817 776 3815 3962 7836 1408 2195 1999 3041 3540 5205 2554 1414 362 664 258 1788 2639 1143 1237 1863
is_linear=0
shrinkage=0.05


Tree=32
num_leaves=31
num_cat=0
split_feature=7 7 5 7 5 1 1 4 4 6 3 3 2 3 7 7 3 1 5 3 6 2 1 2 2 5 3 5 4 5
split_gain=1027.66 188.469 92.3071 92.0372 75.5361 42.6849 40.202 28.1869 24.5867 23.9159 23.7658 21.6077 20.6717 18.6816 17.758 15.5201 14.8651 14.4514 14.4425 14.2275 12.6025 12.3789 11.7861 11.2442 10.9044 10.5953 10.3986 10.3818 10.9973 10.3762
threshold=4.5000000000000009 8.5000000000000018 2.5000000000000004 2.5000000000000004 4.5000000000000009 8.5000000000000018 7.5000000000000009 670.50000000000011 736.50000000000011 182.50000000000003 1.0000000180025095e-35 1.0000000180025095e-35 9720.5000000000018 1.0000000180025095e-35 1.5000000000000002 11.500000000000002 1.5000000000000002 11.500000000000002 2.5000000000000004 1.0000000180025095e-35 158.50000000000003 7805.5000000000009 12.500000000000002 13780.500000000002 13780.500000000002 4.5000000000000009 1.0000000180025095e-35 4.5000000000000009 593.50000000000011 1.5000000000000002
decision_type=2 2 2 2 2 2 2 2 2 2 2 2 2 2 2 2 2 2 2 2 2 2 2 2 2 2 2 2 2 2
left_child=3 4 7 14 5 16 19 17 9 12 18 -6 -8 29 -1 -14 20 -3 -7 27 -2 -20 -17 -9 -13 -16 -19 28 -4 -5
right_child=1 2 6 13 11 10 8 23 -10 -11 -12 24 15 -15 25 22 -18 26 21 -21 -22 -23 -24 -25 -26 -27 -28 -29 -30 -31
leaf_value=-0.018756077514655415 -0.0063063885388031666 0.0027666450409882825 0.010611013007361413 -0.013988125398781965 0.0031845017543754143 -0.003643223822752751 0.0066915927667933464 -0.0020948611927994365 0.0054679172069697591 0.021268623800230105 0.0045233076205347961 0.0069602823687470441 0.010656843578064207 -0.0042329469402250675 -0.014973564415493971 0.011185440014123804 0.0056153482171543631 0.0058508308944051693 -0.0064628264411129097 0.0091065934506290233 -0.00030035942087715614 0.0023417302464858345 0.019408414750078734 0.0031150096456373441 0.015579902518234654 -0.0081406194767324226 0.013785779066509152 0.0069523126254319202 0.00067046706857524282 -0.0085341824088440536
leaf_weight=3112.0395113229752 5198.9764873981476 2540.2314696311951 314.61378216743469 1074.6102640628815 3278.7450531721115 2987.8163253068924 2296.891793012619 3145.0131812095642 2143.7637090682983 577.03292965888977 2650.534264087677 926.40512895584106 4507.3975601196289 2311.0926600694656 2688.7991952896118 724.70397424697876 328.46533095836639 1191.3261268138885 462.80066311359406 1684.0593504905701 1049.7818450927734 2905.6719723939896 1092.9596667289734 1544.1445535421371 607.53540277481079 719.0517510175705 631.87808036804199 1544.9201512336731 2405.9076129198074 4627.1627451181412
leaf_count=2450 2734 1105 123 714 1412 1595 738 1464 721 165 1061 330 1354 1241 1940 209 146 500 223 521 539 1309 279 677 187 480 195 580 1017 2777
internal_value=-1.57737e-06 0.00360901 0.00640265 -0.0116143 6.92289e-07 -0.00169022 0.00854407 0.00231213 0.0102901 0.0114139 0.000545941 0.00547606 0.0107543 -0.00802504 -0.0160254 0.0122297 -0.0047524 0.00520441 -0.0011126 0.00521527 -0.00529738 0.00113206 0.0161299 -0.000379245 0.0103742 -0.0135318 0.00860089 0.00367892 0.00182004 -0.00956208
internal_weight=61274.3 46741.6 26344.8 14532.8 20396.7 15584 17292.3 9052.59 11342.7 9198.99 9006.82 4812.69 8621.95 8012.87 6519.89 6325.06 6577.22 4363.44 6356.29 5949.5 6248.76 3368.47 1817.66 4689.16 1533.94 3407.85 1823.2 4265.44 2720.52 5701.77
internal_count=28786 19184 9648 9602 9536 7607 5707 3941 3466 2745 4188 1929 2580 4732 4870 1842 3419 1800 3127 2241 3273 1532 488 2141 517 2420 695 1720 1140 3491
is_linear=0
shrinkage=0.05


Tree=33
num_leaves=31
num_cat=0
split_feature=7 7 5 7 1 5 5 2 4 1 1 3 3 4 1 7 4 4 6 2 5 6 6 3 6 7 5 5 2 2
split_gain=969.105 163.46 114.6 85.4056 50.182 39.2336 29.8221 29.8213 26.1454 25.5181 24.5289 24.1245 21.2339 20.6585 17.8384 17.591 17.3597 14.5778 13.4121 13.3709 13.1872 13.0537 12.6534 12.1485 11.8174 11.6111 10.9961 10.9535 10.8277 10.2834
threshold=4.5000000000000009 7.5000000000000009 4.5000000000000009 2.5000000000000004 11.500000000000002 3.5000000000000004 1.5000000000000002 14320.500000000002 621.50000000000011 8.5000000000000018 13.500000000000002 1.0000000180025095e-35 1.5000000000000002 656.50000000000011 12.500000000000002 1.5000000000000002 730.50000000000011 676.50000000000011 121.50000000000001 7509.5000000000009 1.5000000000000002 104.50000000000001 136.50000000000003 1.0000000180025095e-35 145.50000000000003 11.500000000000002 4.5000000000000009 2.5000000000000004 16160.500000000002 7509.5000000000009
decision_type=2 2 2 2 2 2 2 2 2 2 2 2 2 2 2 2 2 2 2 2 2 2 2 2 2 2 2 2 2 2
left_child=3 5 4 15 6 9 -3 12 -4 -2 21 22 16 19 27 -1 18 -9 -6 -7 -11 -10 28 -22 -15 -20 -17 -5 -8 -24
right_child=1 2 8 14 7 13 11 17 10 20 -12 -13 -14 24 -16 26 -18 -19 25 -21 23 -23 29 -25 -26 -27 -28 -29 -30 -31
leaf_value=-0.018396671039439465 -0.0064409598181711649 -0.0025183129452236784 0.016295824676768402 -0.012669403162436694 0.0029497645259965156 -0.0046403148400102796 -0.00098741773702755724 0.01392316080847701 0.002714276224622645 -0.0046092785232233566 0.013583457862050147 0.0067593381890405403 0.017809655732023168 -0.0016994991399781367 -0.0048396111042705962 -0.014654252852357476 -0.00066641647411957679 0.0071147013441829211 0.0060389903983247666 0.0068650383592232843 -0.00099041304003258347 0.0089043068839797287 -0.0041121022881555648 0.0056972699189147165 0.004460453284604613 0.013605821404721274 -0.0077170041855970581 -0.0078787094950311873 0.0054601562170903187 0.0054658883027030106
leaf_weight=3054.7550485134125 3466.8773735761642 3103.85675740242 1685.1026990413666 1940.8115218877792 2833.0723143815994 284.80925953388214 4143.9741635322571 1543.1291973590851 1265.2693932056427 1547.9733333587646 2108.6763339042664 3107.1332557201385 294.33202624320984 3147.4594216346741 2971.5371707677841 2658.4734407663345 1504.3755977153778 1602.8065878152847 2149.4573837518692 2227.5296202898026 2284.0864853858948 2605.7127819061279 318.57643866539001 966.37236893177032 1034.4927028417587 663.45629048347473 727.54851055145264 3097.2436023950577 772.54694616794586 2328.7553268671036
leaf_count=2451 1941 1465 477 1281 1063 123 1848 497 438 818 587 1059 79 1386 1701 1946 611 575 786 881 1183 871 141 414 444 216 489 1787 321 992
internal_value=-3.52392e-05 0.00344706 0.00546243 -0.011359 0.003785 -0.000868064 0.00179536 0.00637285 0.0107948 -0.00317248 0.00924459 0.00305007 0.00464811 0.00197716 -0.00791205 -0.0156456 0.00410633 0.0104544 0.00537804 0.00556074 -0.000811003 0.00688103 0.00152635 0.000997858 -0.000175707 0.00782371 -0.0131637 -0.00972423 2.57079e-05 0.00431329
internal_weight=61440.2 46989.8 32030.2 14450.4 24365.5 14959.6 13774.8 10590.6 7664.76 8265.31 5979.66 10671 7444.69 6694.29 8009.59 6440.78 7150.36 3145.94 5645.99 2512.34 4798.43 3870.98 7563.85 3250.46 4181.95 2812.91 3386.02 5038.06 4916.52 2647.33
internal_count=28871 19216 12026 9655 9653 7190 5826 3827 2373 4356 1896 4361 2755 2834 4769 4886 2676 1072 2065 1004 2415 1309 3302 1597 1830 1002 2435 3068 2169 1133
is_linear=0
shrinkage=0.05


Tree=34
num_leaves=31
num_cat=0
split_feature=7 7 5 7 5 5 4 2 1 4 1 6 3 6 1 7 3 7 4 2 2 4 1 6 3 2 4 5 5 1
split_gain=943.806 168.287 110 89.0254 44.9841 44.78 34.12 33.6562 30.855 24.0045 19.0589 19.055 18.579 18.4676 17.3434 17.042 16.7875 15.859 14.028 13.0518 13.035 12.7599 11.6321 15.5261 11.3932 10.5324 10.4382 10.3671 9.99332 9.6702
threshold=4.5000000000000009 7.5000000000000009 2.5000000000000004 2.5000000000000004 4.5000000000000009 4.5000000000000009 670.50000000000011 13411.500000000002 9.5000000000000018 622.50000000000011 12.500000000000002 122.50000000000001 1.0000000180025095e-35 106.50000000000001 6.5000000000000009 1.5000000000000002 1.0000000180025095e-35 10.500000000000002 581.50000000000011 9812.5000000000018 12611.500000000002 585.50000000000011 16.500000000000004 181.50000000000003 1.0000000180025095e-35 14185.500000000002 589.50000000000011 4.5000000000000009 2.5000000000000004 6.5000000000000009
decision_type=2 2 2 2 2 2 2 2 2 2 2 2 2 2 2 2 2 2 2 2 2 2 2 2 2 2 2 2 2 2
left_child=3 5 6 15 7 8 16 11 -2 -6 28 -4 21 19 -8 -1 -3 -13 -9 -11 -16 -10 23 -15 -20 29 -12 -17 -5 -7
right_child=1 2 4 10 9 25 14 18 12 13 26 17 -14 22 20 27 -18 -19 24 -21 -22 -23 -24 -25 -26 -27 -28 -29 -30 -31
leaf_value=-0.01845486315991984 -0.0052424087141755213 0.0023152115431463753 0.0014553044793494008 -0.012523124808390294 0.015738161997081512 -0.0025688779675750299 -0.0051111910088407816 0.01764896869706601 0.0062430746556676204 -0.001272641788707234 0.0039558085094222369 0.0034508200921969157 0.0042538491553260997 0.0086965325358496232 -0.0019101584562928806 -0.014705346936104247 0.0083351333993294842 0.0097317156463683965 0.0065735795543086194 0.0076395846454930146 0.003947828107963517 -0.0027493231863680713 0.017166800643485174 0.020040191139393163 0.012021248052129322 0.0080023975117792766 -0.0056330019649445257 -0.0078797961065822011 -0.0079056140660175005 0.0042659152644358963
leaf_weight=3004.2035549879074 5447.5305901765823 3543.9990594387054 4234.4235188961029 1897.4267621040344 1730.4523582458496 759.19613742828369 1955.0590815544128 427.27765154838562 439.2974591255188 556.1068639755249 317.87307786941528 2257.7725404500961 1769.06776034832 2909.6995959281921 2155.4068529605865 2637.3187981843948 1720.2181390523911 1811.2911877632141 3256.0744349956512 1572.276202917099 1697.5307178497314 3867.7637946605682 657.20441651344299 336.53182411193848 1360.9037041664124 1101.0712534189224 2648.9530485868454 705.03683459758759 3063.7596770524979 1625.6988041400909
leaf_count=2455 2895 1614 1576 1267 481 354 981 132 206 191 176 863 719 933 1001 1959 601 586 1176 494 734 1958 176 99 386 429 1528 478 1784 658
internal_value=-4.33763e-05 0.00336416 0.00540326 -0.0113087 0.00752031 -0.00100789 0.00136694 0.00576018 -0.00250997 0.010547 -0.00777581 0.00380328 -6.02058e-05 0.00905769 -0.00127553 -0.015722 0.00428238 0.00624668 0.00898147 0.00531099 0.000670759 -0.00183215 0.0111006 0.00987251 0.00817934 0.00395759 -0.00460563 -0.0132656 -0.0096716 0.00209016
internal_weight=61466.4 47191.9 32182.2 14274.6 21110 15009.6 11072.2 13347.7 11523.7 7762.27 7928.01 8303.49 6076.13 6031.82 5808 6346.56 5264.22 4069.06 5044.26 2128.38 3852.94 4307.06 3903.44 3246.23 4616.98 3485.97 2966.83 3342.36 4961.19 2384.89
internal_count=28890 19243 12024 9647 7093 7219 4931 4719 5778 2374 4755 3025 2883 1893 2716 4892 2215 1449 1694 685 1735 2164 1208 1032 1562 1441 1704 2437 3051 1012
is_linear=0
shrinkage=0.05


Tree=35
num_leaves=31
num_cat=0
split_feature=7 7 7 5 5 1 1 4 3 5 7 4 2 3 2 3 3 2 2 4 1 1 4 1 4 3 3 5 5 4
split_gain=892.033 160.548 89.8568 74.9473 61.9988 38.3947 33.9925 20.5361 20.3363 20.2417 17.9601 17.457 17.1515 15.6838 15.3637 15.277 13.6864 13.1267 13.0569 12.939 12.2413 12.194 12.8563 12.0983 11.7871 10.9764 10.5431 10.2443 9.69782 9.50303
threshold=4.5000000000000009 8.5000000000000018 2.5000000000000004 2.5000000000000004 4.5000000000000009 8.5000000000000018 10.500000000000002 690.50000000000011 1.0000000180025095e-35 2.5000000000000004 1.5000000000000002 730.50000000000011 16223.500000000002 1.5000000000000002 8627.0000000000018 1.5000000000000002 1.0000000180025095e-35 16530.500000000004 11024.500000000002 581.50000000000011 5.5000000000000009 4.5000000000000009 650.50000000000011 15.500000000000002 553.50000000000011 1.0000000180025095e-35 1.0000000180025095e-35 4.5000000000000009 4.5000000000000009 667.50000000000011
decision_type=2 2 2 2 2 2 2 2 2 2 2 2 2 2 2 2 2 2 2 2 2 2 2 2 2 2 2 2 2 2
left_child=2 4 10 8 5 17 12 24 18 -4 -1 14 16 21 -8 29 -5 -2 23 -16 -10 -6 -23 -3 -7 -26 -19 -18 -12 -11
right_child=1 3 9 6 13 7 11 -9 20 15 28 -13 -14 -15 19 -17 27 26 -20 -21 -22 22 -24 -25 25 -27 -28 -29 -30 -31
leaf_value=-0.018311192711088185 -0.0053398005343705162 -0.0040270801565481769 -0.010756120590314696 0.0031810907925395103 -0.00070678346980479446 0.012096078147559614 0.0060731823790290546 -0.0022303400420622074 0.00027295976513175643 -0.0036503436760993951 -0.014368535474731037 0.0055720333346500998 0.010865724061107499 0.016657650376308827 0.018504164060050319 0.0076332548860303792 0.0052397678622666116 -0.0023318711038154251 0.0024147187911545513 0.011207705514026776 0.0077139122854637428 0.009672607972977823 0.003380099140273117 0.0045059331876634405 0.00043267791306449935 0.0056189927040157933 0.0099284289988733204 0.012256798725918745 -0.0077161639032719337 -0.0081453672477116434
leaf_weight=2984.011089682579 5744.1290531158447 1990.175555229187 2959.5375533103943 5251.6290752887726 990.77699422836304 307.37696611881256 1310.5758004188538 3838.6781331300735 760.88872587680817 2143.6407861709595 2542.8436900377274 1889.7219130992889 1266.2841753959656 267.55423712730408 687.69078850746155 211.01257693767548 1391.7973351478577 577.84470641613007 3732.9342023134232 5216.864688873291 2020.3927562236786 1241.9615521430969 2343.1935278177261 524.9666234254837 3378.5999567508698 1461.4957667589188 251.74282169342041 830.5006468296051 698.29541194438934 2604.307464838028
leaf_count=2483 3044 964 1946 2053 440 130 403 1855 313 1205 1917 605 425 76 169 102 432 304 1707 1447 687 444 952 236 1629 559 108 225 477 1531
internal_value=-7.95135e-07 0.00329494 -0.0110174 0.00583372 -4.90253e-05 -0.00158678 0.00771195 0.000537547 0.00212171 -0.0074838 -0.0155122 0.00985004 0.00548465 0.00489106 0.0109705 -0.00553087 0.00457295 -0.00449069 0.000538542 0.0120575 0.00567825 0.00420307 0.00555994 -0.00224605 0.00260167 0.00199872 0.00138858 0.00786212 -0.0129353 -0.00611592
internal_weight=61421.4 47277.8 14143.6 26874.4 20403.4 15559.9 17845.1 8986.15 9029.36 7918.5 6225.15 9104.85 8740.21 4843.49 7215.13 4958.96 7473.93 6573.72 6248.08 5904.56 2781.28 4575.93 3585.16 2515.14 5147.47 4840.1 829.588 2222.3 3241.14 4747.95
internal_count=28868 19207 9661 9666 9541 7629 5759 4173 3907 4784 4877 2624 3135 1912 2019 2838 2710 3456 2907 1616 1000 1836 1396 1200 2318 2188 412 657 2394 2736
is_linear=0
shrinkage=0.05


Tree=36
num_leaves=31
num_cat=0
split_feature=7 7 5 7 5 5 4 1 4 4 6 3 5 1 4 7 1 1 3 1 1 3 1 3 3 6 5 5 4 1
split_gain=844.653 150.916 88.6902 84.4898 47.738 44.0691 33.8801 26.422 23.0729 20.0442 19.2054 18.5337 18.0447 17.9472 17.8434 17.1967 16.9182 14.673 13.3981 12.909 12.7441 12.2568 11.4849 10.7919 10.0518 9.91296 9.35646 9.23672 9.23372 8.48127
threshold=4.5000000000000009 7.5000000000000009 4.5000000000000009 2.5000000000000004 1.5000000000000002 3.5000000000000004 672.50000000000011 6.5000000000000009 742.50000000000011 650.50000000000011 182.50000000000003 1.0000000180025095e-35 1.5000000000000002 8.5000000000000018 731.50000000000011 1.5000000000000002 6.5000000000000009 12.500000000000002 1.0000000180025095e-35 13.500000000000002 16.500000000000004 1.0000000180025095e-35 16.500000000000004 1.0000000180025095e-35 1.0000000180025095e-35 155.50000000000003 4.5000000000000009 3.5000000000000004 668.50000000000011 13.500000000000002
decision_type=2 2 2 2 2 2 2 2 2 2 2 2 2 2 2 2 2 2 2 2 2 2 2 2 2 2 2 2 2 2
left_child=3 5 4 15 14 13 11 -8 10 20 16 19 -5 -2 22 -1 -4 -14 -15 25 -7 -11 -3 27 -18 -6 -17 -9 -19 -10
right_child=1 2 8 12 6 9 7 23 29 21 -12 -13 17 18 -16 26 24 28 -20 -21 -22 -23 -24 -25 -26 -27 -28 -29 -30 -31
leaf_value=-0.018186798845560414 -0.0063197301007394298 -0.0002993917035284449 0.0060608297015697409 -0.012451658437637533 0.0026625430147899296 0.004111673504035792 -0.0011659890934385155 0.0012986456006519459 0.0008438386726664015 -0.0018273739598198815 0.020916297302480499 0.010183901129031624 -0.0082118066372797067 -0.0032498908188537652 -0.0060787100600834523 -0.014273853940418371 0.010057534509776075 9.6287331460731144e-05 0.0026280923095021369 0.008549268557038579 0.014415561539016235 0.0038936696172941539 0.0066761908090443994 0.0073309171993271782 0.015156197366527988 0.0088516306156203074 -0.0077267327749665068 0.0058093253997205897 -0.0061462899953207131 0.0094562409265732186
leaf_weight=2860.3832138776779 3425.2616097927094 3507.9675488471985 1824.2093482017517 1486.5555347204208 3548.32972240448 1926.3369650840759 3120.8696513175964 2914.5078037977219 901.72189712524414 3032.3593506813049 439.38688039779663 2867.4927341938019 3905.5310349464417 3396.7620612382889 1181.2983639240265 2529.5082430839539 2811.9518260955811 1111.3093671798706 1356.6491264104843 2122.6217007637024 355.460862159729 1354.318430185318 709.40093350410461 2136.1819152832031 1473.0353565216064 791.24973821640015 695.80339384078979 1858.7669613361359 1268.5345680713654 418.54420733451843
leaf_count=2425 1953 1574 628 997 1440 769 1372 1267 311 1420 121 849 2377 1806 565 1934 852 615 590 720 125 499 288 661 332 308 479 642 739 123
internal_value=-9.18961e-05 0.00307824 0.00497991 -0.0109524 0.00351028 -0.0011008 0.00466967 0.00265239 0.00960398 0.00191598 0.0108197 0.00683844 -0.00749766 -0.00356053 -0.000647369 -0.0153644 0.0100935 -0.00632599 -0.00157228 0.00535395 0.00571682 -6.10909e-05 0.000873967 0.00437708 0.0118103 0.00379102 -0.0128614 0.00305516 -0.00323121 0.0035741
internal_weight=61332.3 47474.7 32627.5 13857.6 24758.7 14847.1 19360 10030.3 7868.85 6668.48 6548.58 9329.69 7771.93 8178.67 5398.67 6085.69 6109.2 6285.37 4753.41 6462.2 2281.8 4386.68 4217.37 6909.46 4284.99 4339.58 3225.31 4773.27 2379.84 1320.27
internal_count=28781 19215 12053 9566 9686 7162 7259 3942 2367 2813 1933 3317 4728 4349 2427 4838 1812 3731 2396 2468 894 1919 1862 2570 1184 1748 2413 1909 1354 434
is_linear=0
shrinkage=0.05


Tree=37
num_leaves=31
num_cat=0
split_feature=7 7 5 7 5 5 4 4 7 1 3 1 6 6 7 1 4 3 1 3 5 6 3 5 3 1 1 4 1 1
split_gain=828.515 146.017 90.8112 85.083 41.9529 37.0634 31.0427 21.9614 20.4364 20.3526 20.0034 19.2374 19.0338 18.5597 17.3549 15.5449 15.2243 14.2432 13.8718 13.6977 13.0446 12.4605 11.5171 11.1342 10.9926 10.659 10.3313 9.57322 8.9661 8.95155
threshold=4.5000000000000009 7.5000000000000009 2.5000000000000004 2.5000000000000004 3.5000000000000004 4.5000000000000009 670.50000000000011 742.50000000000011 11.500000000000002 12.500000000000002 1.0000000180025095e-35 8.5000000000000018 181.50000000000003 137.50000000000003 1.5000000000000002 15.500000000000002 714.50000000000011 1.0000000180025095e-35 6.5000000000000009 1.5000000000000002 4.5000000000000009 155.50000000000003 1.5000000000000002 4.5000000000000009 1.0000000180025095e-35 7.5000000000000009 13.500000000000002 622.50000000000011 13.500000000000002 11.500000000000002
decision_type=2 2 2 2 2 2 2 2 2 2 2 2 2 2 2 2 2 2 2 2 2 2 2 2 2 2 2 2 2 2
left_child=3 4 6 14 11 8 19 12 10 20 13 -2 15 25 -1 27 22 -13 -8 21 -5 -3 26 -16 -11 -4 -6 -7 -9 -10
right_child=1 2 5 9 16 7 18 28 29 24 -12 17 -14 -15 23 -17 -18 -19 -20 -21 -22 -23 -24 -25 -26 -27 -28 -29 -30 -31
leaf_value=-0.018042068137155708 -0.0062065830207880613 0.0023479909857709752 -0.0020646211804929075 -0.010676507747508543 0.0012986944020460438 0.012262135017763765 -0.0046949841996791293 0.0007399053165642103 0.0063235840411611849 -0.005995888220484186 0.0075530974292368387 -0.0030382132234069003 0.020346090631430776 0.0064118750215320115 -0.014230287114593074 0.014405498435461853 -0.001534247517959051 0.0029446393948367056 0.0005296869714856116 0.014210179230075452 -0.0044992689120856673 0.0090172754527573507 0.013048784264549702 -0.0071057284023025016 0.00067704825145880514 0.0028105361461833287 0.0066143486490491954 0.0072210260803227278 0.0095666376175667957 0.011738753484671217
leaf_weight=2828.8555198907852 3399.0807478427887 4126.6123093366623 1750.5215531587601 3751.9190315008163 2910.6750491857529 1299.4925994873047 1889.8117097616196 868.23308992385864 1582.5197741985321 2065.4819488525391 3251.770147562027 3411.9509332180023 481.45719122886658 2424.6874276399612 2500.2410591840744 1531.8048202991486 2066.9655947685242 1404.1957920789719 3876.3431297540665 316.34671473503113 1106.7390129566193 843.51308643817902 303.60591888427734 702.45573103427887 880.17423760890961 3118.6910090446472 1332.5440335273743 3421.185751914978 430.28380632400513 1473.9655566215515
leaf_count=2442 1944 1747 772 2432 1268 362 952 302 547 1264 963 1819 128 899 1940 383 919 608 1737 99 633 354 86 487 452 1138 513 1089 127 409
internal_value=3.94744e-05 0.00317483 0.00504172 -0.0107282 -0.000940293 0.00692541 0.00135456 0.00961847 0.00533507 -0.00728128 0.00429169 -0.00332651 0.0107665 0.00283769 -0.0151883 0.0100289 0.00202372 -0.00129385 -0.00118266 0.00412199 -0.00926941 0.00347988 0.00364115 -0.0126676 -0.00400199 0.00105788 0.00296803 0.00860873 0.00366478 0.00893501
internal_weight=61352.1 47516.3 32687.2 13835.9 14829 21634.6 11052.6 8032.46 13602.2 7804.31 10545.7 8215.23 6733.94 7293.9 6031.55 6252.48 6613.79 4816.15 5766.15 5286.47 4858.66 4970.13 4546.83 3202.7 2945.66 4869.21 4243.22 4720.68 1298.52 3056.49
internal_count=28815 19165 12008 9650 7157 7119 4889 2391 4728 4781 3772 4371 1962 2809 4869 1834 2786 2427 2689 2200 3065 2101 1867 2427 1716 1910 1781 1451 429 956
is_linear=0
shrinkage=0.05


Tree=38
num_leaves=31
num_cat=0
split_feature=7 7 7 5 5 1 2 4 1 4 7 5 7 4 4 1 4 6 2 1 4 1 2 5 6 4 2 5 2 1
split_gain=798.498 135.648 81.3193 66.2241 48.9146 33.9081 29.8223 26.063 20.8048 20.7528 19.7463 18.9515 18.4946 15.0569 13.8402 13.5225 12.9223 12.8855 11.5875 10.9467 11.3984 10.6836 10.6325 10.4621 10.4376 10.2751 9.89398 9.43756 9.2214 8.78456
threshold=4.5000000000000009 9.5000000000000018 2.5000000000000004 2.5000000000000004 4.5000000000000009 11.500000000000002 15716.500000000002 642.50000000000011 8.5000000000000018 703.50000000000011 6.5000000000000009 1.5000000000000002 1.5000000000000002 667.50000000000011 561.50000000000011 11.500000000000002 742.50000000000011 171.50000000000003 10293.500000000002 15.500000000000002 644.50000000000011 10.500000000000002 17256.500000000004 1.5000000000000002 136.50000000000003 745.50000000000011 8388.5000000000018 4.5000000000000009 14600.000000000002 7.5000000000000009
decision_type=2 2 2 2 2 2 2 2 2 2 2 2 2 2 2 2 2 2 2 2 2 2 2 2 2 2 2 2 2 2
left_child=2 3 12 9 6 10 8 18 24 15 -5 -4 -1 -13 -10 -2 26 19 -7 20 -6 -8 25 -16 -3 -9 -12 -14 -17 -15
right_child=1 4 11 5 17 7 21 22 14 -11 16 13 27 29 23 28 -18 -19 -20 -21 -22 -23 -24 -25 -26 -27 -28 -29 -30 -31
leaf_value=-0.018052742592524467 -0.0030865989270041378 -0.00040355448471164781 -0.012409963172532892 -0.0025197107554626652 0.012199561451245004 0.0038979130008525223 0.0062070867578968916 0.0034554608243076174 0.013973149317082795 -0.0059469059363991749 -0.0016276022407316262 -0.0034029019286765266 -0.013905213351921237 -0.011576327014777161 0.0010175904955404499 -0.00014031170489678383 -0.0028356901573383759 0.017384600240616086 0.011506819112738535 0.01372620535849658 0.0060856115960510292 0.012347035260349654 0.0096168310939747804 0.0057161773809389794 0.0042380645664125789 -0.0021728157519718535 0.0041680720424086435 -0.0072818824552076285 0.006536366003097995 -0.0063580345990546907
leaf_weight=2789.0410910844803 3387.3490462303162 3473.7986155748367 1473.5127571821213 3478.3303372859955 1109.9460544586182 710.12891936302185 1417.6923890113831 3660.9864966869354 431.67416739463806 3315.2636821269989 885.71237277984619 2823.624303817749 2480.7644743919373 1297.8254151344299 1487.6084127426147 1853.0554559230804 1070.7672570943832 559.05802059173584 1693.9084421396255 1091.9332423210144 2434.1031849384308 1416.2248322963715 539.97410416603088 5819.198704957962 1859.4759258031845 1041.6460016965866 4367.6424210071564 686.71209144592285 717.34567904472351 2130.3399324417114
leaf_count=2451 1814 1447 1009 1714 295 264 551 1433 130 1804 377 1652 1952 831 601 893 461 141 559 256 735 421 197 1887 748 435 1749 480 329 1279
internal_value=-4.2519e-05 0.00300472 -0.0106937 0.000638409 0.00600145 0.00245295 0.00462563 0.0049485 0.00361756 -0.00277603 0.000506232 -0.00730892 -0.0150836 -0.00610663 0.00527354 -0.00101155 0.00217053 0.0102138 0.00925922 0.00934903 0.00800041 0.00927547 0.00297179 0.00475958 0.00121477 0.00220878 0.00319092 -0.0124693 0.00172301 -0.00833356
internal_weight=61504.6 47822.8 13681.8 26722.1 21100.7 17449.1 15905.7 7646.64 13071.8 9273.01 9802.45 7725.3 5956.52 6251.79 7738.48 5957.75 6324.12 5195.04 2404.04 4635.98 3544.05 2833.92 5242.61 7306.81 5333.27 4702.63 5253.35 3167.48 2570.4 3428.17
internal_count=28895 19241 9654 12029 7212 7189 5785 2888 4813 4840 4301 4771 4883 3762 2618 3036 2587 1427 823 1286 1030 972 2065 2488 2195 1868 2126 2432 1222 2110
is_linear=0
shrinkage=0.05


Tree=39
num_leaves=31
num_cat=0
split_feature=7 5 7 7 1 1 7 3 4 1 7 5 5 4 2 3 4 2 4 7 3 4 3 5 2 5 3 2 2 2
split_gain=762.412 123.732 98.3678 84.4911 40.8844 36.4077 30.8066 26.8368 22.1566 19.9949 17.9614 17.6762 16.742 14.493 13.7446 13.4212 13.2832 12.788 12.6432 12.4758 12.4017 12.0692 10.4511 10.3397 10.7158 10.0945 10.0458 9.76989 9.76558 9.65666
threshold=4.5000000000000009 4.5000000000000009 8.5000000000000018 2.5000000000000004 6.5000000000000009 8.5000000000000018 7.5000000000000009 1.0000000180025095e-35 692.50000000000011 15.500000000000002 1.5000000000000002 2.5000000000000004 1.5000000000000002 742.50000000000011 14600.000000000002 1.0000000180025095e-35 587.50000000000011 16370.500000000002 673.50000000000011 11.500000000000002 1.5000000000000002 553.50000000000011 1.5000000000000002 1.5000000000000002 12486.500000000002 4.5000000000000009 1.0000000180025095e-35 10341.000000000002 12162.500000000002 16530.500000000004
decision_type=2 2 2 2 2 2 2 2 2 2 2 2 2 2 2 2 2 2 2 2 2 2 2 2 2 2 2 2 2 2
left_child=3 2 5 10 18 16 -3 12 21 13 -1 -5 -6 26 -14 -13 -2 20 -4 -11 -9 -7 29 -18 -25 -12 -8 -10 -17 -23
right_child=1 6 4 11 7 8 9 17 27 19 25 15 14 -15 -16 28 23 -19 -20 -21 -22 22 -24 24 -26 -27 -28 -29 -30 -31
leaf_value=-0.017947525309340278 0.0023923888878923951 0.0035534842659769028 0.0027262528289194836 -0.010184232718502181 -0.00015118459776145035 0.012236825289347398 0.0073119836814113954 0.0062207823528632189 -0.0060050554739270673 0.011169598003814698 -0.013901280382758436 -0.0068887363756293344 0.003626829735203476 0.0024362346488106287 0.0084242321036285452 -0.0049835517079227006 -0.0089049736742832508 0.015045043311374101 -0.0017220387373832935 0.020300548471867068 0.014310497920404853 0.00059133994337932949 0.011976915500887867 -0.0061856134222169111 -0.0012963815713361434 -0.0069430159065195386 0.01202114766081658 -0.00057609294277165388 0.0033738376073751807 0.0069637870316694682
leaf_weight=2768.1952599287033 661.23829209804535 3567.3076786994934 3137.3026657104492 2809.8264731168747 2094.9765408039093 310.2566214799881 3487.7300591468811 3256.0336670875549 1232.4554576873779 1423.6560657024384 2406.6650359630585 3405.6967070102692 5668.3814370632172 1065.4490149021149 2026.8544845581055 748.27241611480713 1359.5581275224686 638.25558280944824 3254.3931609392166 507.42509651184082 554.42338681221008 4000.691544175148 252.67495405673981 2429.7814894914627 2080.0680736303329 665.3155620098114 1677.0504138469696 2529.5659996271133 655.95619595050812 698.26576733589172
leaf_count=2478 327 1455 1259 1916 949 129 1137 988 622 369 1920 2092 2109 355 678 402 800 169 1448 112 138 1831 88 1284 1054 468 410 1199 332 297
internal_value=1.27994e-05 0.00296649 0.00151992 -0.0105016 0.00378354 -0.00148241 0.00742944 0.00527483 0.000575464 0.00912361 -0.0150265 -0.00703341 0.00381158 0.00774578 0.00489042 -0.00519279 -0.00432593 0.00849498 0.000461363 0.0135689 0.00739784 0.00267037 0.00207096 -0.00508281 -0.00393056 -0.0123943 0.00884109 -0.00235465 -0.00107957 0.00153829
internal_weight=61373.7 47913.8 36185.2 13459.9 20630.6 15554.6 11728.6 14238.9 9023.91 8161.31 5840.18 7619.75 9790.21 6230.23 7695.24 4809.93 6530.65 4448.71 6391.7 1931.08 3810.46 5261.89 4951.63 5869.41 4509.85 3071.98 5164.78 3762.02 1404.23 4698.96
internal_count=28815 19207 15369 9608 7738 7631 3838 5031 4166 2383 4866 4742 3736 1902 2787 2826 3465 1295 2707 481 1126 2345 2216 3138 2338 2388 1547 1821 734 2128
is_linear=0
shrinkage=0.05


Tree=40
num_leaves=31
num_cat=0
split_feature=7 7 7 5 3 5 6 4 7 1 2 5 3 3 4 3 7 3 1 4 2 2 1 5 4 1 4 5 6 6
split_gain=701.669 120.747 78.6585 75.4937 35.2588 30.921 23.926 23.2509 20.0071 19.1772 19.149 18.7157 15.6903 15.6354 15.2261 14.1698 13.9741 13.7578 13.7249 13.0455 12.2277 11.6805 11.1666 10.2727 10.0293 9.99479 9.22654 8.93678 11.0456 8.80804
threshold=4.5000000000000009 7.5000000000000009 2.5000000000000004 2.5000000000000004 1.0000000180025095e-35 3.5000000000000004 137.50000000000003 670.50000000000011 1.5000000000000002 8.5000000000000018 14046.500000000002 1.5000000000000002 1.5000000000000002 1.0000000180025095e-35 589.50000000000011 1.0000000180025095e-35 11.500000000000002 1.0000000180025095e-35 4.5000000000000009 656.50000000000011 5963.5000000000009 14233.500000000002 9.5000000000000018 4.5000000000000009 739.50000000000011 6.5000000000000009 573.50000000000011 4.5000000000000009 108.50000000000001 141.50000000000003
decision_type=2 2 2 2 2 2 2 2 2 2 2 2 2 2 2 2 2 2 2 2 2 2 2 2 2 2 2 2 2 2
left_child=2 5 8 7 6 9 10 15 -1 -2 16 -4 22 19 -6 -3 26 -11 -9 25 -8 27 -13 -10 -22 -7 -5 -16 -29 -17
right_child=1 3 11 4 14 13 20 18 23 17 -12 12 -14 -15 21 29 -18 -19 -20 -21 24 -23 -24 -25 -26 -27 -28 28 -30 -31
leaf_value=-0.017685980650906628 -0.00593528788368438 0.0016825739659619842 -0.011978968158077823 0.0088793461603779295 0.01570492128902291 -0.0023977792770363731 -0.0019755968883075656 -0.0054660329525991445 -0.013314317189711461 -0.0027419538796370109 0.0065805780722896189 -0.0084638880866455459 0.0060598806873734552 0.0051797352770674883 0.0050230841311745397 0.0049675992317478514 0.0061731564105394036 0.0031177399287484215 0.00027349484644361436 -0.0021318964077193625 0.0092127377030562403 0.011509862882204996 -0.0040868664576596192 -0.0062814647097333282 0.0031854985239332442 0.0057549689352283245 0.00014338673248784014 0.0044087072148828819 0.013053453786732819 0.012858259100209976
leaf_weight=2715.8374862670898 3329.1031801700592 3551.2436386346817 1420.2006278038025 321.87620782852173 782.05590677261353 537.19134020805359 315.04789125919342 1365.9909479618073 2392.5423103570938 3357.1311063766479 3190.0827738046646 2764.9836294651031 275.17756760120392 2069.3791588544846 2617.8844120502472 1265.2337980270386 1480.5295069217682 1427.7021751403809 4385.9718867540359 2870.3767640590668 4056.7530723810196 1934.5538504123688 3080.6465953588486 663.15140736103058 831.70432186126709 1252.279194355011 4955.4208573102951 593.40640187263489 979.3383641242981 490.87862050533295
leaf_count=2474 1935 1597 995 111 176 250 115 700 1935 1792 1062 1767 141 733 776 429 490 617 1983 1345 1321 480 1826 470 315 494 1893 155 235 163
internal_value=-1.43671e-05 0.00280457 -0.0101702 0.00448412 0.00617444 -0.000942847 0.00482473 0.00111266 -0.0145634 -0.00302111 0.00338772 -0.0068078 -0.00560795 0.00156307 0.0091351 0.00349934 0.00188051 -0.000993534 -0.00108954 -4.30453e-05 0.00757197 0.00829628 -0.0061572 -0.011788 0.00818729 0.00330755 0.000676216 0.00681276 0.00979174 0.00717324
internal_weight=61273.7 47961.1 13312.5 33118 22058.7 14843.2 15151.4 11059.3 5771.53 8113.94 9947.91 7541.01 6120.81 6729.23 6907.24 5307.36 6757.83 4784.83 5751.96 4659.85 5203.51 6125.18 5845.63 3055.69 4888.46 1789.47 5277.3 4190.63 1572.74 1756.11
internal_count=28775 19167 9608 12001 7129 7166 5307 4872 4879 4344 3556 4729 3734 2822 1822 2189 2494 2409 2683 2089 1751 1646 3593 2405 1636 744 2004 1166 390 592
is_linear=0
shrinkage=0.05


Tree=41
num_leaves=31
num_cat=0
split_feature=7 7 7 5 3 3 5 1 3 7 1 5 2 2 1 2 5 2 3 3 3 7 6 6 5 1 2 6 6 1
split_gain=689.244 118.455 84.8752 74.662 34.119 32.7594 26.0712 23.7101 22.4759 18.0301 17.6786 17.5799 17.043 15.8006 14.6319 12.59 11.8623 11.4171 11.4008 11.0135 10.3422 9.81805 8.38733 8.19096 8.0075 7.91951 7.84196 7.80816 7.56741 7.72784
threshold=4.5000000000000009 7.5000000000000009 2.5000000000000004 2.5000000000000004 1.5000000000000002 1.0000000180025095e-35 1.5000000000000002 7.5000000000000009 1.0000000180025095e-35 1.5000000000000002 7.5000000000000009 1.5000000000000002 13143.500000000002 7434.5000000000009 7.5000000000000009 14233.500000000002 4.5000000000000009 18269.000000000004 1.0000000180025095e-35 1.5000000000000002 1.0000000180025095e-35 11.500000000000002 183.50000000000003 108.50000000000001 4.5000000000000009 16.500000000000004 11770.500000000002 140.50000000000003 93.500000000000014 6.5000000000000009
decision_type=2 2 2 2 2 2 2 2 2 2 2 2 2 2 2 2 2 2 2 2 2 2 2 2 2 2 2 2 2 2
left_child=2 4 9 8 6 7 -2 -5 12 -1 17 -4 28 -9 -13 16 -7 27 24 25 -16 22 -15 -18 -12 -10 -6 -8 -3 -30
right_child=1 3 11 5 26 15 10 13 19 -11 18 14 -14 21 20 -17 23 -19 -20 -21 -22 -23 -24 -25 -26 -27 -28 -29 29 -31
leaf_value=-0.01778139069805814 -0.0062065411903867258 -0.0060641317081358594 -0.011741938380291408 0.0020765676609244338 0.0038401087924753437 0.0055082720503950716 -0.0051807761402933175 0.00027594083052116629 0.0019775305221121429 -0.012132100228592489 -0.0014824498420387593 -0.0086958390799758319 0.0023672636134503232 0.0055072882853852076 -0.0053367478951726393 0.012072081603322404 0.0061612671644899085 0.0074581148338063626 0.0042189783465438153 0.010888666505277356 0.00035138305215666991 0.0099058775321606857 0.012700448774662669 0.013098191275396624 0.0027658198973767537 0.0089204716416268932 0.01392173965616228 -0.00041078582715264162 -0.0046211489489989535 0.0004183692500022481
leaf_weight=2674.5651310682297 2475.4702845811844 1103.1096621751785 1405.9402710199356 5346.4243495464325 361.01241827011108 2955.0849590301514 2822.0999557971954 1005.7674878835678 2452.7362620830536 2992.7940578460693 3816.3663266897202 2299.5735527276993 3068.4062886238098 6325.7020996809006 2695.9062874317169 2157.102844953537 663.10574173927307 241.58045732975006 1945.0401465892792 543.14455115795135 1135.7928378582001 2067.0708241462708 432.99024367332458 1187.7938642501831 1563.6842517852783 493.33718037605286 414.1828088760376 1232.6729944944382 1153.0020784139633 2235.8530368804932
leaf_count=2481 1411 539 997 2131 145 853 1474 361 930 2384 1894 1480 1404 2094 1686 522 167 117 737 180 598 580 126 278 651 164 144 626 597 1046
internal_value=-5.74918e-05 0.00272222 -0.0101753 0.0043838 -0.000985977 0.00605907 -0.00154757 0.00475641 0.0010269 -0.0147981 -0.000555174 -0.00669922 -0.000505062 0.00621371 -0.00554289 0.00889859 0.00747421 -0.00310154 0.000938334 0.00434633 -0.00365067 0.00689037 0.00596811 0.010613 -0.000247712 0.00314017 0.00922667 -0.00373067 -0.00246711 -0.00129624
internal_weight=61267.3 48062.7 13204.6 33190.6 14872.1 22141 14096.9 15178 11049.6 5667.36 11621.4 7537.21 7560.37 9831.53 6131.27 6963.09 4805.98 4296.35 7325.09 3489.22 3831.7 8825.76 6758.69 1850.9 5380.05 2946.07 775.195 4054.77 4491.96 3388.86
internal_count=28797 19171 9626 11972 7199 7112 6910 5292 4860 4865 5499 4761 3586 3161 3764 1820 1298 2217 3282 1274 2284 2800 2220 445 2545 1094 289 2100 2182 1643
is_linear=0
shrinkage=0.05


Tree=42
num_leaves=31
num_cat=0
split_feature=7 7 7 5 1 5 4 1 7 7 3 4 5 3 1 4 6 6 5 6 5 7 4 5 4 6 1 3 3 4
split_gain=666.914 112.278 77.4093 65.0693 40.6848 35.7585 27.2904 23.9741 19.9307 18.3528 16.6518 14.1982 14.1171 13.7964 13.3888 12.824 12.1159 11.3151 10.9433 10.8823 10.555 10.4069 10.2626 10.1987 10.0209 9.51367 8.66203 8.65128 8.59233 8.19359
threshold=4.5000000000000009 9.5000000000000018 2.5000000000000004 1.5000000000000002 11.500000000000002 4.5000000000000009 650.50000000000011 7.5000000000000009 6.5000000000000009 1.5000000000000002 1.0000000180025095e-35 621.50000000000011 1.5000000000000002 1.0000000180025095e-35 15.500000000000002 742.50000000000011 148.50000000000003 156.50000000000003 4.5000000000000009 132.50000000000003 3.5000000000000004 7.5000000000000009 675.50000000000011 4.5000000000000009 659.50000000000011 121.50000000000001 3.5000000000000004 1.0000000180025095e-35 1.0000000180025095e-35 563.50000000000011
decision_type=2 2 2 2 2 2 2 2 2 2 2 2 2 2 2 2 2 2 2 2 2 2 2 2 2 2 2 2 2 2
left_child=2 3 9 29 8 7 -6 22 23 -1 20 25 -13 17 16 19 24 21 -11 28 -4 -8 -3 -5 -7 -9 -12 -27 -10 -2
right_child=1 5 10 4 6 14 13 11 15 18 26 12 -14 -15 -16 -17 -18 -19 -20 -21 -22 -23 -24 -25 -26 27 -28 -29 -30 -31
leaf_value=-0.017558938547568615 0.0046972254380858655 0.0036956904856332269 -0.010166297447422984 -0.004486783729808195 0.0075916496797618395 0.009458587305176111 -0.0030589196139227657 0.0059292797489795355 -0.0010223164485165072 -0.013427417663493695 -0.0097586455461183171 0.00049777861413386468 0.0056955055776980569 0.0056059622831707108 0.013317537627701468 -0.0031936149798897453 0.0122031212796861 0.0062237823980985894 -0.0061435658135240226 0.0047276045646825263 -0.0056324712135880682 0.0024144469236411768 -0.00054417042774712273 0.0009295781353718624 0.0035701616935533407 0.0092968596784173251 -0.0015797461690483202 0.018561577892635153 0.0037951044999423676 -0.005417236544991353
leaf_weight=2606.4853579998016 209.98093175888062 2886.9457676410675 3021.2164996862411 3141.2096860408783 3505.4532089233398 1197.2170035839081 1998.130890250206 1189.9132413864136 2818.5048307180405 2346.110965013504 394.80792248249054 1640.5388816595078 6412.8245713710785 1899.1150965690613 1308.1043841838837 1370.4233412742615 1022.0783348083496 713.29552936553955 660.93324279785156 2498.5731105804443 2232.1435554027557 1536.1342798471451 2822.7190705537796 1201.5291032791138 1822.2198731899261 775.06603074073792 1797.886656165123 373.35066175460815 1378.1962887048721 4311.7595591545105
leaf_count=2461 105 1113 2128 1706 1264 320 975 369 1299 1947 246 667 2048 639 291 623 262 312 477 1031 1358 615 1217 541 550 253 1002 89 492 2323
internal_value=-3.58637e-05 0.00268811 -0.0100547 0.000516542 0.00163651 0.00537915 0.00407109 0.00420245 -0.000257273 -0.0144882 -0.00671229 0.00563257 0.00463668 0.00206332 0.0089208 0.00121312 0.00749772 0.000479378 -0.0118265 0.00211511 -0.00823988 -0.000679974 0.00159961 -0.00298821 0.00590494 0.00906244 -0.00305241 0.0123088 0.000559724 -0.00494754
internal_weight=61092.9 48033.3 13059.6 26582.3 22060.6 21451 9652.13 16101.4 12408.4 5613.53 7446.05 10391.7 8053.36 6146.68 5349.62 8065.7 4041.52 4247.56 3007.04 6695.27 5253.36 3534.27 5709.66 4342.74 3019.44 2338.33 2192.69 1148.42 4196.7 4521.74
internal_count=28723 19104 9619 11925 9497 7179 3805 5756 5692 4885 4734 3426 2715 2541 1423 3445 1132 1902 2424 2822 3486 1590 2330 2247 870 711 1248 342 1791 2428
is_linear=0
shrinkage=0.05


Tree=43
num_leaves=31
num_cat=0
split_feature=7 7 7 5 2 5 4 4 4 1 5 6 4 7 1 2 6 2 5 1 2 2 1 5 5 1 0 5 1 1
split_gain=633.166 97.8795 74.2487 64.624 41.5255 31.808 23.8742 19.8086 19.1692 18.4768 17.709 16.058 15.7624 15.5876 14.1623 12.8844 12.2135 12.1893 11.6066 11.4531 13.8726 11.4463 11.9544 10.2348 9.80878 9.38796 9.36674 8.55018 8.38781 8.24624
threshold=4.5000000000000009 7.5000000000000009 2.5000000000000004 4.5000000000000009 13282.500000000002 1.5000000000000002 637.50000000000011 730.50000000000011 742.50000000000011 11.500000000000002 3.5000000000000004 180.50000000000003 601.50000000000011 1.5000000000000002 6.5000000000000009 9720.5000000000018 124.50000000000001 11993.500000000002 4.5000000000000009 16.500000000000004 14233.500000000002 7936.0000000000009 9.5000000000000018 1.5000000000000002 3.5000000000000004 6.5000000000000009 75.500000000000014 4.5000000000000009 12.500000000000002 6.5000000000000009
decision_type=2 2 2 2 2 2 2 2 2 2 2 2 2 2 2 2 2 2 2 2 2 2 2 2 2 2 2 2 2 2
left_child=2 5 13 4 7 -2 19 9 11 24 28 15 -6 -1 -14 -5 -11 -12 21 20 -7 -8 -23 -16 -3 -17 -25 -15 -4 -19
right_child=1 3 10 8 12 6 18 -9 -10 16 17 -13 14 27 23 25 -18 29 -20 -21 -22 22 -24 26 -26 -27 -28 -29 -30 -31
leaf_value=-0.017212662858051404 -0.0059182216608424871 -0.00093309694505082407 -0.010563268273194778 0.0043902859437318885 0.010135598662550482 0.00010088745979731421 -0.0073213132243543219 -0.0022916633948120266 0.0024256538291915226 0.0020266035279727901 -0.0070166625853489055 0.017528732104787639 0.0013127247542731447 -0.013303669784816534 0.0018177652581356303 0.0060488404759929783 0.0068587420181380008 -0.0061287752213215951 0.0016338546999033442 0.0099888619097495482 0.0076052785519988208 -0.0039478380829131247 0.00083728767827801875 0.00621272328640134 0.003231379602649867 0.010956489881272445 0.014585471551681465 -0.00681811188294126 -0.0059289807814141724 0.0014956223689854894
leaf_weight=2540.5028209090233 2559.3510940074921 4643.0037975311279 2607.5990428924561 1610.2232298851013 1431.4370039701462 2009.614643573761 976.69904887676239 3310.0238709449768 1352.0495159626007 2779.6531493663788 1597.1837818622589 504.03705191612244 2513.1981244087219 2299.2304435968399 1283.4450743198395 1361.8063406944275 2469.3884850740433 516.02925825119019 2586.6186672449112 600.26203918457031 887.94219446182251 2475.8844170570374 2760.4018468856812 4390.8269649744034 2033.0965433120728 3425.9442007541656 361.53990066051483 652.37355089187622 1560.823069691658 1133.9079788923264
leaf_count=2441 1460 2062 1852 487 476 914 518 1415 433 998 940 125 1073 1935 534 440 827 314 1083 232 368 1331 1288 1433 706 864 117 474 1009 625
internal_value=-9.71295e-05 0.00253049 -0.009935 0.0040297 0.00277268 -0.000846939 0.000208501 0.00113041 0.00786979 0.00208027 -0.00667146 0.00893626 0.00527961 -0.0143415 0.00446652 0.00825934 0.00429986 -0.00390304 -0.00118047 0.0037028 0.00240057 -0.00235215 -0.00142527 0.00577971 0.000335126 0.00956058 0.00684969 -0.0118702 -0.00882801 -0.000888961
internal_weight=61234.1 48326.4 12907.6 33469.7 25215.6 14856.8 12297.4 15235.2 8254.06 11925.1 7415.54 6902.01 9980.45 5492.11 8549.01 6397.97 5249.04 3247.12 8799.6 3497.82 2897.56 6212.99 5236.29 6035.81 6676.1 4787.75 4752.37 2951.6 4168.42 1649.94
internal_count=28774 19184 9590 11990 9641 7194 5734 6008 2349 4593 4740 1916 3633 4850 3157 1791 1825 1879 4220 1514 1282 3137 2619 2084 2768 1304 1550 2409 2861 939
is_linear=0
shrinkage=0.05


Tree=44
num_leaves=31
num_cat=0
split_feature=7 7 7 5 2 6 7 4 5 7 4 1 1 6 5 4 1 1 5 4 2 7 4 6 2 2 7 6 6 2
split_gain=595.369 96.1112 75.4996 68.6707 35.6777 25.3394 23.6221 21.1608 21.159 18.0309 17.0786 17.0323 16.2677 14.9191 14.6408 13.4487 12.9827 12.0833 11.2479 11.0893 10.4611 10.6688 10.2943 8.59448 8.82576 8.14259 8.99164 8.10362 7.94632 7.67474
threshold=4.5000000000000009 6.5000000000000009 2.5000000000000004 2.5000000000000004 13411.500000000002 179.50000000000003 10.500000000000002 673.50000000000011 4.5000000000000009 1.5000000000000002 727.50000000000011 16.500000000000004 16.500000000000004 146.50000000000003 1.5000000000000002 669.50000000000011 6.5000000000000009 2.5000000000000004 4.5000000000000009 654.50000000000011 13234.500000000002 8.5000000000000018 581.50000000000011 106.50000000000001 19485.000000000004 18410.500000000004 3.5000000000000004 161.50000000000003 69.500000000000014 12611.500000000002
decision_type=2 2 2 2 2 2 2 2 2 2 2 2 2 2 2 2 2 2 2 2 2 2 2 2 2 2 2 2 2 2
left_child=2 8 9 7 5 6 10 20 12 -1 17 22 19 -14 -4 25 -9 -5 -11 -2 21 -3 -6 -24 -25 26 -16 -21 -22 -18
right_child=1 3 14 4 11 -7 -8 16 -10 18 -12 -13 13 -15 15 -17 29 -19 -20 27 28 -23 23 24 -26 -27 -28 -29 -30 -31
leaf_value=-0.0170790832792325 -0.001628211027856704 -0.0033805821930810672 -0.010939846415254056 -0.002718376624578253 0.011956014669071063 0.010931771829877356 0.005575877623911615 -0.0045727646440579138 0.0022168593298267469 -0.012991650290428803 -0.0025297522833571638 0.011702506712874152 -0.0012221609976971188 0.011741336929682392 -0.0065466805697715824 -0.0074048168616381227 -0.0017217359883290658 0.0034407352127068472 -0.0055653278779083477 -0.0071061076526165411 -0.0028471042609828036 0.002585454830944816 0.0035942550009627123 0.0064551391912793981 0.013960653906773243 0.0079470234652694854 -0.00069222360761860609 -0.00058234105955779652 0.0061126500595334024 0.0024819654374993953
leaf_weight=2548.3272809386253 2185.2455337047577 1014.0482749938965 1367.9478224515915 913.57703340053558 763.89251697063446 1100.3595892190933 5770.4053974151611 2135.1170688867569 2227.6759089231491 2280.8648777008057 2049.3721116781235 1869.6054539680481 919.21482086181641 292.58473694324493 1206.0657964944839 3248.3094352483749 2397.486962556839 6204.4569364786148 656.66741895675659 3145.602002620697 277.4977422952652 2870.7205399274826 2687.9147838354111 4476.6714490652084 429.23523426055908 169.32972764968872 1437.6244026422501 560.89588403701782 2286.5423693656921 1984.5315892696381
leaf_count=2491 1137 505 998 383 219 352 1715 1118 952 1944 823 480 460 142 759 2076 1130 2201 480 1770 117 1159 880 1447 127 100 847 303 931 861
internal_value=-1.13597e-05 0.00252612 -0.00955262 0.00361094 0.0050807 0.00360914 0.00306973 0.000633592 -0.00203482 -0.0140014 0.00149225 0.00738837 -0.00336814 0.00190783 -0.00626757 -0.00521311 -0.00137571 0.00265023 -0.0113315 -0.00445329 0.00266418 0.00102813 0.0064233 0.00586674 0.00711182 -0.00268225 -0.00336306 -0.00611888 0.00514296 0.000182039
internal_weight=61477.8 48562.7 12915.1 39231.4 26265.5 16038.2 14937.8 12965.9 9331.22 5485.86 9167.41 10227.3 7103.54 1211.8 7429.28 6061.33 6517.14 7118.03 2937.53 5891.74 6448.81 3884.77 8357.71 7593.82 4905.91 2813.02 2643.69 3706.5 2564.04 4382.02
internal_count=28907 19212 9695 14448 8627 5474 5122 5821 4764 4915 3407 3153 3812 602 4780 3782 3109 2584 2424 3210 2712 1664 2673 2454 1574 1706 1606 2073 1048 1991
is_linear=0
shrinkage=0.05


Tree=45
num_leaves=31
num_cat=0
split_feature=7 7 7 5 5 6 2 6 1 3 1 5 3 7 1 1 6 3 2 1 3 7 7 2 7 2 5 5 2 5
split_gain=575.959 97.6543 72.8553 56.2898 37.2547 30.7385 22.7835 18.3082 18.4569 17.6848 17.5509 17.2786 16.2998 15.7533 15.0456 12.4846 12.4208 12.3657 12.0597 10.923 10.6048 9.75837 9.51538 9.38129 9.36202 9.11901 9.10914 8.83776 8.68921 8.65425
threshold=4.5000000000000009 9.5000000000000018 2.5000000000000004 3.5000000000000004 2.5000000000000004 156.50000000000003 12486.500000000002 137.50000000000003 16.500000000000004 1.5000000000000002 9.5000000000000018 1.5000000000000002 1.5000000000000002 1.5000000000000002 8.5000000000000018 8.5000000000000018 101.50000000000001 1.5000000000000002 13282.500000000002 6.5000000000000009 1.0000000180025095e-35 7.5000000000000009 6.5000000000000009 12611.500000000002 11.500000000000002 16223.500000000002 4.5000000000000009 4.5000000000000009 10293.500000000002 2.5000000000000004
decision_type=2 2 2 2 2 2 2 2 2 2 2 2 2 2 2 2 2 2 2 2 2 2 2 2 2 2 2 2 2 2
left_child=2 3 13 5 17 11 15 8 20 16 29 -2 27 -1 22 -5 -8 23 -7 -18 -6 -20 -13 -3 -25 -24 -15 -12 -10 -4
right_child=1 4 10 6 7 18 9 -9 28 -11 12 14 -14 26 -16 -17 19 -19 21 -21 -22 -23 25 24 -26 -27 -28 -29 -30 -31
leaf_value=-0.016793998509262831 -0.0055084111704067776 -0.00010763800200537311 -0.011941650453419227 -0.0017061237152111988 0.002907797736467327 0.00066262862222940967 0.0010833975787483724 0.0089025378994804956 0.0042361347048018271 0.016107311411000285 -0.0058846642734122628 -0.0075823269799274659 0.011080545461902021 -0.012869333273053507 0.00038964129832667828 0.0027810010606680478 0.0022714193215487423 0.011364598852299852 0.0031304860882481913 0.0079954991335288994 0.0068168996455174064 0.013152145729566377 -0.0034372091480261986 0.0018790612158448604 0.0080042080828292336 0.0052062813162211284 -0.0061462823733019513 1.5891579506038324e-05 0.012063564755981821 -0.006827583143893712
leaf_weight=2470.3598465919495 3708.4282034635544 3739.6405712366104 1326.855316400528 2659.6732143163681 5427.7556502819061 1576.9718910455704 1780.9825426340103 4984.9099252223969 495.43443822860718 350.54225873947144 2866.2519791126251 1177.0205106735229 174.04714405536652 2236.6347947120667 4849.5361982584 3716.0090793371201 1232.4411950111389 338.45516014099121 529.33232164382935 2574.2759107351303 2550.0720353126526 448.90380668640137 1872.1903079748154 2188.4561015367508 872.58511483669281 364.56802892684937 650.32441973686218 815.04818892478943 1246.8547451496124 2197.0169200897217
leaf_count=2457 2014 1599 998 1160 1818 801 660 1398 138 88 1837 712 88 1931 2211 1381 506 99 271 890 627 189 953 889 350 166 478 461 295 1393
internal_value=4.14733e-05 0.00251794 -0.00942477 0.000497778 0.00500021 -0.00161035 0.00298478 0.00643895 0.00517552 0.0052133 -0.00620263 -0.00267293 -0.00387136 -0.013863 -0.00140041 0.000909157 0.00452986 0.00203673 0.00336805 0.0061423 0.00415732 0.00772934 -0.00394332 0.0015725 0.0036251 -0.00202841 -0.0113549 -0.00457827 0.00983777 -0.0087532
internal_weight=61421.6 48685 12736.5 26840.9 21844.2 14527 12313.9 14705 9720.12 5938.24 7379.22 11971.7 3855.35 5357.32 8263.32 6375.68 5587.7 7139.14 2555.21 3806.72 7977.83 978.236 3413.78 6800.68 3061.04 2236.76 2886.96 3681.3 1742.29 3523.87
internal_count=28858 19215 9643 12002 7213 7317 4685 4276 2878 2144 4777 6056 2386 4866 4042 2541 2056 2937 1261 1396 2445 460 1831 2838 1239 1119 2409 2298 433 2391
is_linear=0
shrinkage=0.05


Tree=46
num_leaves=31
num_cat=0
split_feature=7 7 7 5 2 6 4 5 7 4 4 5 6 2 4 1 2 2 1 1 4 6 2 6 5 4 4 6 1 1
split_gain=565.879 90.1091 74.5033 58.1771 40.0622 22.0642 20.8542 17.2968 16.5384 16.5107 15.9952 15.829 14.6542 13.3935 13.2484 13.2113 12.8563 12.2136 12.1305 12.0719 11.461 11.4289 9.68578 9.44497 9.36222 8.94013 8.83312 8.44707 8.19847 7.86526
threshold=4.5000000000000009 6.5000000000000009 2.5000000000000004 4.5000000000000009 13234.500000000002 126.50000000000001 675.50000000000011 3.5000000000000004 1.5000000000000002 736.50000000000011 742.50000000000011 1.5000000000000002 181.50000000000003 9720.5000000000018 667.50000000000011 6.5000000000000009 16448.500000000004 13367.500000000002 6.5000000000000009 9.5000000000000018 561.50000000000011 144.50000000000003 7653.5000000000009 81.500000000000014 4.5000000000000009 619.50000000000011 607.50000000000011 138.50000000000003 1.5000000000000002 3.5000000000000004
decision_type=2 2 2 2 2 2 2 2 2 2 2 2 2 2 2 2 2 2 2 2 2 2 2 2 2 2 2 2 2 2
left_child=2 7 8 4 5 15 16 21 -1 19 12 -4 13 -5 -13 -3 20 25 -8 -7 -6 -2 -17 -18 -10 -9 -23 -22 -15 -16
right_child=1 3 11 10 6 9 18 17 24 -11 -12 14 -14 28 29 22 23 -19 -20 -21 27 26 -24 -25 -26 -27 -28 -29 -30 -31
leaf_value=-0.016963545858090998 -0.0053868769003132732 -0.0034346956849381329 -0.011062151371306858 0.0035259171155573215 0.012973215126681826 0.0015836868438671879 -0.00098434349721085944 0.0040649009944904195 -0.012894289577953563 -0.0019716245343934626 0.0022629977156882002 -0.0024274063463926476 0.015431854024421949 0.0015750523580098028 -0.012256681628609488 -0.0030288618851575053 0.002611057334817255 0.0037595740308040597 0.0039903030744632894 0.0059009407649752077 0.0023782656094957543 0.0086625519255892087 0.0015525544267618843 0.011320024428462909 -0.0060725189740319296 -0.0032270549524054692 -0.0018817722002135745 0.0077593979848495061 0.0088732930179139802 -0.0059924435152114005
leaf_weight=2428.2585332393646 3690.3902324438095 3061.5245544910431 1336.5182945728302 1922.047242641449 400.76735317707062 3006.1009441614151 1736.2187495231628 527.78819966316223 2249.6903952360153 1461.2181771993637 1607.4700086116791 2673.8852469921112 572.51264762878418 414.70490479469299 616.42064225673676 1483.9175024032593 377.18215525150299 1650.9939297437668 4165.5724636316299 3509.576219201088 2366.9917178153992 238.86431682109833 5183.4938590526581 1782.8842734098434 647.76693165302277 2064.6035516262054 1178.7780041694641 1054.0475319623947 5336.3901624679565 2678.2649896144867
leaf_count=2455 2123 1410 994 599 134 1279 783 218 1968 641 529 1633 144 141 423 602 131 691 1516 1219 850 126 2006 599 479 958 670 372 1456 1712
internal_value=1.00328e-05 0.00245173 -0.00942249 0.00349796 0.00238985 0.000882603 0.00463555 -0.00196108 -0.0139199 0.00283187 0.00682567 -0.00614366 0.00771515 0.00713938 -0.00504228 -0.000715631 0.00671604 0.000398232 0.00252684 0.00390911 0.00497339 -0.00392102 0.000532902 0.0097993 -0.0113692 -0.00174248 -0.000105116 0.00403623 0.00834703 -0.00716445
internal_weight=61424.8 48794 12630.8 39442.6 29589.5 17705.8 11883.7 9351.42 5325.72 7976.9 9853.12 7305.09 8245.65 7673.14 5968.57 9728.94 5981.87 4243.39 5901.79 6515.68 3821.81 5108.03 6667.41 2160.07 2897.46 2592.39 1417.64 3421.04 5751.1 3294.69
internal_count=28861 19197 9664 14411 11542 7157 4385 4786 4902 3139 2869 4762 2340 2196 3768 4018 2086 1867 2299 2498 1356 2919 2608 730 2447 1176 796 1222 1597 2135
is_linear=0
shrinkage=0.05


Tree=47
num_leaves=31
num_cat=0
split_feature=5 3 1 3 2 4 2 4 3 4 4 5 4 6 1 3 6 6 2 6 1 1 6 1 2 2 5 4 1 4
split_gain=117.388 66.1744 54.6804 35.5449 28.6006 21.8998 18.847 17.7526 15.7896 15.5894 13.9902 13.1248 12.3841 12.174 12.0777 11.605 11.0642 10.5263 9.44713 9.13559 8.60493 8.40292 8.275 8.26631 8.05814 7.92757 7.92065 7.43013 7.29323 7.163
threshold=2.5000000000000004 1.5000000000000002 6.5000000000000009 1.0000000180025095e-35 12323.500000000002 661.50000000000011 13107.500000000002 683.50000000000011 1.5000000000000002 567.50000000000011 636.50000000000011 4.5000000000000009 772.50000000000011 112.50000000000001 16.500000000000004 1.0000000180025095e-35 180.50000000000003 68.500000000000014 18562.500000000004 134.50000000000003 2.5000000000000004 16.500000000000004 143.50000000000003 13.500000000000002 9889.5000000000018 7509.5000000000009 1.5000000000000002 684.50000000000011 1.5000000000000002 622.50000000000011
decision_type=2 2 2 2 2 2 2 2 2 2 2 2 2 2 2 2 2 2 2 2 2 2 2 2 2 2 2 2 2 2
left_child=3 2 5 6 7 -2 13 16 14 23 -3 22 20 -1 27 -9 25 -13 -19 24 -8 -15 -11 -6 -7 -4 -22 -5 -29 -10
right_child=1 10 4 8 9 19 12 15 29 11 -12 17 -14 21 -16 -17 -18 18 -20 -21 26 -23 -24 -25 -26 -27 -28 28 -30 -31
leaf_value=-0.0081126033584322833 0.00069332152966590586 0.017207255788206418 -0.0014404055487991321 -0.00034464780788165861 0.005365234090960941 -0.0084106875606569237 -0.0068097411786892867 -0.0026587718765575339 0.013330954652474164 0.001259271599282051 0.0077937599357406299 -0.0021719660706469293 -0.0096279740593196439 -0.0052380464349119126 0.0042728479392197911 0.0022702673757065291 0.0093018460808366628 0.0055543669026094115 0.013213884887001513 -0.0013045856632218859 -0.0028870033104995158 0.0002960508985331014 0.0049201446580607903 0.015798995938243805 -0.0036652312429192001 0.0026892874582041685 0.0012339115377274104 -0.013305546233322016 -0.0034093869653889714 0.0033929324454807282
leaf_weight=3726.8206172585487 4942.6808332800865 540.00662934780121 1494.3011541962624 2487.2759529352188 359.33697545528412 1285.1295921206474 682.59294652938843 4472.1602962613106 234.53743290901184 5646.1579727530479 1466.7554529309273 392.80939590930939 522.98189657926559 4305.5003890395164 872.78885495662689 1629.1793929934502 525.91314262151718 3673.0302556753159 452.11818623542786 2520.7569808363914 2301.4947293996811 815.91013145446777 2124.4118928909302 402.42923426628113 2943.6732221841812 5227.3824762105942 2363.4877920746803 208.26609742641449 1755.378789961338 799.01644456386566
leaf_count=2259 2283 152 636 1159 136 686 422 2154 96 2337 481 150 327 2625 372 619 198 1303 147 1235 1326 455 859 127 1474 2080 1278 122 911 375
internal_value=-0.000110546 0.00147738 0.00101117 -0.00313165 0.0022719 -0.00183538 -0.00448112 0.000644674 -7.26463e-06 0.00393637 0.0103269 0.00350611 -0.00228456 -0.00593848 -0.00110521 -0.00134262 0.00231766 0.00564911 0.00639385 -0.00368715 -0.00156639 -0.00435639 0.00226013 0.0108772 -0.00510737 0.00177121 -0.000799164 -0.0021598 -0.00445898 0.0056481
internal_weight=61174.3 40098.2 38091.5 21076.1 26399.2 11692.2 14718.8 13348.9 6357.26 13050.3 2006.76 12288.5 5870.56 8848.23 5323.71 6101.34 7247.6 4517.96 4125.15 6749.56 5347.58 5121.41 7770.57 761.766 4228.8 6721.68 4664.98 4450.92 1963.64 1033.55
internal_count=28784 17057 16424 11727 10746 5678 8692 5687 3035 5059 633 4796 3353 5339 2564 2773 2914 1600 1450 3395 3026 3080 3196 263 2160 2716 2604 2192 1033 471
is_linear=0
shrinkage=0.05


Tree=48
num_leaves=31
num_cat=0
split_feature=7 7 5 3 7 7 3 1 5 4 1 5 1 4 4 4 4 5 3 5 1 7 1 1 1 6 6 5 6 4
split_gain=526.459 136.726 56.1376 41.5614 37.8883 36.9446 29.7832 23.2542 17.8368 16.9476 15.267 15.0296 13.1759 12.6735 12.4801 11.9139 11.422 10.5188 10.1256 9.95339 9.86701 8.01369 7.51266 6.96248 6.94827 6.91264 6.77041 6.62319 6.55797 6.393
threshold=3.5000000000000004 6.5000000000000009 1.5000000000000002 1.5000000000000002 1.5000000000000002 10.500000000000002 1.0000000180025095e-35 6.5000000000000009 2.5000000000000004 745.50000000000011 16.500000000000004 4.5000000000000009 17.500000000000004 605.50000000000011 738.50000000000011 647.50000000000011 563.50000000000011 4.5000000000000009 1.5000000000000002 4.5000000000000009 12.500000000000002 9.5000000000000018 15.500000000000002 4.5000000000000009 6.5000000000000009 119.50000000000001 155.50000000000003 4.5000000000000009 160.50000000000003 712.50000000000011
decision_type=2 2 2 2 2 2 2 2 2 2 2 2 2 2 2 2 2 2 2 2 2 2 2 2 2 2 2 2 2 2
left_child=4 6 10 5 -1 7 8 15 -2 17 16 20 14 -10 19 -4 -3 28 23 25 -6 -18 -19 -8 -15 -7 -21 -26 -9 -12
right_child=1 2 3 -5 11 12 18 9 13 -11 29 -13 -14 24 -16 -17 21 22 -20 26 -22 -23 -24 -25 27 -27 -28 -29 -30 -31
leaf_value=-0.016785883312305225 -0.0071218541802950622 0.0087974296715811525 0.0027934864350473553 0.011910640167231382 -0.012417260303416286 0.003192158204679964 -0.0044041604879285819 0.0026914307834658754 0.0030166815542250515 -0.00052840783818565039 0.0068916332020833486 -0.0049002009906372419 0.010541285782763771 -0.0062559115698778717 0.0016562878389234561 -0.001852116975627525 -0.0048202092434723089 0.0049896632760471765 0.006794140986998376 0.0074354836259430028 -0.0077410868547716193 -0.00080978361285521027 0.009987876849834397 0.0011975991253089695 -0.0038632219433510024 0.0065901588307927103 0.013858701029290718 0.00074581658541853424 0.0066138606501186005 -0.0015505358171057301
leaf_weight=2393.2719050645828 3278.2883912324905 228.98474037647247 2141.3507519960403 1629.0188972949982 3109.8924396038055 2849.6054199934006 717.25458598136902 6783.985408782959 879.84079611301422 2164.5326842069626 761.32774221897125 1435.0899547338486 1359.8883411884308 1561.376610994339 1912.3633165359497 3882.1179770231247 2271.4714752435684 2310.6128740310669 646.6729052066803 2229.9879190921783 1770.2296630144119 2758.1777620315552 1114.3935923576355 2447.4711686372757 2196.4087138175964 3152.5084594488144 502.74030590057373 1208.2072796821594 1264.187288403511 317.88676607608795
leaf_count=2464 2164 95 860 400 2489 970 392 2552 439 853 306 963 351 911 678 1729 1186 704 274 571 1317 1181 296 1151 1194 1016 115 581 451 143
internal_value=-4.18767e-05 0.00184436 0.00330107 0.00412204 -0.0114285 0.00372139 -0.0026191 0.0023868 -0.00416974 0.0035296 -0.00101203 -0.00939827 0.00590673 -0.00251423 0.00531479 -0.000200599 -0.00212375 0.00429518 0.00109298 0.00611577 -0.010721 -0.00262096 0.00661593 -7.19857e-05 -0.00349415 0.0049769 0.00861716 -0.0022276 0.00330756 0.00440496
internal_weight=61279.1 52570.7 39635.1 33297.3 8708.48 31668.3 12935.5 19661.2 9124.12 13637.7 6337.85 6315.21 12007.1 5845.83 10647.2 6023.47 5258.63 11473.2 3811.4 8734.84 4880.12 5029.65 3425.01 3164.73 4965.99 6002.11 2732.73 3404.62 8048.17 1079.21
internal_count=28796 21563 14457 11546 7233 11146 7106 7445 5289 4856 2911 4769 3701 3125 3350 2589 2462 4003 1817 2672 3806 2367 1000 1543 2686 1986 686 1775 3003 449
is_linear=0
shrinkage=0.05


Tree=49
num_leaves=31
num_cat=0
split_feature=7 7 1 7 3 7 3 4 3 1 3 2 2 2 4 2 6 3 1 6 4 6 4 1 6 2 6 2 0 4
split_gain=519.749 127.724 42.0794 36.2789 33.6668 25.19 24.4692 22.04 21.9489 17.1742 15.7283 15.5916 15.3161 13.4723 11.8326 11.0173 10.9633 10.0703 9.84239 9.62761 9.47157 9.0219 8.44702 8.42322 8.38863 8.20789 7.75418 7.70983 7.25673 6.85695
threshold=3.5000000000000004 7.5000000000000009 11.500000000000002 1.5000000000000002 1.5000000000000002 11.500000000000002 1.0000000180025095e-35 714.50000000000011 1.5000000000000002 16.500000000000004 1.0000000180025095e-35 13411.500000000002 14600.000000000002 16530.500000000004 622.50000000000011 9981.5000000000018 103.50000000000001 1.0000000180025095e-35 6.5000000000000009 175.50000000000003 571.50000000000011 167.50000000000003 751.50000000000011 12.500000000000002 134.50000000000003 5729.5000000000009 120.50000000000001 11725.500000000002 31.500000000000004 748.50000000000011
decision_type=2 2 2 2 2 2 2 2 2 2 2 2 2 2 2 2 2 2 2 2 2 2 2 2 2 2 2 2 2 2
left_child=3 4 6 -1 7 8 11 9 12 13 -5 16 14 17 28 -7 -3 -2 -9 -16 -8 -20 -14 -12 -11 -18 -22 -6 -4 -27
right_child=1 2 5 10 27 15 20 18 -10 24 23 -13 22 -15 19 -17 25 -19 21 -21 26 -23 -24 -25 -26 29 -28 -29 -30 -31
leaf_value=-0.016687821306160904 -0.0033800910666189504 -0.0031299876158468369 0.012339113666644377 -0.010993896799577862 0.0026101245718125228 0.0048137823313903587 0.012291685341370442 -0.0078530195560328683 0.013723481517577227 0.0008390817669301962 -0.0079752560714457157 0.0030959700512572753 0.007998469962546096 0.0028948236090168139 0.0012366928562292476 0.011101209664713426 -0.005263623568595055 0.00046743380457062986 -0.0041124240323943649 0.0085157223747363339 0.0023561032952009926 0.0038285198767229766 0.0004240841813137936 -0.00075210237979661944 0.0074679018859186959 0.0022066569703677514 0.0061520115989309489 0.011476098798780358 0.0047323621441261194 -0.0029872532162015428
leaf_weight=2364.445470392704 6569.0174944400787 2624.5113348960876 396.84270453453064 4455.9709539413452 446.43849980831146 964.81308317184448 391.96194624900818 1684.7070136070251 613.44526791572571 1244.7237093448639 1139.1948236227036 4918.4903501272202 2720.2607671022415 1399.504967212677 5737.3682396411896 2507.6206336021423 505.98902857303619 2294.7658098936081 3178.5733947753906 493.32751834392548 2709.1779174804688 403.03184449672699 425.68610846996307 625.0736471414566 774.06169712543488 4205.5158760547638 2672.5819102525711 543.99674832820892 1493.4901766777039 748.5574152469635
leaf_count=2474 3625 1155 119 3502 186 290 103 996 135 593 831 1939 794 676 2009 664 215 1049 1685 168 872 209 147 418 360 1736 841 202 453 344
internal_value=-7.68311e-06 0.00185179 0.00366649 -0.0114158 -0.00148905 0.00560807 0.00207896 -0.00199526 0.00451313 -0.000834946 -0.00941185 0.000876215 0.00401166 -0.00166417 0.00286427 0.00935425 -0.000474239 -0.002384 -0.00470133 0.00181302 0.00478768 -0.00321884 0.00697356 -0.00541612 0.00338077 0.00080231 0.00424115 0.00747976 0.00632927 0.00142186
internal_weight=61253.1 52668.5 34129.6 8584.68 18538.8 15352.9 18776.8 17548.4 11880.4 12282.1 6220.24 13003.1 11267 10263.3 8121.03 3472.43 8084.57 8863.78 5266.31 6230.7 5773.72 3581.61 3145.95 1764.27 2018.79 5460.06 5381.76 990.435 1890.33 4954.07
internal_count=28790 21565 11984 7225 9581 4779 7205 9193 3825 6303 4751 5389 3690 5350 2749 954 3450 4674 2890 2177 1816 1894 941 1249 953 2295 1713 388 572 2080
is_linear=0
shrinkage=0.05


Tree=50
num_leaves=31
num_cat=0
split_feature=7 7 7 5 4 3 4 1 2 2 7 3 5 5 3 1 2 7 4 6 7 5 2 6 1 5 2 4 2 4
split_gain=496.475 86.2118 70.9496 44.8121 30.9755 27.8973 25.3067 21.3122 20.0534 16.9523 16.0537 15.8698 15.4159 13.0599 12.8951 11.7589 10.7783 10.0459 9.88024 9.5038 9.37713 9.31667 10.3853 8.84556 8.65414 8.23727 8.19544 8.92238 7.68865 7.62302
threshold=4.5000000000000009 8.5000000000000018 2.5000000000000004 4.5000000000000009 730.50000000000011 1.5000000000000002 587.50000000000011 6.5000000000000009 10787.500000000002 9720.5000000000018 1.5000000000000002 1.5000000000000002 1.5000000000000002 1.5000000000000002 1.0000000180025095e-35 8.5000000000000018 14185.500000000002 10.500000000000002 571.50000000000011 139.50000000000003 10.500000000000002 4.5000000000000009 16031.500000000002 129.50000000000003 13.500000000000002 4.5000000000000009 12162.500000000002 667.50000000000011 12527.000000000002 748.50000000000011
decision_type=2 2 2 2 2 2 2 2 2 2 2 2 2 2 2 2 2 2 2 2 2 2 2 2 2 2 2 2 2 2
left_child=2 3 10 6 5 7 19 17 -8 -9 -1 15 -4 -6 -14 -10 24 -3 -19 -2 -7 22 -11 -20 -5 -12 -16 -28 -15 -17
right_child=1 4 12 16 13 20 8 9 11 21 25 -13 14 28 26 29 -18 18 23 -21 -22 -23 -24 -25 -26 -27 27 -29 -30 -31
leaf_value=-0.016735368392197865 0.0015598857363080731 -0.00011109201910380008 -0.010784395101371292 0.00024950308330720601 -0.0046797493498381935 0.0075280986385473161 -0.0049051455522526504 0.0025367760049966191 -0.0037199556638737637 0.004545961413300127 -0.012568281434619806 0.0081651241085643738 -0.0063275093521211988 -0.00017359358100018079 -0.0044898205779896269 0.00097760879348931357 0.0069191258010417285 0.012694109331087628 0.000668131110814483 0.0097828840222280028 0.016474547333551186 0.0087884018409184628 0.0088423830416403046 0.0061596363414415586 0.0055652346606632382 -0.0060585026073349075 0.0080893994626410181 -0.0024113572798376143 0.0037079948832270458 -0.0042038410043607026
leaf_weight=2310.3828328251839 1059.1473764181137 3133.3221627473831 1331.4469963312149 2240.9394059181213 947.91359269618988 556.28759098052979 5021.5518516302109 3935.5345261096954 3382.3939038515091 6381.2273682355881 2140.9375115633011 453.1073397397995 4129.3378242254257 2628.1985337734222 880.06336295604706 4163.619356751442 1722.9219578504562 287.82059550285339 1729.588366985321 525.82692456245422 618.58696389198303 2906.2099928855896 1804.1884838342667 1273.0364098548889 1163.0393762588501 628.63722062110901 378.2048921585083 434.9201557636261 2479.2148878574371 855.73997497558594
leaf_count=2460 472 1277 1018 931 446 140 2621 1332 1842 2115 1939 170 2779 977 511 1894 596 94 665 229 129 668 539 461 406 474 196 249 843 416
internal_value=-0.000124106 0.00211443 -0.0091393 -0.000354184 0.00388648 0.00473654 -0.00169745 0.00432565 -0.0023811 0.00535608 -0.0136579 -0.000949725 -0.00593068 0.000710231 -0.00482077 -0.00144129 0.00369674 0.00191516 0.00384466 0.00428793 0.0122385 0.00635642 0.00549296 0.00299639 0.00206573 -0.0110907 -0.00114614 0.00247281 0.00171059 9.42344e-05
internal_weight=61503.3 49269.4 12233.9 20588.3 28681.1 22625.8 15461.4 21450.9 13876.4 15027.2 5079.96 8854.86 7153.97 6055.33 5822.53 8401.75 5126.9 6423.77 3290.45 1584.97 1174.87 11091.6 8185.42 3002.62 3403.98 2769.57 1693.19 813.125 5107.41 5019.36
internal_count=28889 19263 9626 9577 9686 7420 7644 7151 6943 4654 4873 4322 4753 2266 3735 4152 1933 2497 1220 701 269 3322 2654 1126 1337 2413 956 445 1820 2310
is_linear=0
shrinkage=0.05


Tree=51
num_leaves=31
num_cat=0
split_feature=7 7 5 7 3 3 4 3 7 4 4 5 5 6 1 2 4 2 1 1 3 1 6 2 6 1 2 2 2 4
split_gain=475.002 114.015 53.568 36.244 31.46 25.1481 22.1686 18.8506 17.3067 17.1836 15.4428 14.4392 12.6835 12.37 12.16 11.819 11.7768 11.5219 10.1154 10.0802 11.1469 9.96621 9.71615 8.96287 8.02068 7.98795 7.88126 7.28393 7.2431 9.04594
threshold=3.5000000000000004 6.5000000000000009 2.5000000000000004 1.5000000000000002 1.0000000180025095e-35 1.0000000180025095e-35 733.50000000000011 1.5000000000000002 10.500000000000002 605.50000000000011 674.50000000000011 4.5000000000000009 3.5000000000000004 120.50000000000001 14.500000000000002 14600.000000000002 676.50000000000011 11223.500000000002 6.5000000000000009 16.500000000000004 1.5000000000000002 12.500000000000002 173.50000000000003 10787.500000000002 156.50000000000003 16.500000000000004 12362.500000000002 14320.500000000002 8888.5000000000018 581.50000000000011
decision_type=2 2 2 2 2 2 2 2 2 2 2 2 2 2 2 2 2 2 2 2 2 2 2 2 2 2 2 2 2 2
left_child=3 5 7 -1 6 9 8 10 14 25 23 21 -11 16 22 -14 -6 -16 -12 20 -7 -5 -4 -3 -25 -2 -22 -18 -10 -30
right_child=1 2 4 11 13 19 -8 -9 28 12 18 -13 15 -15 17 -17 27 -19 -20 -21 26 -23 -24 24 -26 -27 -28 -29 29 -31
leaf_value=-0.016461982340918901 -0.00047022578499838547 -0.00070326475032345939 0.00084018139567888393 -0.012132347191631247 0.0076192564424124422 -0.0015171079095603335 -0.00030437227585590829 0.0086412757209061355 0.0026348377324411187 -0.0064940539334737745 -0.004686454792877894 -0.0046339590306756365 -0.0042388034335412708 0.0087758763022879622 0.0012814643749895296 0.0023283420387531215 0.00039423968397329402 0.008279169795467476 -0.00036708363248974182 0.0065346797834496722 0.0005584476887957998 -0.0074030446669650129 0.0071513176194595313 0.0021851784586079132 0.0081921693038710212 0.0092429811931489282 0.012689522252143448 0.0066742177749993074 0.013804567372650824 0.0063773843731348813
leaf_weight=2258.7977914214134 1089.9444568157196 2327.3646290302277 5677.9564565420151 3004.6661669015884 2100.2497670650482 2573.7643809318542 3661.5858100652695 664.76368176937103 1116.0022242069244 4316.8305531740189 2010.6429629325867 1418.6464827060699 2469.5900795459747 4228.5196185112 945.97127032279968 948.16895246505737 1478.7794235944748 1555.4948470592499 4159.4818413257599 688.68887579441071 277.69338774681091 1770.3207656145096 683.22707402706146 3239.0080283880234 670.77642953395844 262.67713296413422 258.53714036941528 671.35433721542358 456.85345768928528 3994.3410041332245
leaf_count=2446 603 1015 2229 2485 515 1291 1422 219 354 2818 1070 970 1300 1076 329 464 443 467 1907 290 127 1350 240 1348 271 133 102 167 121 1147
internal_value=-3.94542e-05 0.00173072 0.00305882 -0.0110403 0.00434801 -0.00235508 0.00317018 0.00043841 0.00405185 -0.0037832 -1.08758e-06 -0.00906308 -0.00469245 0.00686115 0.00267944 -0.00241692 0.00495628 0.00563287 -0.00177463 0.00106128 -0.000150768 -0.010379 0.00151803 0.00175339 0.00321576 0.00141606 0.0064073 0.00235509 0.00623664 0.00713968
internal_weight=60980.7 52528.3 39642.4 8452.43 26570.3 12885.9 18091.4 13072 14429.8 9087.21 12407.3 6193.63 7734.59 8478.9 8862.65 3417.76 4250.38 2501.47 6170.12 3798.68 3109.99 4774.99 6361.18 6237.15 3909.78 1352.62 536.231 2150.13 5567.2 4451.19
internal_count=28719 21468 14340 7251 8510 7128 6309 5830 4887 5318 5611 4805 4582 2201 3265 1764 1125 796 2977 1810 1520 3835 2469 2634 1619 736 229 610 1622 1268
is_linear=0
shrinkage=0.05


Tree=52
num_leaves=31
num_cat=0
split_feature=7 7 1 7 7 6 3 4 4 3 4 3 6 1 4 2 1 2 1 2 1 7 4 2 1 1 2 4 2 0
split_gain=466.44 112.457 43.2143 30.5992 30.496 27.9399 24.9059 23.4882 17.0809 16.0237 15.6898 13.6927 11.128 10.8761 10.7925 11.1056 10.6601 10.3544 9.16855 9.13994 8.91262 8.87918 8.54336 8.22733 8.12052 7.76341 7.0774 6.97438 6.78841 6.59234
threshold=3.5000000000000004 6.5000000000000009 6.5000000000000009 1.5000000000000002 11.500000000000002 104.50000000000001 1.0000000180025095e-35 599.50000000000011 672.50000000000011 1.0000000180025095e-35 605.50000000000011 1.0000000180025095e-35 151.50000000000003 6.5000000000000009 809.50000000000011 10559.000000000002 16.500000000000004 10066.500000000002 16.500000000000004 5308.5000000000009 16.500000000000004 10.500000000000002 714.50000000000011 9720.5000000000018 9.5000000000000018 12.500000000000002 14551.500000000002 740.50000000000011 10066.500000000002 47.500000000000007
decision_type=2 2 2 2 2 2 2 2 2 2 2 2 2 2 2 2 2 2 2 2 2 2 2 2 2 2 2 2 2 2
left_child=3 6 8 -1 5 16 10 -7 21 25 -2 14 23 -12 15 -9 19 -6 22 -4 -19 -3 -8 -10 -11 -5 -26 -21 -24 -22
right_child=1 2 4 9 17 7 18 11 12 24 13 -13 -14 -15 -16 -17 -18 20 -20 27 29 -23 28 -25 26 -27 -28 -29 -30 -31
leaf_value=-0.015977317936446297 0.0010612591325770845 0.00094656117940553584 -0.0089704759600582086 -0.012390089458349121 0.0040072208755316105 0.0093938423406190949 0.0015675689811523105 0.00024559941801721702 -0.0057977674594621269 -0.0085933143409539156 -0.0074311895592017955 0.0060709782387264868 0.002535221851820623 -0.0033917663640741428 -0.0071282665849712991 0.0041710915736575763 0.0041335151711206497 0.0074073376832978132 0.0061541644868473369 0.0010688154194289934 0.0090455934425580833 0.0049454655452910888 -0.010591112836230387 -0.0011791809841460738 -0.0046421448073733973 -0.0080197845985811901 0.005171604650432436 -0.0035235225440968993 -0.0013273451461474847 0.017062347716775166
leaf_weight=2265.038371026516 1405.9197721481323 3718.60047352314 283.75432288646698 2757.4174258708954 1532.7803798913956 2140.3667110204697 2176.3973544836044 2656.0462465286255 1337.2568192481995 840.72686207294464 2451.4205312728882 4197.3779428005219 1447.131089925766 5203.4988218545914 276.82054102420807 5601.6552237272263 1855.8301162719727 2796.5105479955673 708.44319772720337 4527.3625390529633 540.22365736961365 2214.9654541015625 284.44701933860779 3456.6473100185394 616.72986423969269 1609.2109355926514 261.65908026695251 1011.4643940925598 648.88315439224243 488.16454124450684
leaf_count=2493 763 1552 115 2286 479 643 1025 1088 617 641 1564 1195 608 2986 119 2057 615 803 299 1617 138 763 157 1523 428 1246 172 406 332 115
internal_value=-3.3444e-05 0.00169826 0.00300426 -0.0110162 0.0040886 0.00328297 -0.00236636 0.00454756 0.000518588 -0.00916972 -0.00379369 0.00373285 -0.00130753 -0.00468536 0.00258293 0.00290848 0.000833595 0.0074795 0.00102081 -0.000218187 0.00887097 0.00243933 -0.000148646 -0.00246753 -0.00508074 -0.0107795 -0.00171877 0.000230193 -0.00415062 0.0128511
internal_weight=61312.8 52962 40083 8350.78 27908.4 22550.7 12879 14872.3 12174.6 6085.74 9060.84 12731.9 6241.04 7654.92 8534.52 8257.7 7678.41 5357.68 3818.17 5822.58 3824.9 5933.57 3109.73 4793.9 1719.12 4366.63 878.389 5538.83 933.33 1028.39
internal_count=28845 21579 14453 7266 9390 7855 7126 5102 5063 4773 5313 4459 2748 4550 3264 3145 2753 1535 1813 2138 1056 2315 1514 2140 1241 3532 600 2023 489 253
is_linear=0
shrinkage=0.05


Tree=53
num_leaves=31
num_cat=0
split_feature=7 7 5 7 3 4 5 1 1 4 7 4 7 4 5 1 6 3 5 3 3 1 4 1 6 4 1 3 4 4
split_gain=445.732 116.555 48.2478 32.5425 28.3115 23.0564 23.0062 20.2392 19.1854 16.9144 16.6536 16.1897 15.518 14.1092 13.8271 12.2758 11.1608 10.5345 10.2684 9.0998 8.63706 8.00244 6.48699 6.36031 6.32686 6.31725 6.77725 6.17303 5.89932 5.8861
threshold=3.5000000000000004 6.5000000000000009 2.5000000000000004 1.5000000000000002 1.5000000000000002 545.50000000000011 1.5000000000000002 3.5000000000000004 4.5000000000000009 602.50000000000011 11.500000000000002 706.50000000000011 9.5000000000000018 743.50000000000011 4.5000000000000009 15.500000000000002 104.50000000000001 1.0000000180025095e-35 4.5000000000000009 1.0000000180025095e-35 1.0000000180025095e-35 16.500000000000004 700.50000000000011 15.500000000000002 106.50000000000001 798.50000000000011 17.500000000000004 1.0000000180025095e-35 676.50000000000011 693.50000000000011
decision_type=2 2 2 2 2 2 2 2 2 2 2 2 2 2 2 2 2 2 2 2 2 2 2 2 2 2 2 2 2 2
left_child=3 6 9 -1 5 -4 23 24 -8 15 13 17 25 16 20 27 -9 21 -18 -14 -5 -10 -6 -2 -7 26 -11 -3 -25 -12
right_child=1 2 4 14 22 7 8 10 11 12 29 -13 19 -15 -16 -17 18 -19 -20 -21 -22 -23 -24 28 -26 -27 -28 -29 -30 -31
leaf_value=-0.016105250505385964 -0.0084567795938250076 0.00058491094294940086 0.012039767886840606 -0.011641266346143077 0.013503014167199474 -0.0025242271109075626 -0.005462084414465441 0.0020716917300761697 -0.0014566941297046694 -0.0026097932937622146 0.0084801842658057767 -0.0035354458766534143 7.0959935207775719e-05 6.3161842233319641e-05 -0.0046166781817362605 0.012597541906150065 0.0037347844871383666 0.0044664467723516425 0.0071754952807284184 0.0042272157266751631 -0.0068386990226020116 0.0042512318422011286 0.0064930948342241911 0.0028113365207341969 0.0016598489571102836 -0.010136621244564215 0.0034756585772751703 0.0074159896985347435 -0.0083704555031380197 0.0046983216995698327
leaf_weight=2195.0902858972549 1795.6955795288086 1052.5621553659439 813.6909886598587 3359.114651799202 916.98173546791077 1362.9207834005356 2419.0407770872116 4752.6190388202667 3001.3813962936401 4280.0297129154205 2481.2778735160828 2733.1874563694 4150.5648891925812 2659.443371295929 1387.7491265535355 396.77442800998688 5639.9565806388855 1684.5468754768372 3522.913419008255 1929.0016639232635 1297.902455329895 771.99505567550659 515.60610461235046 274.95783567428589 2680.3463345766068 248.42363464832306 512.27836072444916 482.24149775505066 206.57629919052124 1757.6783437728882
leaf_count=2453 1204 471 227 2840 189 539 1415 1555 1647 2157 616 1495 1863 970 963 144 1888 714 980 645 983 394 124 162 1012 133 232 160 132 502
internal_value=-7.18092e-05 0.00160887 0.00293668 -0.0108909 0.00413939 0.00375764 -0.00252838 0.00348652 -0.00154967 0.000439132 0.00411535 -0.00039424 -0.000311038 0.00340011 -0.00899739 0.00475794 0.00403785 0.0011788 0.00505766 0.00138971 -0.0103028 -0.00028891 0.0109801 -0.00708841 0.000249464 -0.00236229 -0.00195928 0.00273126 -0.00198561 0.00691204
internal_weight=61282.5 53042.7 40155.3 8239.86 27103.4 25670.8 12887.4 24857.2 10610.2 13051.9 20813.9 8191.11 11120.3 16574.9 6044.77 1931.58 13915.5 5457.92 9162.87 6079.57 4657.02 3773.38 1432.59 2277.23 4043.27 5040.73 4792.31 1534.8 481.534 4238.96
internal_count=28809 21570 14407 7239 8602 8289 7163 8062 5665 5805 6511 4250 5030 5393 4786 775 4423 2755 2868 2508 3823 2041 313 1498 1551 2522 2389 631 294 1118
is_linear=0
shrinkage=0.05


Tree=54
num_leaves=31
num_cat=0
split_feature=7 7 5 3 7 3 2 1 3 1 5 4 4 4 1 1 5 4 4 2 7 4 4 7 4 1 3 1 5 2
split_gain=419.875 100.426 47.913 35.3035 31.9423 27.8979 24.5162 19.0415 15.8837 15.0099 13.4496 13.2611 12.1824 11.3407 10.6613 10.1347 9.72644 9.40433 9.25566 9.53695 8.9038 10.3882 8.89117 8.87527 8.73769 8.43026 7.98642 7.61519 7.4795 7.26487
threshold=3.5000000000000004 6.5000000000000009 1.5000000000000002 1.0000000180025095e-35 1.5000000000000002 1.0000000180025095e-35 15951.500000000002 9.5000000000000018 1.5000000000000002 12.500000000000002 2.5000000000000004 731.50000000000011 604.50000000000011 565.50000000000011 6.5000000000000009 16.500000000000004 4.5000000000000009 803.50000000000011 563.50000000000011 10477.500000000002 11.500000000000002 672.50000000000011 627.50000000000011 11.500000000000002 591.50000000000011 16.500000000000004 1.0000000180025095e-35 12.500000000000002 4.5000000000000009 12323.500000000002
decision_type=2 2 2 2 2 2 2 2 2 2 2 2 2 2 2 2 2 2 2 2 2 2 2 2 2 2 2 2 2 2
left_child=4 5 11 6 -1 10 7 20 13 28 -2 15 -8 -5 -12 18 25 -9 -3 -20 21 -4 -10 -15 -16 -7 -11 -25 -6 -26
right_child=1 2 3 8 9 16 12 17 22 26 14 -13 -14 23 24 -17 -18 -19 19 -21 -22 -23 -24 27 29 -27 -28 -29 -30 -31
leaf_value=-0.015866880822518845 -0.006408123526592039 0.0088744257798030624 0.0011427136029421884 0.011682474354816751 -0.011865587042158432 -0.0013974612792655463 0.012407148501343833 0.0033907831039213508 0.016251549044089746 -0.00730777538405686 -0.0055290626860852619 -0.005550931773589951 0.0048180346565941477 0.0037828836238145494 0.0056310910477581589 0.0049423784482144394 0.0057432417408263938 -0.0051755990663972205 -0.0050055803711706801 0.00019257788637727093 0.003305987992847606 -0.002711178016066954 0.0081473915569007897 0.0049778361885286435 -0.00401060384936462 0.0055999895816678568 -0.00051765304207316198 0.011847268875011883 -0.0065511536515571447 0.0005122463172309847
leaf_weight=2147.8659176230431 3181.1274855136871 224.01107406616211 3440.2461425065994 601.17650699615479 2919.6960623264313 2372.8433462381363 628.41712379455566 10246.261708974838 452.7660984992981 1580.9157977104187 1828.996352314949 1361.6322184801102 3335.8855757713318 6853.7320030927658 451.40641021728516 863.23752510547638 932.21010935306549 330.72710120677948 1336.7847714424133 2595.7320476770401 1611.856825709343 3555.9132853746414 1340.3420592546463 961.1803457736969 1779.6533316373825 525.80978560447693 596.42280840873718 695.26744246482849 856.21536767482758 1771.7964479923248
leaf_count=2441 2162 90 1401 146 2500 1225 193 3469 93 1245 1085 685 1152 2030 211 341 363 128 641 1162 603 1624 325 251 966 232 407 144 610 900
internal_value=-3.45959e-05 0.00157794 0.00280138 0.00354645 -0.0106399 -0.00227371 0.00244153 0.00170187 0.0058921 -0.00875401 -0.00379294 -0.00117457 0.00602105 0.00504554 -0.00236642 1.25331e-05 0.00130062 0.00312292 -0.00101131 -0.00157444 -4.42284e-05 -0.00081609 0.0101937 0.00457669 -0.000921337 -0.000128138 -0.00544781 0.00786117 -0.0106605 -0.00175418
internal_weight=61380.1 53279 40435.2 34053.8 8101.12 12843.8 23149.3 19185 10904.5 5953.25 9012.98 6381.4 3964.3 9111.36 5831.85 5019.77 3830.86 10577 4156.53 3932.52 8608.02 6996.16 1793.11 8510.18 4002.86 2898.65 2177.34 1656.45 3775.91 3551.45
internal_count=28825 21622 14478 11559 7203 7144 8570 7225 2989 4762 5324 2919 1345 2571 3162 2234 1820 3597 1893 1803 3628 3025 418 2425 2077 1457 1652 395 3110 1866
is_linear=0
shrinkage=0.05


Tree=55
num_leaves=31
num_cat=0
split_feature=7 7 5 7 2 5 6 4 3 4 7 5 3 4 3 7 2 6 0 7 7 3 4 2 6 6 6 2 4 5
split_gain=406.256 92.2467 47.3141 33.9251 27.5977 24.2301 22.6665 17.0745 17.66 14.6281 14.2493 13.4043 13.1204 12.9337 12.8825 11.434 10.215 9.39288 9.04624 8.28159 7.21778 6.7903 6.66433 6.52906 6.3661 6.24204 6.05463 6.03852 6.03843 5.99882
threshold=3.5000000000000004 6.5000000000000009 4.5000000000000009 1.5000000000000002 14359.500000000002 4.5000000000000009 124.50000000000001 558.50000000000011 1.0000000180025095e-35 662.50000000000011 10.500000000000002 3.5000000000000004 1.0000000180025095e-35 627.50000000000011 1.0000000180025095e-35 11.500000000000002 18269.000000000004 172.50000000000003 23.500000000000004 9.5000000000000018 8.5000000000000018 1.0000000180025095e-35 709.50000000000011 8790.5000000000018 145.50000000000003 155.50000000000003 145.50000000000003 15838.500000000002 718.50000000000011 1.5000000000000002
decision_type=2 2 2 2 2 2 2 2 2 2 2 2 2 2 2 2 2 2 2 2 2 2 2 2 2 2 2 2 2 2
left_child=3 5 4 -1 6 7 14 -2 22 20 17 21 19 -12 18 24 28 -6 -3 -4 -8 -5 -9 -17 -11 27 -10 -21 -7 -20
right_child=1 2 12 11 10 16 9 8 26 15 13 -13 -14 -15 -16 23 -18 -19 29 25 -22 -23 -24 -25 -26 -27 -28 -29 -30 -31
leaf_value=-0.015848943264456301 0.0065466642581959462 0.0034031191134501954 0.0024434383389141299 -0.011996259248928543 0.0019328806659782245 0.0024664537123349458 0.0012698617008728168 -0.0040157035003258101 -0.001854105844386709 -0.0024324561343778313 0.012177718354387183 -0.0057931784809042014 0.0081895131389483448 0.0049190532502215948 0.001726338723995136 -0.0007782832211277479 0.012249676145678793 0.0091972795296954065 -0.0051998296386703948 0.0039364679373809792 0.0058758768569057594 -0.0069931831704032922 -0.0073780797037206157 0.0078921235935318062 0.0013363849855354399 0.0099029756401820962 0.0033178889101284632 0.0097557578272881498 -0.0027254089528248922 -0.0016761808959882903
leaf_weight=2132.4402503967285 422.29824697971344 724.34548103809357 3001.1692814826965 2403.9574326276779 5063.1216486692429 2013.1362097263336 1151.3795096874237 4381.7584557533264 2050.0401929616928 1940.0085011720657 817.41328573226929 2587.1914049386978 3464.6951191425323 2462.3240494728088 3564.2194501161575 301.44299292564392 218.45283889770508 487.85441327095032 1558.8833423852921 2605.53067278862 3255.1551110744476 944.71420407295227 2220.4795283079147 776.25067043304443 2652.332334280014 790.33196043968201 781.6065491437912 537.80504941940308 775.88271450996399 5364.2961167097092
leaf_count=2462 227 313 1065 2131 1935 904 485 2683 1040 827 232 1902 772 789 1185 113 95 184 789 747 1062 749 1437 269 1098 194 387 139 390 2254
internal_value=1.75559e-05 0.00159808 0.0027692 -0.0104396 0.00176522 -0.00209078 0.000790425 -0.00328949 -0.00372979 0.00251139 0.00411517 -0.00849634 0.00567692 0.00672814 -0.000756294 0.000831954 0.00183765 0.00257132 -0.00191335 0.0044216 0.00467238 -0.0105848 -0.00514655 0.00546691 -0.000255741 0.00593083 -0.000426504 0.00493211 0.00102212 -0.0024696
internal_weight=61450.5 53382.2 40518.6 8068.3 30119 12863.7 21288.3 9856.18 9433.88 10076.6 8830.71 5935.86 10399.5 3279.74 11211.7 5670.03 3007.47 5550.98 7647.52 6934.84 4406.53 3348.67 6602.24 1077.69 4592.34 3933.67 2831.65 3143.34 2789.02 6923.18
internal_count=28859 21615 14452 7244 11535 7163 8395 5774 5547 3854 3140 4782 2917 1021 4541 2307 1389 2119 3356 2145 1547 2880 4120 382 1925 1080 1427 886 1294 3043
is_linear=0
shrinkage=0.05


Tree=56
num_leaves=31
num_cat=0
split_feature=7 7 5 7 2 5 5 4 2 4 6 1 2 1 5 1 4 6 1 1 0 6 6 4 6 5 1 6 2 4
split_gain=387.974 85.4238 45.9022 33.9926 27.4874 22.2584 18.8019 17.3737 16.406 14.4908 14.0916 12.8436 12.6251 12.1759 11.6769 11.0202 10.5493 9.12319 8.75406 7.86233 7.77539 7.77141 7.50061 6.84448 6.52359 6.475 6.28821 6.78573 6.47597 6.09137
threshold=3.5000000000000004 6.5000000000000009 1.5000000000000002 1.5000000000000002 13411.500000000002 1.5000000000000002 4.5000000000000009 600.50000000000011 7272.5000000000009 665.50000000000011 184.50000000000003 16.500000000000004 21148.500000000004 9.5000000000000018 4.5000000000000009 12.500000000000002 736.50000000000011 145.50000000000003 12.500000000000002 6.5000000000000009 27.500000000000004 116.50000000000001 153.50000000000003 670.50000000000011 141.50000000000003 4.5000000000000009 4.5000000000000009 83.500000000000014 17353.500000000004 751.50000000000011
decision_type=2 2 2 2 2 2 2 2 2 2 2 2 2 2 2 2 2 2 2 2 2 2 2 2 2 2 2 2 2 2
left_child=3 5 15 -1 6 -2 13 -6 -7 11 23 26 19 22 18 24 21 25 -5 -9 -17 -15 -4 -8 -3 -11 -10 -28 -29 -21
right_child=1 2 4 14 7 8 10 12 9 17 -12 -13 -14 16 -16 20 -18 -19 -20 29 -22 -23 -24 -25 -26 -27 27 28 -30 -31
leaf_value=-0.015698539502059503 -0.0064741121016954912 -0.0042077820445607051 -0.0011841943428346935 -0.011243152991956272 0.0094069903034560247 -0.0065818658835713351 0.0057830305526004079 0.0019945522141046577 -0.0029640460035247002 -0.0047032707232518246 0.013947878012800247 0.0080655580249173273 0.012649204734910317 0.0014684004912951726 -0.0042781389212275525 0.0083584993598110058 -0.0012926418864820477 0.0013816811773161098 -0.0066832038375196235 0.0055484312237966855 0.00024910468616387522 0.004938647840343092 0.0029217150335907969 0.0023329653433325688 0.00033985627683000437 -0.000156228603470931 -0.0036260072909383087 0.0021753029326631876 0.011557387778398357 0.0017332139272562366
leaf_weight=2108.2661547064781 2277.2896447181702 2744.7104378938675 5159.6377438306808 2808.014498591423 2053.3787647485733 1178.2500991821289 2750.5287609100342 3209.8339595794678 903.26100969314575 2665.7067818641663 377.79987907409668 696.15817046165466 446.92326068878174 2827.2471356391907 1381.9193966388702 345.00666570663452 1427.5624666213989 1381.1023615598679 1683.560936331749 6521.2318077087402 2063.5312546491623 3757.4014623165131 1417.9679291248322 3011.5347032546997 1106.5145844221115 1108.497527718544 459.834996342659 1923.7485982179642 203.37127447128296 1246.1186277866364
leaf_count=2473 1519 1327 2211 2452 563 663 751 1232 510 1567 95 308 122 973 975 143 563 755 1339 1906 859 1201 557 943 529 537 240 960 95 407
internal_value=2.79045e-05 0.00156842 0.00269444 -0.0102523 0.00341482 -0.00199227 0.00227197 0.00517262 -0.00102207 -0.000320827 0.00459321 0.00186448 0.00441153 0.00129512 -0.00829737 -0.00124211 0.00260386 -0.00209541 -0.00953396 0.00407614 0.00141072 0.00344863 -0.000299063 0.00397986 -0.00290118 -0.00336779 0.000627613 0.00188168 0.00307231 0.00493635
internal_weight=61245.9 53264.1 40466.9 7981.76 34207.2 12797.2 20729.7 13477.5 10519.9 9341.68 6139.86 4186.37 11424.1 14589.8 5873.49 6259.76 8012.21 5155.31 4491.58 10977.2 2408.54 6584.65 6577.61 5762.06 3851.23 3774.2 3490.22 2586.95 2127.12 7767.35
internal_count=28775 21536 14382 7239 11524 7154 7294 4230 5635 4972 1789 2113 3667 5505 4766 2858 2737 2859 3791 3545 1002 2174 2768 1694 1856 2104 1805 1295 1055 2313
is_linear=0
shrinkage=0.05


Tree=57
num_leaves=31
num_cat=0
split_feature=5 3 3 1 4 1 1 2 1 4 2 2 6 4 4 3 6 2 6 4 6 0 6 2 1 2 1 5 6 5
split_gain=85.9714 53.9511 27.2877 25.4034 14.573 15.2984 14.3384 14.0977 13.9512 12.8577 12.4716 10.9891 10.1941 9.38555 9.20492 9.05408 7.9787 7.75541 7.66668 7.64331 7.53696 6.95118 6.55142 6.47776 6.43648 6.37107 6.36333 6.31763 7.12353 5.75614
threshold=2.5000000000000004 1.0000000180025095e-35 1.0000000180025095e-35 7.5000000000000009 602.50000000000011 15.500000000000002 6.5000000000000009 10430.500000000002 2.5000000000000004 743.50000000000011 13143.500000000002 12162.500000000002 105.50000000000001 650.50000000000011 772.50000000000011 1.5000000000000002 157.50000000000003 16609.500000000004 87.500000000000014 664.50000000000011 118.50000000000001 58.500000000000007 156.50000000000003 9769.5000000000018 6.5000000000000009 16223.500000000002 16.500000000000004 4.5000000000000009 99.500000000000014 1.5000000000000002
decision_type=2 2 2 2 2 2 2 2 2 2 2 2 2 2 2 2 2 2 2 2 2 2 2 2 2 2 2 2 2 2
left_child=2 3 4 13 5 -1 19 16 21 12 18 27 26 22 -12 17 -5 -10 -6 23 -13 -4 25 -3 -20 -2 -9 -8 -29 -17
right_child=1 6 8 7 10 -7 11 9 15 -11 14 20 -14 -15 -16 29 -18 -19 24 -21 -22 -23 -24 -25 -26 -27 -28 28 -30 -31
leaf_value=-0.0022839641885057083 -0.0019292825667376449 -0.0016863382985772965 -0.002623600114362655 -0.0017545206707771631 -0.0090421849393380015 0.0080160180694231944 0.0018753799693934767 -0.00055349562620972067 -0.00067892073681289169 -0.0014625788956569288 -0.001788632633007142 0.0047334339755682958 0.0039907333213238206 -0.0031024483663540494 -0.0088999618126357708 0.001870852008625756 0.0031500560502493468 0.0054697251523653607 -0.0073457137646091089 -0.00055305277348676038 0.0087694120908137548 -0.012369714297204681 0.0044694475101772794 0.0059662281404431724 -0.0038182995442066874 0.0046413678319384222 0.0042096957855351563 0.00030079146503149916 0.0077138747429338298 0.0098545167685740055
leaf_weight=1594.5673105120659 2449.7835184931755 365.12235796451569 524.64089608192444 4565.5976777672768 1466.3889456391335 465.82030779123306 2782.2874822616577 2646.6720137000084 3960.6060353517532 2052.0667506456375 4329.3082149028778 2244.3823460936546 6896.2529526948929 6234.2312350869179 508.49681228399277 485.01659798622131 1013.2483117580414 589.12854111194611 1941.8251628875732 2113.179734647274 2386.9987317919731 280.90900027751923 694.56976628303528 1139.7771625518799 3871.7877795696259 434.33067840337753 953.89087957143784 439.71250039339066 1232.2105413675308 422.38761740922928
leaf_count=906 1198 164 289 2122 933 236 1015 1122 1875 948 2529 686 2684 3319 329 221 425 254 1306 910 713 166 310 434 2367 206 359 147 363 177
internal_value=1.63611e-05 0.0013466 -0.00262866 0.000118263 -0.00384281 4.46952e-05 0.00404821 0.0012275 0.000120083 0.0021572 -0.00450381 0.00510825 0.00286485 -0.00193087 -0.0025361 0.00102678 -0.000863735 0.000117245 -0.00581141 0.0013863 0.00681356 -0.00602224 0.00011007 0.00410954 -0.0049965 -0.000939781 0.000708408 0.0033351 0.00576425 0.00558717
internal_weight=61085.2 40644.3 20440.9 27940.6 14178.2 2060.39 12703.7 18127.7 6262.69 12548.9 12117.8 9085.59 10496.8 9812.92 4837.81 5457.14 5578.85 4549.73 7280 3618.08 4631.38 805.55 3578.68 1504.9 5813.61 2884.11 3600.56 4454.21 1671.92 907.404
internal_count=28713 17125 11588 12693 8606 1142 4432 7660 2982 5113 7464 2924 4165 5033 2858 2527 2547 2129 4606 1508 1399 455 1714 598 3673 1404 1481 1525 510 398
is_linear=0
shrinkage=0.05


Tree=58
num_leaves=31
num_cat=0
split_feature=7 7 5 7 4 5 1 2 2 6 7 5 4 1 1 6 7 4 2 1 4 6 1 4 7 6 4 1 1 4
split_gain=370.237 89.699 41.1373 35.0191 21.3875 19.3545 16.9929 15.4457 11.6528 11.4796 11.543 11.4576 10.4468 10.3483 10.1856 9.07325 8.59713 9.1458 7.89535 7.62667 7.17419 7.65569 7.14903 7.1128 6.98414 6.72055 6.45889 6.11579 5.86627 5.21533
threshold=3.5000000000000004 6.5000000000000009 2.5000000000000004 1.5000000000000002 685.50000000000011 3.5000000000000004 6.5000000000000009 16370.500000000002 10787.500000000002 106.50000000000001 10.500000000000002 4.5000000000000009 664.50000000000011 18.500000000000004 16.500000000000004 144.50000000000003 11.500000000000002 759.50000000000011 12323.500000000002 6.5000000000000009 740.50000000000011 146.50000000000003 12.500000000000002 683.50000000000011 8.5000000000000018 158.50000000000003 595.50000000000011 6.5000000000000009 16.500000000000004 674.50000000000011
decision_type=2 2 2 2 2 2 2 2 2 2 2 2 2 2 2 2 2 2 2 2 2 2 2 2 2 2 2 2 2 2
left_child=3 5 6 -1 7 14 29 9 24 -4 26 22 27 15 23 19 17 25 -14 -6 21 -16 -5 -2 -8 -10 -11 -7 -26 -3
right_child=1 2 4 11 13 12 8 -9 16 10 -12 -13 18 -15 20 -17 -18 -19 -20 -21 -22 -23 -24 -25 28 -27 -28 -29 -30 -31
leaf_value=-0.015773207111607287 -0.0031863700014791566 -0.00055839112584553277 0.0022217728299469136 -0.010917432814021848 -0.0013636698737367061 -0.0013362112539399885 -0.0045471192177886878 0.0085770120362995313 0.001912597315381049 0.0069857530822080571 0.0075560305398133867 -0.0040615546242799335 -0.0042553270908249593 0.0078585532786409132 -0.00062350604053396487 0.0041553732010671781 0.0072558070892294046 -0.0042533141576802788 0.00063882167165249602 0.0019335609759243439 -0.0077319171059455549 0.0092348983373845735 -0.0067789007050874719 -0.0067105021161301612 -0.0008200648861565505 0.0072024110633887211 0.0028252141133816829 0.0039866389776789289 0.0048512432750531312 -0.0041313208896811343
leaf_weight=2048.3525969982147 3111.8757184743881 2053.9021332263947 4469.3294240236282 2796.1809097528458 2539.8886827230453 774.69706678390503 904.73660922050476 2486.0597115755081 3511.3485462665558 1228.9793343544006 3501.5891468524933 1314.5406600236893 1703.6116123199463 743.39619672298431 727.09968912601471 2927.4127453565598 953.71454358100891 512.73450291156769 1596.115177989006 5666.4419158697128 231.02998065948486 270.07855308055878 1664.786333501339 2651.947035908699 1822.2181242704391 724.28304409980774 3870.9823073148727 1778.5317332744598 608.14322066307068 2031.6027190685272
leaf_count=2442 1921 939 1403 2474 1019 392 463 646 1455 363 861 931 889 209 411 950 346 235 768 1841 139 145 1331 1767 767 290 1275 754 232 1091
internal_value=1.84716e-06 0.0014901 0.00264334 -0.0101562 0.00374468 -0.00215116 0.000340892 0.00496451 0.00155065 0.00427742 0.00534553 -0.00816406 -2.98288e-05 0.00214693 -0.0039269 0.00176556 0.00292376 0.00205367 -0.00188797 0.000913056 0.000207206 0.00204657 -0.00937298 -0.00480783 -0.000796988 0.00281714 0.00382781 0.00237159 0.000599052 -0.00233511
internal_weight=61225.6 53401.7 40556.8 7823.86 27434.1 12845 13122.7 15556.9 9037.18 13070.9 8601.55 5775.51 5852.96 11877.1 6992.03 11133.7 5702.08 4748.37 3299.73 8206.33 1228.21 997.178 4460.97 5763.82 3335.1 4235.63 5099.96 2553.23 2430.36 4085.5
internal_count=28749 21571 14385 7178 8567 7186 5818 4548 3788 3902 2499 4736 2803 4019 4383 3810 2326 1980 1657 2860 695 556 3805 3688 1462 1745 1638 1146 999 2030
is_linear=0
shrinkage=0.05


Tree=59
num_leaves=31
num_cat=0
split_feature=7 7 5 7 1 5 5 2 4 2 4 4 1 1 7 1 2 0 6 4 6 2 2 6 4 1 6 4 1 6
split_gain=349.967 87.4287 41.1103 35.1693 23.9065 17.7889 16.5861 16.4522 15.4555 15.4416 13.0296 11.7627 11.5846 11.4313 9.01002 8.85877 8.51647 8.17554 8.0994 7.98553 7.8318 7.54971 7.3069 7.05451 6.44068 8.06557 6.12964 5.84424 6.83098 5.83093
threshold=3.5000000000000004 6.5000000000000009 1.5000000000000002 1.5000000000000002 6.5000000000000009 1.5000000000000002 4.5000000000000009 7272.5000000000009 665.50000000000011 16031.500000000002 663.50000000000011 731.50000000000011 11.500000000000002 12.500000000000002 11.500000000000002 16.500000000000004 12323.500000000002 42.500000000000007 179.50000000000003 563.50000000000011 118.50000000000001 16223.500000000002 10477.500000000002 144.50000000000003 599.50000000000011 16.500000000000004 145.50000000000003 610.50000000000011 10.500000000000002 98.500000000000014
decision_type=2 2 2 2 2 2 2 2 2 2 2 2 2 2 2 2 2 2 2 2 2 2 2 2 2 2 2 2 2 2
left_child=3 5 11 -1 10 -2 9 -7 12 20 21 15 29 -5 -12 19 -10 -16 24 -3 -6 23 -21 -4 -8 -26 -18 28 -22 -9
right_child=1 2 4 13 6 7 18 8 16 -11 14 -13 -14 -15 17 -17 26 -19 -20 22 27 -23 -24 -25 25 -27 -28 -29 -30 -31
leaf_value=-0.015584165760878208 -0.0062740810228534144 0.0076945964715108952 0.00098256372396634422 -0.0096321707904857626 0.0012673750626120066 -0.0069211456908139547 0.0092844610892377707 -0.0047588783133937877 -0.004717129678698969 0.0065805287318536345 -0.0012788059381065901 -0.0052736066998254954 0.0045879419740049721 -0.0050346305249362074 0.0088318501390735448 0.0045619277242377526 -0.0020324152794485937 3.4893975572418665e-05 0.01183929921367032 -0.004602233874089123 0.00095258996925521265 0.0080037221476666701 9.1668132719520612e-06 0.0058263840565391791 0.0039543000963233555 0.0084144394105104686 0.0031889565249032074 0.002971685751861952 0.0086621684197505065 0.00085910766937060074
leaf_weight=2017.2849576473236 2198.846404671669 249.04791796207428 2622.8284794092178 3622.4029814600945 6368.635901927948 1167.0683832168579 1018.6515457630157 645.22921621799469 2294.6345012187958 2878.0831931829453 4698.422176361084 1347.4360864162445 1856.0565501451492 2157.1501888036728 460.47196745872498 874.4115971326828 2088.0077836513519 619.3654021024704 567.24336791038513 1295.2963582277298 397.56642663478851 709.65214765071869 2550.4830546379089 1053.6394045352936 4445.245010137558 1313.0305600166321 769.14232039451599 6014.1827583312988 1036.085836648941 1625.248908162117
leaf_count=2444 1493 98 998 3099 2260 661 221 356 1334 866 2009 685 843 1679 164 340 1133 231 122 628 137 234 1144 371 1217 307 407 2046 283 872
internal_value=-7.59742e-06 0.00144321 0.00257587 -0.00990014 0.00326029 -0.00218653 0.00411986 -0.00132607 -0.000622295 0.00324875 0.00122742 -0.00113009 0.00165785 -0.00791619 -0.000332269 -6.55055e-06 -0.00244867 0.00378615 0.00610003 -0.000982106 0.00255472 0.00328214 -0.001544 0.00237075 0.00561964 0.00497132 -0.000626827 0.00365552 0.00652422 -0.000737423
internal_weight=60960.9 53164 40519.8 7796.84 34203.1 12644.2 24038.7 10445.4 9278.32 16694.6 10164.4 6316.68 4126.53 5779.55 5778.26 4969.24 5151.78 1079.84 7344.17 4094.83 13816.5 4386.12 3845.78 3676.47 6776.93 5758.28 2857.15 7447.84 1433.65 2270.48
internal_count=28682 21460 14361 7222 11466 7099 7459 5606 4945 5592 4007 2895 2071 4778 2404 2210 2874 395 1867 1870 4726 1603 1772 1369 1745 1524 1540 2466 420 1228
is_linear=0
shrinkage=0.05


Tree=60
num_leaves=31
num_cat=0
split_feature=7 7 5 3 7 1 3 5 3 1 2 2 4 4 4 1 5 4 7 2 1 4 2 5 2 0 1 7 7 5
split_gain=346.641 79.4595 40.1441 31.5375 26.4287 19.229 18.8086 17.3277 14.4264 13.1042 13.4418 12.3126 11.6211 11.3615 10.9742 10.1292 9.9497 8.75762 8.23114 8.00616 7.60538 7.57258 7.48357 6.76635 6.68312 6.66211 6.47051 6.35535 6.27757 5.80159
threshold=3.5000000000000004 9.5000000000000018 1.5000000000000002 1.0000000180025095e-35 1.5000000000000002 6.5000000000000009 1.5000000000000002 1.5000000000000002 1.0000000180025095e-35 16.500000000000004 14089.500000000002 5171.5000000000009 657.50000000000011 679.50000000000011 561.50000000000011 6.5000000000000009 4.5000000000000009 648.50000000000011 5.5000000000000009 15838.500000000002 12.500000000000002 563.50000000000011 12323.500000000002 4.5000000000000009 16530.500000000004 74.500000000000014 13.500000000000002 5.5000000000000009 11.500000000000002 3.5000000000000004
decision_type=2 2 2 2 2 2 2 2 2 2 2 2 2 2 2 2 2 2 2 2 2 2 2 2 2 2 2 2 2 2
left_child=4 2 21 5 -1 18 7 -3 26 10 13 -7 24 -5 -9 17 -12 -16 -4 23 -10 -2 27 25 29 -17 -6 -14 -19 -13
right_child=1 6 3 9 8 11 -8 14 20 -11 16 12 22 -15 15 19 -18 28 -20 -21 -22 -23 -24 -25 -26 -27 -28 -29 -30 -31
leaf_value=-0.01494846738330464 0.0039759451316721921 -0.00012216162223614111 -0.006436334656060777 0.0028697415572166924 -0.011290382640750399 -0.0074124709819945083 0.0095225458397404858 0.0086810409295867263 -0.0069432946065642546 0.0074869626144290343 0.0029016923373487422 -0.00034935445760276847 -0.0059729642814812132 -0.0022199635495648209 0.0045844723560952132 0.0023527049355463472 0.0098281441561244229 -0.0014395326829923435 -0.0020377537713492165 0.0070011230322679658 7.3401696538338398e-05 -0.0048947446482706901 0.00098992116720995416 0.0056102326917620926 0.00707643203126957 0.0079702271574548407 -0.0070387143277075839 -0.0010130119624649368 0.0031285748090198449 0.0035030386413976546
leaf_weight=2008.947098493576 253.42637395858765 3326.978405714035 1448.9262566566467 2348.4596631526947 2714.4042317867279 488.03470492362976 1243.0203471183777 1083.2488324642181 1045.5121716856956 1369.2811013460159 1579.4622302055359 1736.1174439191818 869.73580503463745 2056.6756423711777 1638.6900804042816 6465.6829153299332 771.84072494506836 2199.6831288337708 3999.2959829568863 2192.8730375766754 612.38421070575714 4748.044961810112 3584.5436304807663 3114.374635219574 713.03879988193512 574.70401477813721 1334.978348493576 2508.7909296751022 1142.7921483516693 2235.9635963439941
leaf_count=2471 130 1403 973 869 2410 249 261 283 835 441 593 868 560 848 546 2010 216 855 1962 543 424 2811 1639 728 273 182 1088 1131 423 831
internal_value=-0.000106872 0.0013172 -0.000346689 0.000450618 -0.0100163 -0.000739796 0.0035407 0.00319867 -0.00828022 0.00302673 0.00212281 0.000368027 0.000694013 0.000493453 0.00379873 0.00349353 0.00517538 0.00159026 -0.00320753 0.00426133 -0.00435151 -0.00444526 -0.000601447 0.00366968 0.00261934 0.00281126 -0.00988872 -0.00228985 0.000122303 0.00181923
internal_weight=61409.9 53693.7 30711.6 25710.2 7716.23 17584.4 22982 21739 5707.28 8125.72 6756.44 12136.2 11648.2 4405.14 18412 17328.8 2351.3 4981.17 5448.22 12347.6 1657.9 5001.47 6963.07 10154.8 4685.12 7040.39 4049.38 3378.53 3342.48 3972.08
internal_count=28856 21628 14394 11453 7228 8486 7234 6973 4757 2967 2526 5551 5302 1717 5570 5287 809 1824 2935 3463 1259 2941 3330 2920 1972 2192 3498 1691 1278 1699
is_linear=0
shrinkage=0.05


Tree=61
num_leaves=31
num_cat=0
split_feature=7 7 1 7 3 3 7 6 3 4 4 4 2 2 2 1 1 7 6 1 1 2 6 6 2 4 2 1 4 0
split_gain=326.286 80.3179 30.9235 29.6204 23.8004 23.1142 22.1722 19.2337 14.6001 13.6723 12.8246 12.7863 10.6213 10.2156 9.34651 8.4937 8.36907 8.08147 7.83796 7.9729 7.65758 7.627 7.59059 7.50921 7.21818 6.46565 6.4534 6.43024 6.38628 5.56503
threshold=3.5000000000000004 6.5000000000000009 6.5000000000000009 1.5000000000000002 1.5000000000000002 1.0000000180025095e-35 11.500000000000002 104.50000000000001 1.0000000180025095e-35 600.50000000000011 605.50000000000011 672.50000000000011 16370.500000000002 12078.500000000002 5308.5000000000009 4.5000000000000009 6.5000000000000009 10.500000000000002 169.50000000000003 18.500000000000004 6.5000000000000009 10066.500000000002 151.50000000000003 83.500000000000014 12653.000000000002 769.50000000000011 6470.5000000000009 13.500000000000002 713.50000000000011 22.500000000000004
decision_type=2 2 2 2 2 2 2 2 2 2 2 2 2 2 2 2 2 2 2 2 2 2 2 2 2 2 2 2 2 2
left_child=3 5 11 -1 6 10 7 14 27 -9 -2 17 18 -10 -4 -7 -12 -3 19 -11 -15 -8 24 -17 -13 29 -18 -5 -25 -16
right_child=1 2 4 8 -6 15 21 9 13 12 16 22 -14 20 25 23 26 -19 -20 -21 -22 -23 -24 28 -26 -27 -28 -29 -30 -31
leaf_value=-0.014896731205897601 0.00096495116678924466 0.00059190895834777271 -0.0075051891112471701 -0.010797827466376014 0.0094166602895507968 -0.00304915095869728 0.0029187829313084401 0.0070124958501393136 -0.0077171415018790464 0.0009939291813231407 -0.0067838207005636577 -0.0039635355619914801 0.0061735006494119385 -0.0070768745773504213 0.0057451911399450176 -0.0030126176233411972 -0.0091560079530613233 0.0044092427347288436 0.0051357852588231655 0.0062182771380879104 0.0034409370274178356 0.0070773359549894709 0.0019455612037463665 0.0053321518111000589 -6.0889861244727681e-05 -0.0043349582607463133 -0.0026483360380044579 -0.0065685849312422028 -0.00027236627633234672 0.00064739510224341333
leaf_weight=1978.347138106823 1358.8317446708679 3727.2078530788422 369.42806875705719 2722.4580057859421 1534.4891180992126 918.26882946491241 1544.2527633905411 2190.5195444822311 826.89911532402039 7847.5961153507233 2352.394261598587 2609.5421059131622 1890.1539388895035 250.67046403884888 588.72674071788788 515.66126132011414 414.71915721893311 2207.7049957513809 1765.3899885416031 805.21671164035797 558.89235895872116 3855.001652598381 1443.5200980901718 1679.297758936882 2170.1059993505478 595.2872701883316 4679.6957573890686 1341.6805673837662 728.91940009593964 5905.4051090478897
leaf_count=2471 739 1536 148 2444 337 498 470 638 642 2834 1563 1213 593 207 203 234 256 746 601 264 391 1034 602 731 923 238 2733 1104 362 2078
internal_value=1.50216e-05 0.00139364 0.00246702 -0.00962536 0.00335726 -0.00209011 0.00301738 0.00231153 -0.00779597 0.00337292 -0.00350203 0.000351518 0.00272518 -0.00380831 0.000248337 0.00114579 -0.00431712 0.0020119 0.00209956 0.0014801 0.000184235 0.00588794 -0.00123196 0.00246325 -0.00219162 0.000652371 -0.0031781 -0.00940164 0.00363578 0.00110954
internal_weight=61376.3 53697.3 41049.5 7678.95 28891.5 12647.8 27357 21957.7 5700.6 14498.9 8805.64 12158.1 12308.4 1636.46 7458.85 3842.15 7446.81 5934.91 10418.2 8652.81 809.563 5399.25 6223.17 2923.88 4779.65 7089.42 5094.41 4064.14 2408.22 6494.13
internal_count=28833 21574 14458 7259 9438 7116 9101 7597 4788 4930 5291 5020 4292 1240 2667 1825 4552 2282 3699 3098 598 1504 2738 1327 2136 2519 2989 3548 1093 2281
is_linear=0
shrinkage=0.05


Tree=62
num_leaves=31
num_cat=0
split_feature=7 7 7 5 5 2 2 4 5 1 1 4 2 1 1 2 6 4 4 6 0 6 4 1 4 5 5 1 6 6
split_gain=308.078 69.2836 30.8081 27.9935 25.7344 19.6897 17.206 18.6153 13.547 12.9495 11.8421 10.8553 13.2793 10.6589 9.52794 9.01354 8.587 8.42227 7.82723 7.19228 7.15787 6.69229 6.49992 6.49155 6.44617 5.985 5.82827 5.82705 5.55242 5.51383
threshold=3.5000000000000004 7.5000000000000009 1.5000000000000002 1.5000000000000002 1.5000000000000002 13411.500000000002 7033.5000000000009 722.50000000000011 4.5000000000000009 13.500000000000002 12.500000000000002 600.50000000000011 21148.500000000004 12.500000000000002 6.5000000000000009 18269.000000000004 106.50000000000001 563.50000000000011 685.50000000000011 146.50000000000003 34.500000000000007 96.500000000000014 650.50000000000011 15.500000000000002 595.50000000000011 4.5000000000000009 3.5000000000000004 18.500000000000004 166.50000000000003 120.50000000000001
decision_type=2 2 2 2 2 2 2 2 2 2 2 2 2 2 2 2 2 2 2 2 2 2 2 2 2 2 2 2 2 2
left_child=2 4 -1 13 23 8 -6 9 18 15 25 20 14 -3 -13 21 22 -11 29 -19 -7 -8 -10 -2 -15 -4 -23 -20 -9 -5
right_child=1 3 10 5 6 11 7 28 16 17 -12 12 -14 24 -16 -17 -18 19 27 -21 -22 26 -24 -25 -26 -27 -28 -29 -30 -31
leaf_value=-0.014939332539026285 -0.0066050400964833174 -0.0024863416893644921 -0.010558322390311702 0.00088810685219631107 -0.0055240485247662714 0.0030090680195054096 -0.003208164721500865 -0.0036579171599515434 0.0054749762312401975 0.012780571667289907 -0.0046661348825934304 0.0013037961440256465 0.01286661543353855 0.0090984067454372396 0.0047689795946349893 0.0066304948747743092 0.0056884578731308012 0.0016670680180279635 -0.00054886193709242958 0.0069923627420175553 0.010302701506996859 -0.0015249845011718905 -0.0007421501718744897 -0.0011454711700212841 0.00097340877086015331 -0.0056736272322919171 0.002074258884399785 0.0068442000796282588 0.0026049679241570167 0.0036292922310119722
leaf_weight=1936.3124794960022 2389.6763676404953 3318.7241560220718 2669.7605482339859 3485.9704835414886 1458.1550959348679 454.40939211845398 1692.7907975912094 3122.1441271305084 653.37388801574707 239.2990974187851 2110.2874100804329 2797.2229900360107 417.81753790378571 281.48114681243896 6821.3504385948181 473.6209020614624 3553.6727228164673 2417.3156143426895 5177.0145099163055 859.47834062576294 1295.1167895793915 2025.3789701461792 1179.0536148548126 705.12351357936859 1838.9566962718964 819.60204541683197 2529.408407330513 280.99230408668518 399.13636159896851 3872.2974718809128
leaf_count=2455 1580 1570 2462 1235 794 115 884 1661 173 90 1666 1037 110 96 1906 215 931 1056 2063 360 331 1172 362 412 759 610 1136 91 200 1253
internal_value=-3.5281e-05 0.00129237 -0.00950276 0.00258309 -0.0012048 0.00318167 -0.000359484 0.000187865 0.00215073 0.0012665 -0.00762283 0.00477386 0.00414031 -0.000717095 0.00376125 -1.9704e-05 0.00425486 0.00372516 0.00126646 0.00306385 0.00840831 -0.000523847 0.00147464 -0.00536112 0.00205198 -0.00941098 0.000473782 -0.000168248 -0.00294802 0.00233066
internal_weight=61274.9 53739 7535.96 35427.5 18311.5 29988.3 15216.7 13758.6 18202.4 10237.3 5599.65 11785.9 10036.4 5439.16 9618.57 6721.2 5386.1 3516.09 12816.3 3276.79 1749.53 6247.58 1832.43 3094.8 2120.44 3489.36 4554.79 5458.01 3521.28 7358.27
internal_count=28785 21592 7193 12032 9560 9607 7568 6774 6108 4913 4738 3499 3053 2425 2943 3407 1466 1506 4642 1416 446 3192 535 1992 855 3072 2308 2154 1861 2488
is_linear=0
shrinkage=0.05


Tree=63
num_leaves=31
num_cat=0
split_feature=5 3 3 1 2 3 4 4 4 4 1 2 6 1 1 2 6 6 2 4 6 2 4 6 0 5 1 5 0 4
split_gain=73.0832 40.6121 28.8246 23.1661 17.3231 15.865 15.5684 12.4627 12.4128 12.0142 11.8991 10.9858 10.8546 10.4737 10.3126 9.90693 9.53287 9.1064 8.78719 8.29025 7.92575 7.00168 6.87723 6.71383 6.49337 6.61315 6.16352 6.50811 6.0521 5.70873
threshold=2.5000000000000004 1.0000000180025095e-35 1.0000000180025095e-35 13.500000000000002 16097.500000000002 1.5000000000000002 798.50000000000011 541.50000000000011 684.50000000000011 722.50000000000011 4.5000000000000009 8325.5000000000018 133.50000000000003 11.500000000000002 1.5000000000000002 13107.500000000002 77.500000000000014 104.50000000000001 14233.500000000002 719.50000000000011 66.500000000000014 6093.5000000000009 561.50000000000011 157.50000000000003 42.500000000000007 4.5000000000000009 2.5000000000000004 1.5000000000000002 70.500000000000014 604.50000000000011
decision_type=2 2 2 2 2 2 2 2 2 2 2 2 2 2 2 2 2 2 2 2 2 2 2 2 2 2 2 2 2 2
left_child=2 3 9 4 7 10 11 -2 13 15 -3 23 -9 -4 -10 17 -6 -1 -12 24 -13 -14 -22 -5 -7 -26 -17 -28 -23 -18
right_child=1 5 8 6 16 19 -8 12 14 -11 18 20 21 -15 -16 26 29 -19 -20 -21 22 28 -24 -25 25 -27 27 -29 -30 -31
leaf_value=-0.0068137494713281293 0.0067264043817539245 -0.00063650334904294273 -0.00023612211860301287 -0.0034237808905111231 -0.004487520415041908 0.013038762496844434 -0.0079639747506087093 -0.0029440272106434299 -0.012406647961207627 -0.0062454431192437328 0.0024264475475524153 -0.0020051618868714609 -0.0062447055201171288 0.0051698302771988518 -0.0013198089082463293 -0.0060321850542495951 0.0087858049887574313 -0.0027912986722876515 0.0058453148456544448 0.0018641652783454314 0.0097615934222130482 -0.00037989076247350298 0.0032866788778154032 0.0058280666669580398 0.0031951854230484211 0.011509072614618584 -0.0024487181537256779 0.0017227807961090647 0.0043784380118873324 0.0025786042947246444
leaf_weight=2145.3729403614998 434.15336191654205 2149.4032078385353 1970.0613212585449 1076.8268402814865 417.859927713871 645.66341328620911 370.58359634876251 9138.5800825953484 229.42025279998779 3613.3578861355782 5870.3289725780487 670.34396749734879 441.22648954391479 1643.382880628109 2445.8243231773376 542.63747280836105 447.71585786342621 4088.3989812135696 2764.5040220022202 515.10801661014557 436.53151762485504 4642.2455692887306 6771.9582681059837 239.74689000844955 585.20326375961304 404.5314347743988 1840.8844091296196 1900.041899561882 780.61598438024521 2145.3692374825478
leaf_count=1360 185 924 954 492 206 183 171 4620 145 2381 2063 290 218 640 1258 348 176 2521 841 179 142 2157 2625 97 171 96 1079 1016 366 941
internal_value=-6.14234e-05 0.00115703 -0.00250489 8.70638e-05 -0.000948325 0.00347435 0.00208379 -0.00162501 0.000311111 -0.00375811 0.00269239 0.00248872 -0.00186668 0.00222249 -0.00227058 -0.00290356 0.00252095 -0.00417564 0.00352102 0.00739571 0.00319519 -0.000187752 0.00367879 -0.00173903 0.009138 0.0065933 -0.00105233 -0.000329985 0.000305066 0.00365032
internal_weight=61367.9 40948.5 20419.4 28013.8 18447.8 12934.7 9565.99 15436.8 6288.69 14130.7 10784.2 9195.41 15002.7 3613.44 2675.24 10517.3 3010.95 6233.77 8634.83 2150.51 7878.83 5864.09 7208.49 1316.57 1635.4 989.735 4283.56 3740.93 5422.86 2593.09
internal_count=28845 17143 11702 12686 8869 4457 3817 7546 2997 8705 3828 3646 7361 1594 1403 6324 1323 3881 2904 629 3057 2741 2767 589 450 267 2443 2095 2523 1117
is_linear=0
shrinkage=0.05


Tree=64
num_leaves=31
num_cat=0
split_feature=7 7 7 5 3 3 4 7 5 1 3 4 4 6 3 1 4 4 1 3 1 5 1 1 1 5 7 6 4 4
split_gain=304.507 68.7868 31.7883 28.3969 22.781 22.1804 17.6645 15.0632 13.3356 12.6889 10.62 10.0162 9.87659 9.18964 8.86551 8.51551 7.52922 7.2648 7.01657 6.98891 6.86955 6.59756 7.01583 6.50728 6.33873 5.9565 5.62879 5.59052 5.58309 4.72929
threshold=3.5000000000000004 6.5000000000000009 1.5000000000000002 1.5000000000000002 1.0000000180025095e-35 1.5000000000000002 662.50000000000011 11.500000000000002 4.5000000000000009 6.5000000000000009 1.0000000180025095e-35 731.50000000000011 680.50000000000011 181.50000000000003 1.5000000000000002 16.500000000000004 743.50000000000011 563.50000000000011 16.500000000000004 1.0000000180025095e-35 13.500000000000002 2.5000000000000004 13.500000000000002 13.500000000000002 9.5000000000000018 2.5000000000000004 10.500000000000002 76.500000000000014 714.50000000000011 587.50000000000011
decision_type=2 2 2 2 2 2 2 2 2 2 2 2 2 2 2 2 2 2 2 2 2 2 2 2 2 2 2 2 2 2
left_child=2 4 -1 11 8 6 13 9 12 25 21 15 20 19 18 17 -11 -3 28 23 -2 -4 -23 26 -12 -8 -5 -19 -6 -22
right_child=1 3 10 5 14 -7 7 -9 -10 16 24 -13 -14 -15 -16 -17 -18 27 -20 -21 29 22 -24 -25 -26 -27 -28 -29 -30 -31
leaf_value=-0.015038698436885975 -0.0041332710889397228 0.0076881420013029007 -0.01166021265162178 0.00066848497122342493 0.00055736960414670515 0.0082486928404101687 -0.0047839845621630017 0.0044107579914529236 0.00022770794294599161 0.0026291153862293831 -0.0073007126079315853 -0.0046449492558822691 -0.0063883473748827238 0.0085320114441002418 0.0065369077128993721 0.0046516862244151283 -0.00036311923800312233 -0.0062038976422543052 0.0050541705532159793 0.005337188099395841 0.0067036071413312916 -0.0092936635732441906 -0.0036986433063353388 0.0046277411075652617 -0.0010802507771656067 -0.00040560889965558696 0.0037318101421723775 -0.00051802793631627571 -0.0045372221195253146 -0.0010766263221802976
leaf_weight=1899.7878858447075 2348.2805279493332 241.40916073322296 1435.1829624176025 3808.1791318655014 1845.4592543840408 1813.8967325687408 1002.7297918796539 3693.5675210952759 2043.3433717489243 7545.9657710790634 812.95930713415146 1325.2864311933517 3215.6750860214233 990.66952478885651 666.32292115688324 898.88550698757172 2914.2309612035751 496.63449358940125 604.013547539711 3858.5908281803131 245.77526187896729 1663.9201065301895 844.74560397863388 3260.6843711137772 825.29740452766418 3447.4772787094116 2473.6463544368744 3337.962571144104 758.91816103458405 951.47323215007782
leaf_count=2446 1491 95 1396 1484 887 405 536 1114 1020 2536 671 682 2141 275 279 350 1092 237 252 972 127 1439 666 933 591 1405 771 1533 417 538
internal_value=-1.03131e-06 0.00131359 -0.00945214 0.00230659 -0.00190601 0.00286565 0.00256973 0.0015522 -0.00331198 0.000844084 -0.00755084 -0.000782326 -0.00438172 0.00388506 0.00128879 0.000246657 0.00179547 -0.000724788 0.000198857 0.00354154 -0.00256178 -0.00895645 -0.00740965 0.00281545 -0.00416706 -0.00139215 0.00187476 -0.00125443 -0.000927199 0.000520527
internal_weight=61271 53789.1 7481.89 41109.8 12679.3 34809.6 32995.7 18604 8804.55 14910.4 5582.11 6300.18 6761.2 14391.8 3874.71 4974.89 10460.2 4076.01 3208.39 13401.1 3545.53 3943.85 2508.67 9542.51 1638.26 4450.21 6281.83 3834.6 2604.38 1197.25
internal_count=28781 21572 7209 14420 7152 11523 11118 6683 5317 5569 4763 2897 4297 4435 1835 2215 3628 1865 1556 4160 2156 3501 2105 3188 1262 1941 2255 1770 1304 665
is_linear=0
shrinkage=0.05


Tree=65
num_leaves=31
num_cat=0
split_feature=7 7 7 5 5 2 3 2 3 1 7 1 4 0 5 1 4 1 4 4 4 3 7 4 2 1 0 3 2 2
split_gain=280.591 65.3321 31.22 26.7244 24.7936 19.5522 19.4967 14.8403 13.1931 12.8708 11.892 11.1022 11.1008 10.7932 10.3654 8.59262 8.52502 8.32375 7.5328 6.75798 6.40248 7.76707 6.30996 6.29112 6.29062 5.99818 5.88229 5.68287 6.28445 5.6662
threshold=3.5000000000000004 7.5000000000000009 1.5000000000000002 4.5000000000000009 1.5000000000000002 13282.500000000002 1.5000000000000002 6562.5000000000009 1.5000000000000002 16.500000000000004 8.5000000000000018 12.500000000000002 742.50000000000011 76.500000000000014 4.5000000000000009 9.5000000000000018 569.50000000000011 15.500000000000002 683.50000000000011 660.50000000000011 565.50000000000011 1.0000000180025095e-35 5.5000000000000009 681.50000000000011 18727.000000000004 11.500000000000002 28.500000000000004 1.0000000180025095e-35 16609.500000000004 11770.500000000002
decision_type=2 2 2 2 2 2 2 2 2 2 2 2 2 2 2 2 2 2 2 2 2 2 2 2 2 2 2 2 2 2
left_child=2 4 -1 5 17 8 7 -6 10 14 -3 -4 -5 16 18 -12 -7 -2 24 -11 -13 -22 -20 26 -9 -14 -17 -18 -29 -8
right_child=1 3 11 12 6 13 29 9 -10 19 15 20 25 -15 -16 23 27 -19 22 -21 21 -23 -24 -25 -26 -27 -28 28 -30 -31
leaf_value=-0.014805058689013129 -0.0068450755141826929 -0.0031129172331750697 -0.0091045136628498304 0.0054263777514877848 -0.0063858030668232472 0.0085383990982445864 0.0021147592807710344 -0.0012433934444278894 0.0072532963834281514 0.0061183651044060955 -0.0007068180176510512 0.005590350426041996 -0.002504816695284586 0.010007244771769895 0.0012072179141048149 0.0074380525839511137 0.0016453257873476892 -0.00066242419094499072 -0.0063656982781905846 0.00059131336802399268 -0.0072593960382926655 -0.00031933886710686099 -0.0020248965548136265 0.00021184218906800131 0.006980443267859281 0.0040448969637532674 0.0023477774451134306 0.0025457733202332695 0.0073754813436270623 0.010315180102364338
leaf_weight=1885.4360266923904 2360.4066039323807 2396.8118385076523 3456.3344364762306 7767.1461343765259 1146.7478241920471 614.36724603176117 367.4284074306488 4027.8350194692612 676.37990653514862 975.84208464622498 5675.2119296789169 146.28718727827072 739.10000681877136 552.58118557929993 3237.7644749879837 692.65131151676178 6566.673689365387 707.58110201358795 1486.7116479873657 1276.524841427803 1394.4326987862587 567.11716783046722 1916.2994878292084 3005.0587933063507 246.78000473976135 663.22270727157593 3142.3580976724625 1855.7051541805267 1057.2975612878799 493.67687726020813
leaf_count=2465 1583 1108 3103 1937 631 183 139 2104 177 394 2376 109 248 180 1423 216 2435 413 993 618 1174 398 979 1108 114 177 983 531 276 157
internal_value=-0.000151606 0.00111104 -0.00924455 0.00236356 -0.00131965 0.00155143 -0.000490871 -0.00093043 0.00042337 -0.000455335 0.00011358 -0.00736036 0.00468717 0.00320309 -0.00116543 0.000731489 0.00283061 -0.00541915 -0.00216601 0.00298592 -0.00450037 -0.00525291 -0.00392131 0.00192485 -0.000768619 0.000592843 0.00326715 0.0024607 0.00429875 0.00681611
internal_weight=61097.8 53648.2 7449.61 35404.6 18243.6 26235.1 15175.6 14314.5 15588.5 13167.8 14912.1 5564.17 9169.47 10646.6 10915.4 12515.3 10094 3067.99 7677.63 2252.37 2107.84 1961.55 3403.01 6840.07 4274.62 1402.32 3835.01 9479.68 2913 861.105
internal_count=28732 21483 7249 11935 9548 9573 7552 7256 5968 6625 5791 4784 2362 3605 5613 4683 3425 1996 4190 1012 1681 1572 1972 2307 2218 425 1199 3242 807 296
is_linear=0
shrinkage=0.05


Tree=66
num_leaves=31
num_cat=0
split_feature=7 7 7 5 5 3 2 5 7 3 2 4 6 2 4 4 5 6 4 7 3 0 2 6 6 0 2 2 4 5
split_gain=279.341 51.1982 47.2163 33.6695 18.9188 14.2086 13.5403 13.0887 11.5947 11.4084 11.0626 10.5825 9.2429 9.07977 8.81653 8.79501 8.2381 8.08044 7.75852 7.51275 7.44401 7.05787 6.95174 6.66634 6.5777 7.11027 6.67127 6.0796 9.33716 6.00168
threshold=4.5000000000000009 2.5000000000000004 10.500000000000002 4.5000000000000009 1.5000000000000002 1.0000000180025095e-35 13367.500000000002 1.5000000000000002 1.5000000000000002 1.0000000180025095e-35 18269.000000000004 738.50000000000011 136.50000000000003 12162.500000000002 720.50000000000011 686.50000000000011 4.5000000000000009 69.500000000000014 690.50000000000011 8.5000000000000018 1.5000000000000002 23.500000000000004 9626.5000000000018 133.50000000000003 116.50000000000001 32.500000000000007 17256.500000000004 8888.5000000000018 571.50000000000011 4.5000000000000009
decision_type=2 2 2 2 2 2 2 2 2 2 2 2 2 2 2 2 2 2 2 2 2 2 2 2 2 2 2 2 2 2
left_child=1 8 3 4 24 15 11 -3 -1 22 14 19 -8 -11 20 27 -10 -7 -15 23 -5 -21 -9 -6 -2 -26 -27 -4 -29 -17
right_child=2 7 5 10 6 17 12 9 16 13 -12 -13 -14 18 -16 29 -18 -19 -20 21 -22 -23 -24 -25 25 26 -28 28 -30 -31
leaf_value=-0.014424547501506096 -0.0049394309666893482 -0.0092095032253243034 0.00089292744085867071 0.0032115209495612012 -0.0025044512948401844 -0.00029069386064852599 0.00072133982191095324 -0.0084451582771648184 -0.010789274826777105 -0.0036745170718604004 0.009591714008444073 -0.0038816234014099867 0.0043337157586830471 0.0076878083647082722 -0.00020215480584891545 8.9829499079476988e-05 -0.0039273197384596514 0.0065602490135141913 -0.0020844051556951188 0.0077350812170042796 0.010495629853431439 0.00089576843230449441 -0.0036529844874199566 0.00098735151355303454 0.0029862522721496054 -0.0036935355964549167 0.0048865844537347349 0.010903271687184425 0.0040256773716392923 0.0043559958865349354
leaf_weight=1869.3443338871002 2418.3208079338074 1200.4024064540863 1236.2865176200867 5716.6728229522705 3646.1670072078705 472.72515964508057 5293.416724562645 1040.6426219940186 1887.4656817913055 846.14573693275452 631.88208138942719 2176.8560131788254 2660.9076842069626 493.58685231208801 1953.1321052312851 3455.1817047595978 569.32499444484711 4807.3378573656082 345.13292241096497 419.17009103298187 373.67414665222168 3768.7025567293167 2774.3304328918457 2186.5762165784836 697.45242130756378 2091.245526432991 254.07316756248474 558.31468343734741 4250.5716183185577 1082.7383012771606
leaf_count=2480 1328 1020 421 1846 1801 122 2123 782 1948 514 182 1077 1018 258 734 1348 466 1143 206 152 77 1361 1992 1016 369 1098 124 159 1285 312
internal_value=-1.14315e-05 -0.00721695 0.00157279 0.000529276 -0.000382588 0.00382834 0.00032482 -0.00447925 -0.0114571 -0.00344682 0.00322144 -0.000721811 0.00192976 -2.01634e-05 0.002721 0.00277136 -0.00919912 0.00594688 0.00366655 -3.53799e-05 0.00365844 0.00158032 -0.00496019 -0.00119545 -0.00299297 -0.00144597 -0.00276403 0.0040202 0.00482417 0.00110773
internal_weight=61177.8 11026.4 50151.4 34288.2 25612.9 15863.2 20151.8 6700.24 4326.14 5499.84 8675.36 12197.5 7954.32 1684.87 8043.48 10583.1 2456.79 5280.06 838.72 10020.6 6090.35 4187.87 3814.97 5832.74 5461.09 3042.77 2345.32 6045.17 4808.89 4537.92
internal_count=28762 9666 19096 14306 11467 4790 8548 4772 4894 3752 2839 5407 3141 978 2657 3525 2414 1265 464 4330 1923 1513 2774 2817 2919 1591 1222 1865 1444 1660
is_linear=0
shrinkage=0.05


Tree=67
num_leaves=31
num_cat=0
split_feature=7 7 3 7 3 2 4 1 6 3 1 1 1 4 2 4 3 2 4 7 4 2 6 4 3 4 7 4 6 6
split_gain=271.157 61.8722 28.4338 26.8268 18.9356 17.9089 16.6962 14.0768 13.3469 12.1317 10.3907 10.2584 10.16 9.93396 9.54711 9.23376 8.83792 8.83353 8.19535 7.87858 7.84331 7.55606 7.50932 7.47693 7.0547 6.61631 6.18229 5.90481 5.66846 5.23728
threshold=3.5000000000000004 6.5000000000000009 1.0000000180025095e-35 1.5000000000000002 1.5000000000000002 13367.500000000002 623.50000000000011 4.5000000000000009 156.50000000000003 1.5000000000000002 18.500000000000004 9.5000000000000018 9.5000000000000018 569.50000000000011 7865.5000000000009 553.50000000000011 1.0000000180025095e-35 14507.500000000002 798.50000000000011 10.500000000000002 696.50000000000011 11725.500000000002 151.50000000000003 745.50000000000011 1.0000000180025095e-35 723.50000000000011 10.500000000000002 561.50000000000011 162.50000000000003 92.500000000000014
decision_type=2 2 2 2 2 2 2 2 2 2 2 2 2 2 2 2 2 2 2 2 2 2 2 2 2 2 2 2 2 2
left_child=3 4 5 -1 7 8 9 20 11 27 19 26 -5 -7 -9 -16 29 -18 28 22 -2 -6 -8 -10 25 -17 -3 -4 -15 -14
right_child=1 2 6 12 21 13 10 14 23 -11 -12 -13 16 18 15 24 17 -19 -20 -21 -22 -23 -24 -25 -26 -27 -28 -29 -30 -31
leaf_value=-0.014237907327564484 -0.0032847406869577853 -0.0031450891695025181 0.010058423467763405 -0.0094724732985875387 0.00061938141413718614 0.0081384374548719215 0.00066325059434939999 -0.0052697329236722906 0.004135439762961597 0.014259730036703869 0.0092367969204490818 0.00083243979795970041 -0.011464270501222758 0.0022583679805730328 0.0079196196071441138 -0.00091279085308206475 -0.0042510045293288239 0.0069784539469389369 -0.0040008268490536536 0.0045772447712977412 -0.0088468665065610588 0.011252902710017245 0.0049229812372453691 -0.0029670115509391145 0.0014777214335356633 -0.0048211242232759528 0.00014126648330159921 0.0045708779873571675 0.0056862464651584706 -0.0055062582735968309
leaf_weight=1826.9612217545509 1633.8258006572723 3841.5109643936157 647.79298615455627 2640.5254654288292 308.46434056758881 828.08317732810974 4687.6503255367279 1316.4936466217041 2774.0658935308456 519.32775282859802 650.20723593235016 7561.8514074087143 486.3451287150383 8310.0652797222137 300.77360165119171 4156.1309835910797 568.5611720085144 253.08322012424469 470.51055121421814 3536.631858587265 1035.5141535997391 364.44595074653625 1327.6308435201645 427.67777681350708 2079.2955409288406 1464.4039175510406 2280.6883188486099 2015.2963093519211 1410.75792491436 1526.6775090098381
leaf_count=2461 1026 1861 151 2437 135 247 1534 778 1003 104 156 2774 424 2996 145 2383 417 173 188 893 690 140 407 193 960 916 927 507 484 1322
internal_value=5.10433e-05 0.00127497 0.00221256 -0.00899147 -0.00178305 0.00130385 0.00410711 -0.00224124 0.000280599 0.00726898 0.00312081 -0.000399364 -0.00724084 0.00287184 -0.00132409 -0.000674839 -0.00516205 -0.000792102 0.00244391 0.00270449 -0.00544245 0.00637846 0.00160341 0.00318672 -0.00101056 -0.00193109 -0.00192083 0.00590572 0.00275585 -0.00694571
internal_weight=61251.3 53949.1 41289.7 7302.15 12659.3 27905.2 13384.5 11986.4 16885.8 3182.42 10202.1 13684.1 5475.19 11019.4 9317.1 8000.6 2834.67 821.644 10191.3 9551.91 2669.34 672.91 6015.28 3201.74 7699.83 5620.53 6122.2 2663.09 9720.82 2013.02
internal_count=28832 21598 14425 7234 7173 10673 3752 6898 6758 762 2990 5562 4773 3915 5182 4404 2336 590 3668 2834 1716 275 1941 1196 4259 3299 2788 658 3480 1746
is_linear=0
shrinkage=0.05


Tree=68
num_leaves=31
num_cat=0
split_feature=7 7 5 7 7 5 6 5 2 1 2 1 1 0 2 6 1 1 4 5 6 1 4 4 2 4 4 7 4 0
split_gain=257.236 54.1198 29.9154 24.6836 19.1341 18.5337 15.1537 12.613 12.1632 8.88285 8.65532 8.48584 8.42723 7.98122 10.0381 7.83224 7.79026 7.59435 7.56806 7.35178 7.06276 6.64299 6.27432 5.47189 5.29536 5.53486 4.97596 6.84479 5.92424 4.88414
threshold=3.5000000000000004 6.5000000000000009 1.5000000000000002 1.5000000000000002 11.500000000000002 3.5000000000000004 120.50000000000001 4.5000000000000009 15951.500000000002 16.500000000000004 14413.500000000002 17.500000000000004 12.500000000000002 37.500000000000007 7653.5000000000009 145.50000000000003 12.500000000000002 13.500000000000002 604.50000000000011 4.5000000000000009 83.500000000000014 6.5000000000000009 600.50000000000011 644.50000000000011 7272.5000000000009 669.50000000000011 647.50000000000011 10.500000000000002 630.50000000000011 26.500000000000004
decision_type=2 2 2 2 2 2 2 2 2 2 2 2 2 2 2 2 2 2 2 2 2 2 2 2 2 2 2 2 2 2
left_child=3 5 9 -1 6 15 8 16 11 13 24 19 -6 -3 -15 -2 -5 -17 -10 29 -12 26 -23 -21 -7 -26 27 28 -8 -4
right_child=1 2 4 7 12 10 21 -9 18 -11 20 -13 -14 14 -16 17 -18 -19 -20 23 -22 22 -24 -25 25 -27 -28 -29 -30 -31
leaf_value=-0.013848451992057982 -0.0044344812485677251 0.0010127278362370487 0.0020444173937839089 -0.010104104089967288 0.0035350463806227126 -0.0050788151074605999 -0.00015501788333657072 -0.0027244610805144376 0.010435898674312237 0.0029824601569173239 -0.0036686614483070149 0.0040633279858241734 0.007081512877681698 -0.0096010998517511627 -0.0021397919808484236 -0.0027525009174161133 -0.0056502750835588141 0.0042124581392739644 0.0028838071234343647 0.0048804060894499166 0.0048853537327310003 0.0067599415964622409 0.0033838659110296664 0.00032816492314148316 0.0020400671093086086 -0.0019789034040598344 0.00030480179970045467 0.0097802400597095246 0.0077696802244813182 -0.001719729417175556
leaf_weight=1807.6985413432121 4959.6014468669891 1594.3042749166489 1008.4215263128281 2607.7813203930855 3908.0800428390503 615.17585456371307 869.32743048667908 1262.1690717935562 394.15668177604675 1118.233393907547 290.63443005084991 1271.9522885084152 2931.6113801002502 528.62572979927063 3060.8908075094223 1275.0962826013565 1574.6397453546524 564.7047815322876 2094.6793395280838 967.69835233688354 1421.8590526580811 1636.6349515914917 8648.4551765918732 2076.9212027788162 1654.3023682832718 1776.7771184444427 2753.2352883815765 369.84059429168701 323.63010132312775 5926.1251111030579
leaf_count=2468 3217 751 399 2520 1196 323 314 945 109 447 136 394 679 270 1432 837 1325 320 666 264 633 419 2719 660 752 924 1127 112 126 2353
internal_value=5.60143e-05 0.00124262 0.00211321 -0.00878605 0.0026815 -0.00163318 0.00210867 -0.00710525 0.000916817 -0.00105924 0.000454005 0.000217134 0.00505512 -0.0019311 -0.00323861 -0.00340091 -0.00842728 -0.000614691 0.00407983 -0.000273105 0.00343362 0.00323022 0.00392109 0.00177504 -0.000807054 -4.11481e-05 0.00158388 0.00383727 0.00199482 -0.00117235
internal_weight=61293.3 54041 41482.8 7252.29 35180.8 12558.2 28341.1 5444.59 13740 6302.05 5758.75 11251.1 6839.69 5183.82 3589.52 6799.4 4182.42 1839.8 2488.84 9979.17 1712.49 14601.1 10285.1 3044.62 4046.26 3431.08 4316.03 1562.8 1192.96 6934.55
internal_count=28837 21579 14437 7258 11537 7142 9662 4790 4845 2900 2768 4070 1875 2453 1702 4374 3845 1157 775 3676 769 4817 3138 924 1999 1676 1679 552 440 2752
is_linear=0
shrinkage=0.05


Tree=69
num_leaves=31
num_cat=0
split_feature=7 7 7 3 5 5 3 4 1 4 5 6 4 3 6 5 1 6 6 5 4 3 1 1 1 4 3 4 1 4
split_gain=253.672 52.3411 28.5274 23.4549 21.3244 17.565 14.6651 13.2648 10.9987 10.7819 10.7397 8.77984 8.67361 8.65687 8.62236 7.74393 7.07236 6.9318 6.92697 6.74519 7.19596 6.39645 6.28814 6.23136 6.19356 5.919 5.32274 5.15224 5.14435 4.87908
threshold=3.5000000000000004 7.5000000000000009 1.5000000000000002 1.0000000180025095e-35 1.5000000000000002 3.5000000000000004 1.5000000000000002 556.50000000000011 4.5000000000000009 670.50000000000011 4.5000000000000009 70.500000000000014 798.50000000000011 1.5000000000000002 158.50000000000003 4.5000000000000009 15.500000000000002 135.50000000000003 197.50000000000003 4.5000000000000009 675.50000000000011 1.0000000180025095e-35 11.500000000000002 3.5000000000000004 6.5000000000000009 623.50000000000011 1.0000000180025095e-35 677.50000000000011 8.5000000000000018 697.50000000000011
decision_type=2 2 2 2 2 2 2 2 2 2 2 2 2 2 2 2 2 2 2 2 2 2 2 2 2 2 2 2 2 2
left_child=2 4 -1 5 16 9 7 22 17 14 21 -10 18 19 23 26 -2 -9 24 20 -5 -4 -6 -3 -7 -15 -13 -18 -11 -8
right_child=1 3 10 13 6 12 29 8 11 28 -12 15 -14 25 -16 -17 27 -19 -20 -21 -22 -23 -24 -25 -26 -27 -28 -29 -30 -31
leaf_value=-0.01427027708931577 -0.0061317477590707133 -0.0031251786591939925 -0.0095016155004390198 0.0042953557445421994 0.0023167841587626143 0.0010135282935872694 0.0088189116167619579 -0.005375299975484301 -0.0043107550951548921 -0.0029900003566418545 -0.003019489597420546 -0.0014975556402871055 -0.0040690927470306646 0.011982650886874792 0.0058986281821918783 0.0024668901948796031 0.0034180536449752033 -0.00031924997288665841 0.010085256549169967 0.0056784527079268296 0.0011020201505491177 -0.0051405418396256912 0.012731014129164227 0.0015757629414628117 0.0036306233952188866 0.0055782385312610622 0.0016222468609615364 -0.0054205478601087841 -0.00013185410072283802 0.00092334039774048891
leaf_weight=1794.6795493364334 2342.5569822788239 843.15918624401093 2919.5604659318924 3617.2144566774368 344.43317568302155 3202.0532169342041 566.15251791477203 1945.6187728643417 1152.6178008317947 2648.8986908197403 1292.9981707334518 4864.6242464780807 440.74778425693512 491.6886146068573 990.95631539821625 2901.5075135231018 389.41749012470245 1040.3910306692123 342.26445984840393 2694.4001595973969 3443.7166830301285 1180.8790029287338 250.26438021659851 4300.3173274993896 7689.7700841426849 1354.928715467453 1901.5926142930984 285.95398211479187 3880.9735901355743 298.99887001514435
leaf_count=2484 1595 382 2818 998 165 1147 176 1149 596 1375 971 2693 154 93 368 1196 218 585 86 552 1123 980 100 1675 2111 318 818 182 1633 113
internal_value=1.63156e-05 0.00118631 -0.00880977 0.00229429 -0.000991652 0.00141242 -0.000232445 -0.00061228 -0.000927224 0.000122755 -0.00699277 -0.000185867 0.00281138 0.00414432 0.00162795 0.000305916 -0.0048321 -0.00361366 0.00308132 0.00355009 0.00273792 -0.00824568 0.00669937 0.000805148 0.00286123 0.00728351 -0.000620759 -0.000324232 -0.00129129 0.00609018
internal_weight=61413.3 54225.2 7188.12 35941.1 18284.1 24339.1 15266.2 14401 13806.4 12664.3 5393.44 10820.3 11674.8 11601.9 6134.43 9667.72 3017.93 2986.01 11234.1 9755.33 7060.93 4100.44 594.698 5143.48 10891.8 1846.62 6766.22 675.371 6529.87 865.151
internal_count=28854 21601 7253 12015 9586 8931 7591 7302 7037 5433 4769 5303 3498 3084 2425 4707 1995 1734 3344 2673 2121 3798 265 2057 3258 411 3511 400 3008 289
is_linear=0
shrinkage=0.05


Tree=70
num_leaves=31
num_cat=0
split_feature=5 3 3 4 2 6 1 4 6 3 2 4 1 2 2 1 2 4 6 4 6 4 1 4 1 6 2 1 1 1
split_gain=60.3986 32.8606 23.5774 19.6526 14.9661 14.9955 11.7054 11.4231 10.5746 10.4674 10.2892 10.283 9.05797 9.70406 8.92748 7.72739 8.29214 7.22255 7.10848 6.94346 6.82214 7.59121 7.48687 5.91909 5.85376 5.54759 6.08068 5.5174 5.07167 5.02742
threshold=2.5000000000000004 1.0000000180025095e-35 1.0000000180025095e-35 732.50000000000011 16448.500000000004 133.50000000000003 18.500000000000004 703.50000000000011 86.500000000000014 1.5000000000000002 11382.500000000002 573.50000000000011 3.5000000000000004 9576.5000000000018 10117.500000000002 14.500000000000002 6093.5000000000009 751.50000000000011 110.50000000000001 622.50000000000011 67.500000000000014 684.50000000000011 11.500000000000002 697.50000000000011 6.5000000000000009 68.500000000000014 13367.500000000002 10.500000000000002 9.5000000000000018 3.5000000000000004
decision_type=2 2 2 2 2 2 2 2 2 2 2 2 2 2 2 2 2 2 2 2 2 2 2 2 2 2 2 2 2 2
left_child=2 3 7 4 5 12 8 18 29 14 11 -4 -2 -14 -10 16 -7 -16 -1 -11 -12 22 -22 -6 -9 -5 28 -19 -27 -3
right_child=1 6 10 25 23 15 -8 24 9 19 20 -13 13 -15 17 -17 -18 27 -20 -21 21 -23 -24 -25 -26 26 -28 -29 -30 -31
leaf_value=-0.0040432183915007766 -0.0039695902609791006 -0.0051397474947479068 0.0086767962459624853 -0.0074620747571695683 0.0049483874378139607 -0.0061123258365158193 0.0087917063626019656 -0.0078702187757767987 0.0002056501804535013 0.013146930421208666 -0.0049936222586526788 -0.0028570941387145105 -0.0027141916810452427 0.00078708567092667314 0.0045745591626806716 0.0046046629817199213 0.0015536749619707096 -0.0047256401089378428 -0.0011811668171790219 0.005395412341081195 0.0017697315337024721 -2.2560187610207071e-05 0.0081378746445806907 -0.00042285284790581401 -0.0041533715857889784 -0.0054400903352824249 9.6604220689380262e-05 0.0035736732537803846 -0.0014316521489149978 0.00087511003663769691
leaf_weight=3637.0552222132683 1948.7360271215439 416.46525156497955 208.91742235422134 506.70256793498993 2666.4291146993637 379.33552229404449 864.04403477907181 1556.6912990808487 2388.6639544963837 371.28521591424942 312.56864386796951 2575.985769867897 2789.9522941112518 6808.1515927910805 4865.0134197473526 2075.8357400298119 5033.5557444095612 397.93818479776382 5376.7536758780479 1301.9162871837616 954.92323380708694 1410.9088643193245 893.31377363204956 635.0790029168129 3315.4552552700043 1529.203807413578 2106.2454879879951 403.12730669975281 1630.5082045197487 2094.9740844964981
leaf_count=2218 1066 178 83 268 1021 185 237 1125 910 84 158 1298 1329 2950 1627 779 2218 173 3222 384 455 703 334 272 2108 862 979 128 788 710
internal_value=8.01116e-07 0.00109934 -0.00223579 0.000135396 0.000807484 0.00026849 0.00316723 -0.00339034 0.00277016 0.00351691 0.000286293 -0.00199185 -0.000861669 -0.000230657 0.00276938 0.00201108 0.00101644 0.00385018 -0.002336 0.00711548 0.00206258 0.00273931 0.00484766 0.00391517 -0.00534094 -0.00246523 -0.00198442 -0.000549103 -0.00337161 -0.000122318
internal_weight=61455.7 41213.2 20242.6 28109.7 22337.1 19035.6 13103.4 13886 12239.4 9727.94 6356.62 2784.9 11546.8 9598.1 8054.74 7488.73 5412.89 5666.08 9013.81 1673.2 3571.71 3259.15 1848.24 3301.51 4872.15 5772.66 5265.96 801.065 3159.71 2511.44
internal_count=28852 17148 11704 12717 9820 8527 4431 8673 4194 3306 3031 1381 5345 4279 2838 3182 2403 1928 5440 468 1650 1492 789 1293 3233 2897 2629 301 1650 888
is_linear=0
shrinkage=0.05


Tree=71
num_leaves=31
num_cat=0
split_feature=7 7 7 3 5 1 1 4 3 7 3 6 4 4 3 5 6 4 6 4 5 1 5 5 1 1 6 0 5 1
split_gain=235.879 50.7003 28.4504 24.0355 19.5663 16.5476 14.6688 11.792 11.6998 11.2397 10.43 9.72171 9.13079 8.64218 8.54377 8.15068 7.95234 7.65086 6.88337 6.7261 6.42529 6.29003 6.16922 6.13746 5.99355 5.83459 5.4824 5.64971 5.38049 5.03013
threshold=3.5000000000000004 7.5000000000000009 1.5000000000000002 1.0000000180025095e-35 1.5000000000000002 7.5000000000000009 6.5000000000000009 798.50000000000011 1.0000000180025095e-35 11.500000000000002 1.5000000000000002 72.500000000000014 623.50000000000011 639.50000000000011 1.5000000000000002 1.5000000000000002 135.50000000000003 541.50000000000011 156.50000000000003 736.50000000000011 4.5000000000000009 15.500000000000002 1.5000000000000002 2.5000000000000004 18.500000000000004 9.5000000000000018 104.50000000000001 44.500000000000007 4.5000000000000009 13.500000000000002
decision_type=2 2 2 2 2 2 2 2 2 2 2 2 2 2 2 2 2 2 2 2 2 2 2 2 2 2 2 2 2 2
left_child=2 4 -1 5 21 18 16 9 17 15 11 -8 14 -13 -5 26 -6 -4 20 -18 -3 -2 -14 -19 -24 -10 -7 -28 -15 -25
right_child=1 3 8 12 6 7 10 -9 25 -11 -12 13 22 28 -16 -17 19 23 -20 -21 -22 -23 24 29 -26 -27 27 -29 -30 -31
leaf_value=-0.014110716523821967 -0.0060222674085445268 -0.0020538984397972426 0.0043115290634642631 0.0052424786296158491 -0.0042035691355458297 -0.0052131570062387313 -0.0040265931382133203 -0.0045401703217406988 -0.0062899170184398711 0.0050439307823437057 0.0068010637823306026 0.0031494703154011749 0.00019572623361878709 -0.0011931986690033466 0.012448140774482521 0.0023418374342630251 0.0017475792836442621 -0.011380899528305621 0.0024186752374677953 -0.0063062944588010723 0.0015476789544216813 -0.00055764981973541248 0.0034417953100242915 -0.0087916091072814898 0.0090204878866540026 -0.00024765239519245835 0.0045230642687015821 -0.0024171160038793634 0.0020346953231229572 -0.0038648373418383869
leaf_weight=1753.9688054919243 2289.0415872335434 5209.5758244991302 116.67492461204529 2286.1993119716644 3010.8074797391891 601.5464380979538 1156.101481795311 616.09451460838318 779.42330431938171 3407.7371590137482 654.43517744541168 2794.9797798395157 1386.6138566732407 4232.9378216266632 501.64434766769409 9914.94544672966 1298.1225080490112 1345.8884505629539 1629.4809541702271 323.92212319374084 1624.5248055458069 683.92646265029907 7005.3969177007675 1543.2429721355438 516.99047660827637 819.71838736534119 524.66023313999176 664.8179931640625 1857.5071991682053 779.892498254776
leaf_count=2465 1571 2408 99 530 1735 291 590 243 672 983 199 1192 524 2238 90 3223 697 1390 648 191 554 406 1837 1408 108 595 239 304 779 638
internal_value=-3.66728e-05 0.00108876 -0.00858006 0.00218087 -0.00105289 0.00128118 -0.000332914 0.00224037 -0.00677859 0.00251677 0.000685038 0.000286439 0.00404177 0.000847616 0.00653906 0.00178109 -0.00268308 -0.00829335 -0.000501503 0.000139222 -0.00119777 -0.00476514 0.0032603 -0.00869418 0.0038252 -0.00319266 -0.00132317 0.000644089 -0.000208733 -0.00713766
internal_weight=61330.8 54192 7138.81 35890.2 18301.8 24193.4 15328.8 15729.8 5384.84 15113.7 10696 10041.5 11696.8 8885.42 2787.84 11706 4632.85 3785.7 8463.58 1622.04 6834.1 2972.97 8909 3669.02 7522.39 1599.14 1791.02 1189.48 6090.45 2323.14
internal_count=28847 21580 7267 11982 9598 8893 7621 5283 4802 5040 4998 4799 3089 4209 620 4057 2623 3535 3610 888 2962 1977 2469 3436 1945 1267 834 543 3017 2046
is_linear=0
shrinkage=0.05


Tree=72
num_leaves=31
num_cat=0
split_feature=7 7 5 7 3 3 2 2 5 4 1 2 1 7 1 7 1 5 6 5 4 4 6 3 1 5 6 6 4 4
split_gain=223.858 48.7766 27.5872 25.9092 22.7439 13.7971 12.8839 12.7761 12.4034 11.6365 10.4599 12.4583 10.1327 9.62201 7.99526 9.16787 7.71614 7.66694 7.17618 6.8183 6.705 6.63185 6.59166 6.63475 6.32766 5.51335 5.43165 4.90661 4.87119 4.74658
threshold=3.5000000000000004 9.5000000000000018 1.5000000000000002 1.5000000000000002 1.0000000180025095e-35 1.0000000180025095e-35 6562.5000000000009 8888.5000000000018 4.5000000000000009 743.50000000000011 16.500000000000004 14089.500000000002 16.500000000000004 11.500000000000002 2.5000000000000004 7.5000000000000009 12.500000000000002 4.5000000000000009 157.50000000000003 4.5000000000000009 679.50000000000011 649.50000000000011 68.500000000000014 1.5000000000000002 15.500000000000002 4.5000000000000009 113.50000000000001 101.50000000000001 606.50000000000011 659.50000000000011
decision_type=2 2 2 2 2 2 2 2 2 2 2 2 2 2 2 2 2 2 2 2 2 2 2 2 2 2 2 2 2 2
left_child=3 2 18 -1 6 7 -4 21 16 14 11 20 13 17 28 25 26 29 24 -13 -6 -3 -7 -24 -2 -16 -5 -17 -8 -9
right_child=1 5 4 8 10 22 9 12 -10 -11 -12 19 -14 -15 15 27 -18 -19 -20 -21 -22 -23 23 -25 -26 -27 -28 -29 -30 -31
leaf_value=-0.013671572040135031 -0.0057019997300430218 0.0020343753695310405 -0.0053258662565204831 -0.012376336407282224 0.0019910783251935581 -0.00035653618196707424 0.0028451448973816499 0.0016824971101144304 -0.0023286061028199114 -0.0032453126683009447 0.0064845662775057048 0.0027142677809996745 0.0056252024014862914 0.0040748392665416692 -0.0012135930402496409 0.00012967449273811014 -0.0052383563665095532 0.0037334675461320049 0.00036114837815740355 0.0082999374856907154 -0.0019121171888277146 -0.0027499618946821417 0.0043055719742786181 0.008432273166512896 -0.00096820915680544952 0.0018529804440195925 -0.0076656237884803972 0.0035775258789749126 -0.0039057267022828434 -0.0013865596257683559
leaf_weight=1743.1918785572052 3034.9346158504486 1168.8661459684372 1327.973659157753 1088.0974500775337 2406.7551585435867 625.18569087982178 325.21018517017365 2199.023943066597 1266.6295653581619 2638.534338593483 1425.8874716758728 1550.2731618881226 2351.0507860183716 3646.5409336090088 4931.0474488735199 1486.441351890564 1556.8445673584938 1776.7907731533051 893.19692802429199 843.66654908657074 2026.8665198087692 1904.498499751091 5752.5634676218033 1172.5254426002502 919.90899300575256 2085.6565388441086 1398.3046767711639 3374.1931554079056 1498.3125363588333 2949.7448492050171
leaf_count=2484 1922 393 711 1077 873 164 155 762 959 1403 434 571 641 1180 2703 580 1332 475 520 223 839 749 1431 226 496 910 1389 1236 832 1197
internal_value=-2.28382e-06 0.00108592 -0.000224843 -0.00838252 0.000422638 0.0027987 -0.000589663 0.00196719 -0.00664617 -0.000204731 0.00258958 0.00177613 0.00265629 0.00199606 0.000380829 0.000854098 -0.00799873 0.000901508 -0.0036867 0.00468276 0.0002067 -0.000930376 0.00456039 0.00500429 -0.00460091 -0.00030208 -0.00972712 0.00252313 -0.00270176 -7.57746e-05
internal_weight=61368.7 54315.6 30768.9 7053.07 25920.8 23546.8 17667.4 15996.5 5309.88 16339.4 8253.45 6827.56 12923.2 10572.1 13700.9 11877.3 4043.25 6925.56 4848.04 2393.94 4433.62 3073.36 7550.27 6925.09 3954.84 7016.7 2486.4 4860.63 1823.52 5148.77
internal_count=28867 21626 14408 7241 11470 7218 8530 5397 4757 7819 2940 2506 4255 3614 6416 5429 3798 2434 2938 794 1712 1142 1821 1657 2418 3613 2466 1816 987 1959
is_linear=0
shrinkage=0.05


Tree=73
num_leaves=31
num_cat=0
split_feature=7 7 7 5 5 1 5 2 6 4 6 6 2 1 1 2 7 7 1 2 4 2 4 4 6 6 4 1 0 1
split_gain=214.73 52.4222 26.9994 19.917 17.1509 14.7168 11.3 10.9969 10.8718 10.955 8.68241 7.92897 7.92413 7.031 6.94119 6.83327 6.74409 6.44327 6.43847 9.68446 6.36599 5.77781 5.77149 5.5193 5.4564 5.38794 5.38526 5.34823 5.86972 5.25229
threshold=3.5000000000000004 7.5000000000000009 1.5000000000000002 4.5000000000000009 1.5000000000000002 7.5000000000000009 2.5000000000000004 11877.500000000002 145.50000000000003 665.50000000000011 106.50000000000001 137.50000000000003 11993.500000000002 15.500000000000002 18.500000000000004 17090.500000000004 2.5000000000000004 11.500000000000002 12.500000000000002 18001.000000000004 743.50000000000011 9576.5000000000018 682.50000000000011 602.50000000000011 127.50000000000001 103.50000000000001 604.50000000000011 4.5000000000000009 61.500000000000007 2.5000000000000004
decision_type=2 2 2 2 2 2 2 2 2 2 2 2 2 2 2 2 2 2 2 2 2 2 2 2 2 2 2 2 2 2
left_child=2 4 -1 5 13 11 -4 14 9 15 21 23 22 -2 25 27 26 20 19 -10 -9 -5 -8 -3 -18 -7 -14 28 -6 -12
right_child=1 3 6 10 8 7 12 17 18 -11 29 -13 16 -15 -16 -17 24 -19 -20 -21 -22 -23 -24 -25 -26 -27 -28 -29 -30 -31
leaf_value=-0.013795661731147 -0.005982648106594545 0.0023268455635710168 -0.0096653855081474879 -0.0019572859009531797 -0.0010493803441391587 -0.0014766285641689015 -0.0043820439017428544 0.0033299784466608697 -0.0008116068809348306 -0.0027170322775083109 0.0011894853703749381 0.0017851335653042207 0.0039768230497463728 -0.00021633406302749606 0.0054649463050469582 0.0055703459752882503 -0.0031072721560045295 0.0057741032317510524 0.0042015220472966155 0.010753951968027907 -0.00065465425421222165 0.0031042156207848918 -0.010227929108768796 -0.0019265868994600716 0.0045487739747263776 0.0013916828984216762 -0.0077195038571047439 0.00065319816747008003 -0.0098290785847961019 0.0056866099432218578
leaf_weight=1703.885771214962 2297.4945510625839 896.66742944717407 1876.1689348220825 727.96498227119446 645.503546833992 2487.9417684078217 860.75265258550644 6205.7774840593338 2265.0001629590988 6200.1879454851151 736.00767207145691 3218.1827850341797 116.29485994577408 686.6309369802475 749.31806671619415 572.37574303150177 504.09739184379578 2189.3014839887619 1581.0800999403 196.72195279598236 1195.469083070755 2500.5834562778473 828.69129031896591 5104.2065255641937 432.29570138454437 4788.1563777923584 639.9855460524559 3504.3707834482193 269.99664163589478 5508.6082060337067
leaf_count=2461 1596 343 1883 223 356 924 724 1951 1180 3319 227 1292 107 405 241 235 364 574 682 91 438 633 732 2251 308 1665 624 1583 151 1301
internal_value=-5.68316e-05 0.000998964 -0.0083258 0.00209717 -0.00118958 0.00140138 -0.00655335 0.00224845 -0.000510641 -0.00131338 0.00406815 -0.000217203 -0.004827 -0.00465585 0.000882797 0.000429903 -0.00240911 0.00339123 0.00171173 0.000112624 0.00268637 0.00196296 -0.00724952 -0.00129103 0.000427222 0.000410911 -0.00592093 -0.000235787 -0.00363866 0.00515657
internal_weight=61489.7 54527.5 6962.17 36308.2 18219.4 26835 5258.29 17616 15235.2 11192.4 9473.16 9219.06 3382.12 2984.13 8025.42 4992.25 1692.67 9590.55 4042.8 2461.72 7401.25 3228.55 1689.44 6000.87 936.393 7276.1 756.28 4419.87 915.5 6244.62
internal_count=28864 21661 7203 12063 9598 9679 4742 5793 7597 5644 2384 3886 2859 2001 2830 2325 1403 2963 1953 1271 2389 856 1456 2594 672 2589 731 2090 507 1528
is_linear=0
shrinkage=0.05


Tree=74
num_leaves=31
num_cat=0
split_feature=5 3 2 1 4 3 6 4 4 5 1 4 6 1 1 2 2 4 2 4 6 2 0 4 5 6 2 2 1 2
split_gain=54.0887 39.1824 20.7171 20.84 14.2735 12.9217 11.3033 9.98988 9.77466 8.63925 8.22952 7.88907 7.55608 7.35449 7.29208 6.87786 6.65388 6.62952 6.61452 7.61829 6.19103 5.64778 5.77816 6.32319 5.37878 5.33064 5.21663 5.04762 4.98256 6.32469
threshold=1.5000000000000002 1.0000000180025095e-35 16097.500000000002 8.5000000000000018 553.50000000000011 1.5000000000000002 139.50000000000003 731.50000000000011 604.50000000000011 4.5000000000000009 2.5000000000000004 798.50000000000011 135.50000000000003 16.500000000000004 1.5000000000000002 10477.500000000002 16609.500000000004 736.50000000000011 16031.500000000002 556.50000000000011 93.500000000000014 9576.5000000000018 52.500000000000007 662.50000000000011 4.5000000000000009 75.500000000000014 11583.500000000002 5171.5000000000009 16.500000000000004 14651.500000000002
decision_type=2 2 2 2 2 2 2 2 2 2 2 2 2 2 2 2 2 2 2 2 2 2 2 2 2 2 2 2 2 2
left_child=4 2 3 12 -1 9 11 13 -4 14 -9 21 -2 15 -3 -6 -15 28 19 -16 -11 22 23 -5 -8 -17 -27 -14 29 -7
right_child=1 5 8 6 7 17 24 10 -10 20 -12 -13 27 16 18 25 -18 -19 -20 -21 -22 -23 -24 -25 -26 26 -28 -29 -30 -31
leaf_value=0.0065766975048767501 -0.0034183896412579469 -0.0036363688881561242 0.0071866438830523504 0.0029299614572356378 -0.0060012836716125256 0.0038231262135038756 0.0010490605715940209 -0.014242601506963532 0.0015572476277504095 0.00061081034231395999 -0.0055050896739824058 -0.006911948047168822 -0.0086015329169706629 -0.0010301292366657329 0.0083045701264246163 -0.0072756336766627953 0.0088449056542066213 0.00052762853486092534 0.0046283584072972081 0.0005969854674903346 0.0050095453828886485 0.00034963191269073461 -0.0044691720961354741 -0.0029241873760847436 0.0043357174318909442 0.0027218300566208935 -0.0025741897031254729 -0.00041200051147969046 0.011671861901419165 0.0102901237710432
leaf_weight=343.88374328613281 7468.1672726273537 721.94002163410187 918.29346257448196 846.56537133455276 2031.5507487654686 1247.7143563628197 4088.3634036779404 316.43585360050201 4811.1700393557549 1067.2138084173203 1816.3776249289513 479.98256850242615 197.19329518079758 1056.7610562443733 336.51401627063751 492.77552533149719 203.42000555992126 487.04703837633133 1486.8816500902176 6778.42763453722 3193.8270373940468 8022.5912712812424 1451.3686096072197 1013.4636455178261 1789.817630469799 555.33182448148727 2857.7750716209412 4103.6537598967552 449.30119526386261 542.43540471792221
leaf_count=181 4255 355 358 391 1315 401 1888 235 2145 338 1194 251 106 561 109 305 93 180 528 2757 968 3553 726 539 614 335 1690 2163 103 148
internal_value=3.08642e-06 0.000647449 -0.000291484 -0.000826482 -0.00342723 0.00267314 0.000258129 -0.00379593 0.0024595 0.00204267 -0.00680143 -0.000633337 -0.00245696 -0.00290533 0.00119027 -0.00364166 0.000563911 0.00581444 0.00159537 0.00096153 0.00390784 -0.000367445 -0.00210472 -0.000259756 0.0020498 -0.00241436 -0.0017125 -0.00078749 0.00696424 0.0057827
internal_weight=61176.2 51501.9 35190.6 29461.2 9674.31 16311.3 17692.2 9330.43 5729.46 13584.8 2132.81 11814 11769 7197.61 9323.76 5937.43 1260.18 2726.5 8601.82 7114.94 4261.04 11334 3311.4 1860.03 5878.18 3905.88 3413.11 4300.85 2239.45 1790.15
internal_count=28785 22876 16989 14486 5909 5887 7962 5728 2503 5055 1429 5460 6524 4299 3749 3645 654 832 3394 2866 1306 5209 1656 930 2502 2330 2025 2269 652 549
is_linear=0
shrinkage=0.05


Tree=75
num_leaves=31
num_cat=0
split_feature=7 7 7 1 2 2 4 4 6 6 6 2 3 7 3 4 4 3 0 1 4 3 2 0 0 7 4 2 1 3
split_gain=208.891 40.2659 31.572 21.717 16.6837 12.5986 11.876 11.0969 10.7813 9.97886 9.54139 9.33964 9.05005 8.6722 7.23731 6.92558 6.37722 6.36019 6.25292 6.16745 6.00605 7.35378 6.92128 5.70671 5.63019 5.48021 5.41125 5.21834 5.0218 4.95963
threshold=4.5000000000000009 2.5000000000000004 10.500000000000002 7.5000000000000009 10381.500000000002 12078.500000000002 751.50000000000011 571.50000000000011 113.50000000000001 157.50000000000003 100.50000000000001 16448.500000000004 1.0000000180025095e-35 1.5000000000000002 1.0000000180025095e-35 723.50000000000011 565.50000000000011 1.0000000180025095e-35 70.500000000000014 6.5000000000000009 659.50000000000011 1.0000000180025095e-35 9930.5000000000018 57.500000000000007 67.500000000000014 8.5000000000000018 587.50000000000011 18113.500000000004 17.500000000000004 1.0000000180025095e-35
decision_type=2 2 2 2 2 2 2 2 2 2 2 2 2 2 2 2 2 2 2 2 2 2 2 2 2 2 2 2 2 2
left_child=1 13 3 9 26 16 10 -4 -9 11 25 20 -7 -1 27 19 -3 -15 24 -14 21 -2 -22 -21 29 -6 -5 -12 -16 -10
right_child=2 5 7 4 6 12 -8 8 18 -11 14 -13 15 17 28 -17 -18 -19 -20 23 22 -23 -24 -25 -26 -27 -28 -29 -30 -31
leaf_value=-0.013007099488212657 -0.0023752068706367931 0.0031492841660673079 0.0079673236550801534 0.0033259869131599794 -0.00060743107825793037 -0.0034516336358735088 -0.0011443442963630791 0.0012838127257687796 0.0028613835856645818 0.0018482734691462372 0.0023681197557661 0.0019042503841432972 -0.0023913035410084195 -0.0099136684742615316 0.0048732637968843919 -0.0049148677944610766 -0.0066112580238770749 -0.0041095287536960711 0.007221040729058003 0.0035904358477793388 -0.006302509333440915 0.0027860847107691322 -0.00230579482192181 0.014312394502352825 -0.0020430300433558514 0.0031475301475350271 -0.0010630467974441528 0.0072455777952558425 0.010327031439659811 0.0056871708539223851
leaf_weight=1674.8200387954712 2378.1892428398132 176.92125231027603 1152.5588901042938 792.03694880008698 2454.3971267938614 2233.6431378722191 2083.6041721105576 6217.1912702322006 4701.9483425617218 2222.8437473773956 5875.5648862123489 1402.733579993248 218.37990725040436 1696.2110547423363 2573.8549053668976 251.07463270425797 3093.0935252904892 653.96584784984589 1290.1592928171158 332.51581239700317 1616.5809162855148 972.28534352779388 3283.2418209314346 197.99875748157501 438.86144530773163 1608.4758630990982 6195.7690352201462 604.83538639545441 504.88821804523468 2318.4227628707886
leaf_count=2453 1175 122 282 277 1013 1703 883 1962 1519 992 2288 611 145 1807 722 165 2338 626 370 176 886 380 1684 103 131 481 2639 213 138 532
internal_value=8.12715e-05 -0.00632732 0.00141242 0.000560314 0.0014669 -0.00389479 0.00237119 0.00323985 0.00287579 -0.00117206 0.00290892 -0.00186757 -0.00168178 -0.0102578 0.00377162 0.00227157 -0.00608317 -0.00829859 0.00400702 0.0046809 -0.00250886 -0.000877435 -0.00362442 0.00759209 0.00345112 0.000879144 -0.000565569 0.00282335 0.00576764 0.00379458
internal_weight=61217.1 10528.6 50688.4 34569.3 22693.4 6503.63 15705.6 16119.1 14966.6 11875.9 13622 9653.03 3233.61 4025 9559.14 999.969 3270.01 2350.18 8749.39 748.894 8250.3 3350.47 4899.82 530.515 7459.23 4062.87 6987.81 6480.4 3078.74 7020.37
internal_count=28816 9638 19178 14382 8654 4752 5738 4796 4514 5728 4855 4736 2292 4886 3361 589 2460 2433 2552 424 4125 1555 2570 279 2182 1494 2916 2501 860 2051
is_linear=0
shrinkage=0.05


Tree=76
num_leaves=31
num_cat=0
split_feature=7 7 7 3 7 5 5 4 5 6 4 4 2 6 3 2 2 4 3 2 2 3 4 6 2 6 5 2 4 2
split_gain=210.745 42.5475 21.2473 19.8843 20.0251 18.8133 15.2122 11.2787 10.0351 9.58405 8.69319 8.08538 7.50429 7.2181 6.5789 6.67907 6.26688 6.281 6.16656 6.14413 5.33919 5.30728 4.62756 4.6257 4.5688 4.61753 4.41092 4.73663 4.32127 3.93961
threshold=3.5000000000000004 6.5000000000000009 1.5000000000000002 1.5000000000000002 11.500000000000002 2.5000000000000004 3.5000000000000004 742.50000000000011 2.5000000000000004 106.50000000000001 702.50000000000011 674.50000000000011 13411.500000000002 144.50000000000003 1.5000000000000002 12279.500000000002 8888.5000000000018 577.50000000000011 1.0000000180025095e-35 7434.5000000000009 9186.5000000000018 1.0000000180025095e-35 656.50000000000011 83.500000000000014 13698.500000000002 148.50000000000003 4.5000000000000009 17090.500000000004 681.50000000000011 11955.500000000002
decision_type=2 2 2 2 2 2 2 2 2 2 2 2 2 2 2 2 2 2 2 2 2 2 2 2 2 2 2 2 2 2
left_child=2 6 -1 4 5 11 10 9 -4 20 13 -3 22 21 15 28 -6 -18 -17 -11 -7 -2 -8 -14 25 -13 -25 -28 -10 -24
right_child=1 3 8 -5 16 7 12 -9 14 19 -12 24 23 -15 -16 18 17 -19 -20 -21 -22 -23 29 26 -26 -27 27 -29 -30 -31
leaf_value=-0.013197921392578886 -0.0044906354922320544 0.00057642083322147729 -0.0096069302119135246 0.0063049294010020691 0.00089556412575872402 -0.0020361776081308704 0.0010735961732242433 -0.00082468417963467715 -0.0051672249778146034 -0.00013527351868323039 -0.0056174814157683405 -0.0044158466366342256 -0.0022204979411768913 0.001310843006443591 0.0053461519552589947 -0.0049925555443201047 0.009669400539743897 0.0040023050712446407 0.002292126110880558 0.0035515174804167495 0.0015019872243479367 5.2340236786962284e-07 -0.003737989403543716 0.001003392660335772 -0.00016500903218382955 -3.0475146282309239e-05 0.0036400213188863269 0.011096226685709688 -0.010266978911420753 0.0015578024262035773
leaf_weight=1650.7120995521545 2178.1211723089218 5355.1004252433777 1882.1028487682343 2315.7817622423172 1512.1577455997467 1351.2868710756302 1455.4376623630524 3397.2682148218155 834.09452164173126 1265.4900228977203 2313.6841697692871 2437.1224170923233 411.34485268592834 1291.1193667650223 145.8140577673912 1131.7401123642921 533.35395836830139 5870.3011431694031 390.83540624380112 10559.9624812603 5054.8298245668411 942.4164012670517 1635.7474235296249 863.2483766078949 1751.5225167274475 796.40982449054718 714.80540931224823 303.40572714805603 827.47995322942734 447.18875741958618
leaf_count=2449 1486 2255 1921 528 497 488 659 1251 715 436 1616 1277 196 786 102 1002 129 1692 286 3144 1594 498 885 407 810 407 298 123 746 227
internal_value=5.25027e-06 0.00104044 -0.00825435 0.0018007 0.00153917 0.000981683 -0.00151468 0.00182034 -0.00668867 0.00231321 -0.0031352 -0.000772566 0.000354325 -0.00183337 -0.00503926 -0.00551485 0.00379066 0.00447431 -0.00312262 0.00315698 0.000755657 -0.00313429 -0.00108955 0.00258258 -0.00222169 -0.00333574 0.00363268 0.00586182 -0.00770695 -0.00260103
internal_weight=61619.9 54757.1 6862.78 42200.6 39884.8 31969 12556.5 21628.8 5212.07 18231.6 6725.34 10340.2 5831.18 4411.66 3329.96 3184.15 7915.81 6403.66 1522.58 11825.5 6406.12 3120.54 3538.37 2292.8 4985.05 3233.53 1881.46 1018.21 1661.57 2082.94
internal_count=28910 21689 7221 14508 13980 11662 7181 6913 4772 5662 4386 4749 2795 2770 2851 2749 2318 1821 1288 3580 2082 1984 1771 1024 2494 1684 828 421 1461 1112
is_linear=0
shrinkage=0.05


Tree=77
num_leaves=31
num_cat=0
split_feature=7 7 1 7 7 6 4 2 1 2 3 2 4 4 6 6 3 2 4 4 6 6 2 2 3 4 3 4 4 2
split_gain=191.555 42.2092 21.7292 20.5912 13.2491 12.3528 12.9785 11.6468 11.1424 10.8506 10.1339 8.97142 8.56988 7.62721 7.54685 7.15261 6.88988 6.10991 6.08944 5.68272 5.57799 5.51789 6.3261 5.49837 5.34461 5.19087 4.8876 4.77502 4.45511 4.33072
threshold=3.5000000000000004 9.5000000000000018 11.500000000000002 1.5000000000000002 5.5000000000000009 70.500000000000014 553.50000000000011 13536.500000000002 12.500000000000002 14359.500000000002 1.0000000180025095e-35 8888.5000000000018 720.50000000000011 745.50000000000011 140.50000000000003 116.50000000000001 1.5000000000000002 13327.500000000002 571.50000000000011 729.50000000000011 169.50000000000003 137.50000000000003 15716.500000000002 7272.5000000000009 1.0000000180025095e-35 645.50000000000011 1.0000000180025095e-35 601.50000000000011 577.50000000000011 15395.500000000002
decision_type=2 2 2 2 2 2 2 2 2 2 2 2 2 2 2 2 2 2 2 2 2 2 2 2 2 2 2 2 2 2
left_child=3 2 4 -1 26 -4 -7 12 17 13 11 -3 14 16 -6 19 20 -5 -13 29 -8 22 -20 -16 28 -19 -2 -17 -10 -12
right_child=1 10 5 8 7 6 9 -9 24 -11 15 18 -14 -15 23 27 -18 25 21 -21 -22 -23 -24 -25 -26 -27 -28 -29 -30 -31
leaf_value=-0.012809691966472983 -0.0049882284252711412 -0.0005745918439191615 -0.0031845903624115597 -0.009869135944286395 -0.0020864904484054528 0.0098863169472558216 0.00012100621853770188 0.0012550730435691721 0.0040686716042090173 0.0036715856780586659 0.0023002110857529073 0.0062647286731916428 -0.0046621490484599713 -0.003140331061878129 -0.0038820779872649012 0.0091516527631923233 0.007482114809074656 -0.00048789061986234629 0.00055805520538103023 -0.0015258784036633135 0.0044851600700946039 0.0035902765083596147 0.003884568883831561 0.0032282718151422155 0.00060831187668022022 -0.0076171672193247348 -0.0012676924756425453 0.0046567647907489436 -0.0059633986881993855 0.0070671870345237718
leaf_weight=1634.8334145545959 2968.5948686599731 3108.6792600154877 1432.222948551178 2018.6991350650787 3915.5292632579803 468.08951449394226 5823.5839382410049 4912.9097635746002 121.11591321229935 3654.2768652439117 2049.4313794374466 951.95233058929443 2015.6575534343719 1284.064945936203 336.56070160865784 706.27874255180359 393.05037534236908 375.90317744016647 6079.8066703081131 746.67258477210999 837.47164571285248 4145.0351815223694 1868.4373464584351 1414.9495725631714 579.85082346200943 795.95177930593491 1256.2828603982925 3615.2713696956635 1282.739917755127 620.75869560241699
leaf_count=2459 2116 1154 639 1981 1869 163 2540 2036 100 1394 506 264 1043 648 161 130 108 344 2120 210 332 1294 573 615 415 773 731 863 1155 128
internal_value=-1.02735e-05 0.000975795 -0.000250293 -0.00791806 -0.00145895 0.00121308 0.00171855 -0.00064623 -0.00637252 0.00139974 0.00255191 0.0018392 -0.00186207 0.000404087 -0.000866136 0.0040397 0.00104928 -0.00820206 0.00241441 0.00233015 0.000669696 0.00211132 0.00134004 0.00186199 -0.00342993 -0.00533026 -0.00388191 0.00539137 -0.00509789 0.00340842
internal_weight=61414.7 54605.6 30713.2 6809.09 16820.5 13892.8 12460.5 12595.6 5174.26 11992.4 23892.3 16153.9 7682.7 8338.17 5667.04 7738.41 7054.11 3190.55 13045.2 3416.86 6661.06 12093.3 7948.24 1751.51 1983.71 1171.85 4224.88 4321.55 1403.86 2670.19
internal_count=28864 21637 14395 7227 8571 5824 5185 5724 4768 5022 7242 5405 3688 3628 2645 1837 2980 3098 4251 844 2872 3987 2693 776 1670 1117 2847 993 1255 634
is_linear=0
shrinkage=0.05


Tree=78
num_leaves=31
num_cat=0
split_feature=5 3 1 4 1 2 4 3 4 4 2 3 1 6 1 2 4 0 2 5 6 6 4 6 6 3 4 2 4 5
split_gain=50.4491 27.874 16.6932 15.9276 12.5097 11.4285 10.4091 12.8602 10.3045 8.87089 8.51311 8.28817 7.9704 7.92158 7.21964 7.02264 6.81001 6.67634 6.63258 6.61033 6.50738 6.14644 5.91387 5.32107 5.30762 5.22635 5.05126 5.0216 4.87176 4.87028
threshold=3.5000000000000004 1.0000000180025095e-35 6.5000000000000009 678.50000000000011 1.5000000000000002 10430.500000000002 621.50000000000011 1.5000000000000002 553.50000000000011 733.50000000000011 13189.500000000002 1.5000000000000002 13.500000000000002 134.50000000000003 9.5000000000000018 16609.500000000004 769.50000000000011 53.500000000000007 21148.500000000004 1.5000000000000002 83.500000000000014 73.500000000000014 654.50000000000011 144.50000000000003 180.50000000000003 1.0000000180025095e-35 809.50000000000011 17256.500000000004 645.50000000000011 1.5000000000000002
decision_type=2 2 2 2 2 2 2 2 2 2 2 2 2 2 2 2 2 2 2 2 2 2 2 2 2 2 2 2 2 2
left_child=1 3 9 8 22 16 7 17 23 13 -11 18 -10 28 -5 19 24 -6 20 -8 -7 -16 -3 -1 25 -4 -22 29 -2 -14
right_child=2 4 5 14 6 11 15 -9 12 10 -12 -13 27 -15 21 -17 -18 -19 -20 -21 26 -23 -24 -25 -26 -27 -28 -29 -30 -31
leaf_value=0.0013599025392892097 0.0010474518286398198 -0.00025621828184765118 -0.00053523852343361302 -0.0052210037482381642 -0.00014082645011351312 7.9573303186056114e-05 -0.0027038451898590814 0.012652093315138 -0.0025218039301041343 -0.0067305295607831411 0.00032526308781115733 0.0078352194479238725 -0.0031902177079956512 0.0026188164886037056 -0.0068930269477731126 0.0043076803082792428 -0.0050202413783211938 0.0060892153674942653 0.0093273831600621058 0.00086292125644150302 0.0032478693001062558 -0.0019662564248453837 -0.0087020882982874678 0.0094537606522654832 0.0067142358373859824 0.0027421709207917141 -0.0031073028424439073 0.0059785279013891942 -0.002374732369696906 0.0010420161394598098
leaf_weight=639.5774085521698 1837.5592255592346 366.25494611263275 3572.8947387933731 4786.2478995919228 990.3420917391777 2206.0442494153976 1871.1509211063385 385.5249816775322 6997.6586768627167 953.10525172948837 775.20833379030228 849.54654163122177 977.39976936578751 2595.8098203539848 724.78965944051743 991.86786568164825 514.91684317588806 760.06322330236435 371.81634134054184 4248.3733405470848 10512.112615406513 5001.5289406180382 477.4549223780632 297.52332937717438 377.2567920088768 1844.3000159859657 322.25449496507645 360.29844588041306 2395.9527653455734 2232.2048647999763
leaf_count=324 807 180 1556 3318 390 812 990 118 4126 515 358 179 565 1089 435 399 239 283 103 1848 3658 2913 287 141 131 566 129 165 1154 1046
internal_value=-1.66678e-05 -0.00138359 0.00149007 -0.00238094 0.000792494 0.00226208 0.00132425 0.00438517 -0.00109541 -0.000365732 -0.00356576 0.00304595 -0.00154102 0.000444108 -0.00378778 0.000404894 0.000490226 0.00256439 0.00274259 -0.00022768 0.00255484 -0.00258985 -0.00503573 0.00392965 0.000979907 0.000580565 0.00305884 0.000381503 -0.000889331 -0.000246798
internal_weight=61237 32108.3 29128.8 22017.2 10091 20571.1 9247.32 2135.93 11504.7 8557.64 1728.31 14261.8 10567.6 6829.32 10512.6 7111.39 6309.37 1750.41 13412.2 6119.52 13040.4 5726.32 843.71 937.101 5794.45 5417.19 10834.4 3569.9 4233.51 3209.6
internal_count=28824 17528 11296 13033 4495 7373 4028 791 6367 3923 873 4881 5902 3050 6666 3237 2492 673 4702 2838 4599 3348 467 465 2253 2122 3787 1776 1961 1611
is_linear=0
shrinkage=0.05


Tree=79
num_leaves=31
num_cat=0
split_feature=7 7 7 4 7 4 2 1 6 3 6 4 3 2 3 6 1 1 4 1 2 6 1 0 6 6 6 2 2 0
split_gain=189.168 43.0381 21.5612 16.5057 15.8051 15.1701 13.0079 12.2783 9.9324 9.47369 9.36589 8.97517 8.32188 9.05611 7.76472 6.43035 6.38545 5.88035 5.65188 5.57477 5.43558 5.40894 5.55312 5.19716 5.09719 4.8606 4.59308 4.87369 4.56678 8.05689
threshold=3.5000000000000004 7.5000000000000009 1.5000000000000002 602.50000000000011 11.500000000000002 714.50000000000011 13282.500000000002 16.500000000000004 181.50000000000003 1.0000000180025095e-35 166.50000000000003 811.50000000000011 1.0000000180025095e-35 17885.500000000004 1.0000000180025095e-35 61.500000000000007 9.5000000000000018 11.500000000000002 545.50000000000011 16.500000000000004 13411.500000000002 98.500000000000014 13.500000000000002 57.500000000000007 158.50000000000003 146.50000000000003 83.500000000000014 7118.5000000000009 8388.5000000000018 37.500000000000007
decision_type=2 2 2 2 2 2 2 2 2 2 2 2 2 2 2 2 2 2 2 2 2 2 2 2 2 2 2 2 2 2
left_child=2 5 -1 28 6 7 8 12 14 21 20 15 13 18 16 -8 23 -6 -2 -17 -7 -4 -23 24 -5 -9 -14 -28 29 -3
right_child=1 3 9 4 17 10 11 25 -10 -11 -12 -13 26 -15 -16 19 -18 -19 -20 -21 -22 22 -24 -25 -26 -27 27 -29 -30 -31
leaf_value=-0.012886602502298734 0.0041459130519022414 0.0073604253926054485 -0.010791984407837726 -0.0049686421334241421 0.002216760565372239 -0.0053766056966998927 -0.0024126305640637447 0.0017942194031606809 0.0049799029642566273 -0.0030023159332734726 0.0025419542811597612 -0.005894158477538592 -0.0027524654750938756 0.0044153032277729869 0.0013078033995982869 0.0023395000811679539 -7.6764097091755817e-05 0.0050896185206914966 -0.0025496665205755505 0.0056038081818182628 -0.001843687831145292 -0.0080931780926446466 -0.0031602706336060875 -0.00025435914749378851 0.0017463476162208808 0.0068938360167429061 -0.0041076526514230022 0.0028543192520595622 0.0050301776348794297 -0.0024230803770020105
leaf_weight=1624.4283666014671 331.31806623935699 332.40456140041351 1008.0299894213676 2230.544322013855 3738.0723145008087 2860.791354060173 600.00085759162903 1635.7738579511642 907.43894219398499 1543.9629065394402 613.78339397907257 322.15292453765869 579.79418182373047 555.65873992443085 4300.4057466983795 7127.6702461242676 4833.8549526929855 3402.5333608388901 6470.0447324514389 1601.8756734132767 1757.6238988041878 1738.7576821446419 849.13953644037247 1320.4526573419571 323.60495638847351 654.09746372699738 279.90099847316742 2467.1660628318787 4914.6931866407394 573.50236630439758
leaf_count=2476 164 106 997 1048 1253 1733 206 735 300 1255 335 119 254 282 1284 2392 1781 841 3723 423 961 1760 757 617 135 272 136 1030 1339 190
internal_value=2.29782e-05 0.000997827 -0.00786525 0.00198763 0.00152491 -0.000988162 0.000900537 -7.15892e-05 -7.77177e-05 -0.00627828 -0.00326089 0.00231103 -0.0007837 -0.00172209 -0.000430514 0.00259436 -0.00128893 0.00358569 -0.0022235 0.0029385 -0.00403209 -0.00768487 -0.00647459 -0.0028012 -0.00411787 0.00325092 0.00129145 0.00214496 0.00442889 0.00116678
internal_weight=61499.5 54735.2 6764.32 36529.2 30708.6 18206 23568 12973.8 13916.3 5139.89 5232.2 9651.7 10683.9 7357.02 13008.9 9329.55 8708.46 7140.61 6801.36 8729.55 4618.42 3595.93 2587.9 3874.6 2554.15 2289.87 3326.86 2747.07 5820.6 905.907
internal_count=28904 21659 7245 12034 10399 9625 8305 6596 5165 4769 3029 3140 5589 4169 4865 3021 3581 2094 3887 2815 2694 3514 2517 1800 1183 1007 1420 1166 1635 296
is_linear=0
shrinkage=0.05


Tree=80
num_leaves=31
num_cat=0
split_feature=7 7 7 5 6 7 5 4 2 1 1 5 4 2 4 0 6 1 2 4 0 1 4 1 1 6 2 5 6 6
split_gain=173.006 39.2654 24.5305 21.0394 12.768 12.7276 10.114 9.63363 9.37295 8.1655 8.1614 7.80502 6.79206 6.58653 6.53077 6.27583 5.73644 6.46728 5.61477 6.89217 5.39995 5.32335 5.12894 6.89146 4.94118 4.91481 4.96031 4.82709 4.67033 4.53608
threshold=3.5000000000000004 8.5000000000000018 1.5000000000000002 3.5000000000000004 162.50000000000003 11.500000000000002 4.5000000000000009 600.50000000000011 14973.500000000002 3.5000000000000004 8.5000000000000018 1.5000000000000002 725.50000000000011 5005.5000000000009 743.50000000000011 76.500000000000014 167.50000000000003 16.500000000000004 7731.5000000000009 577.50000000000011 26.500000000000004 12.500000000000002 673.50000000000011 11.500000000000002 16.500000000000004 113.50000000000001 17463.500000000004 1.5000000000000002 76.500000000000014 152.50000000000003
decision_type=2 2 2 2 2 2 2 2 2 2 2 2 2 2 2 2 2 2 2 2 2 2 2 2 2 2 2 2 2 2
left_child=2 3 -1 4 10 7 21 20 13 -6 -2 28 27 -5 24 16 17 -13 -7 -20 -3 25 -8 -24 -15 -4 -27 -12 -9 -21
right_child=1 5 6 8 9 18 22 11 -10 -11 12 15 -14 14 -16 -17 -18 -19 19 29 -22 -23 23 -25 -26 26 -28 -29 -30 -31
leaf_value=-0.013039524446812251 -0.0043672603213589746 0.0088061948160497918 -0.01119067173477452 -0.0064476588275873409 -0.005344873848005016 0.00034886191209420345 0.0013131308667147571 -0.0070777286098825613 0.0032948515723149035 0.0032663710725723168 -0.0031193646971875446 0.00033108740355086681 -0.0044345509791130335 0.00037625145439323156 -0.0029041440340128832 0.00578571365013901 0.0037792455154770257 0.0032244038063028663 0.0094234527641588323 0.0031646229116678855 0.003094577840499527 -0.0048297959255354291 -0.0093957814973880237 0.0011065730413870433 0.0039508189856616504 -0.0075488481857968028 0.003478182234849646 0.00033491586174878651 -0.00068745646214551958 0.006496811299159324
leaf_weight=1590.3657680153847 4293.3231861591339 480.14803147315979 1059.4934194684029 369.93502354621887 333.60036063194275 1048.529139995575 600.55704236030579 323.9156197309494 3096.9861481189728 1574.9776782989502 1416.4044634103775 10862.327909946442 1561.679151892662 5544.4211577177048 1274.7934129238129 790.46273446083069 1906.7752448320389 2349.0688544511795 594.113436460495 5345.8097432851791 2995.6478371620178 1475.0391409993172 382.28569412231445 264.11330628395081 1170.9486253261566 1221.0353499650955 111.27813714742661 3536.773157119751 2437.6798242330551 1262.5264468193054
leaf_count=2455 2803 137 1106 177 211 342 451 152 1123 839 832 3605 912 2356 622 249 552 629 137 1527 830 1303 319 199 408 1276 111 1706 1086 343
internal_value=-3.61256e-05 0.000895093 -0.00761609 -0.000608871 -0.00200898 0.00209115 -0.00592943 0.00146665 0.000945181 0.00176121 -0.00267475 0.00101669 -0.00155938 7.47484e-05 0.000376728 0.00144263 0.00121555 0.000845537 0.00376734 0.004265 0.00388358 -0.00719215 -0.00201371 -0.00510461 0.000999543 -0.00864903 -0.00662784 -0.000652866 -0.00143699 0.00380124
internal_weight=61275 54570.8 6704.17 24173.8 12716.8 30397 5113.8 22146 11457.1 1908.58 10808.2 18670.2 6514.86 8360.1 7990.16 15908.6 15118.2 13211.4 8250.98 7202.45 3475.8 3866.85 1246.96 646.399 6715.37 2391.81 1332.31 4953.18 2761.6 6608.34
internal_count=28798 21578 7220 11989 7303 9589 4765 7240 4686 1050 6253 6273 3450 3563 3386 5035 4786 4234 2349 2007 967 3796 969 518 2764 2493 1387 2538 1238 1870
is_linear=0
shrinkage=0.05


Tree=81
num_leaves=31
num_cat=0
split_feature=7 7 7 2 1 3 4 2 1 3 5 6 3 4 6 5 6 1 6 2 5 4 5 6 5 6 1 6 4 3
split_gain=166.675 34.9768 28.802 18.6253 13.9078 11.1985 11.0142 9.79128 9.5548 9.33732 8.95348 8.81202 8.9289 8.57044 7.60748 7.17078 7.01902 6.95399 6.82506 6.77016 6.73401 6.60372 6.41083 6.08904 5.41861 5.15218 5.12071 5.02953 4.96728 6.09145
threshold=4.5000000000000009 2.5000000000000004 10.500000000000002 10430.500000000002 4.5000000000000009 1.5000000000000002 662.50000000000011 16223.500000000002 3.5000000000000004 1.0000000180025095e-35 4.5000000000000009 68.500000000000014 1.5000000000000002 702.50000000000011 141.50000000000003 3.5000000000000004 162.50000000000003 10.500000000000002 151.50000000000003 11955.500000000002 4.5000000000000009 675.50000000000011 4.5000000000000009 155.50000000000003 1.5000000000000002 120.50000000000001 13.500000000000002 118.50000000000001 694.50000000000011 1.0000000180025095e-35
decision_type=2 2 2 2 2 2 2 2 2 2 2 2 2 2 2 2 2 2 2 2 2 2 2 2 2 2 2 2 2 2
left_child=1 10 3 6 18 8 24 11 -3 15 -1 21 20 -9 17 16 -6 -8 -5 -10 25 -4 28 -22 -2 -13 -12 -11 29 -21
right_child=2 5 7 4 9 -7 14 13 19 27 26 12 -14 -15 -16 -17 -18 -19 -20 22 23 -23 -24 -25 -26 -27 -28 -29 -30 -31
leaf_value=-0.010954269332493469 -0.003330014503093 -0.0083395065129141608 0.0017492838935944815 -0.0023096106849231752 -0.00085285896974247985 0.0055113285709931167 -0.0059181053435286637 0.0077029490722528337 -0.0050450522734426691 0.0018028145849570644 -0.0078583898892840964 0.00027605018054686735 0.0083780792759289811 0.0016104778500480772 -9.9335252062650276e-05 0.0021788347438884115 0.0037861494078877465 -0.0018876139547636117 0.0020836414998718958 -0.0028650302764281687 0.003201593910001372 -0.0057774061130800433 0.0030844210444277301 0.0083986355592783647 0.0011669233421574151 0.0027236365162167839 0.00028200879771470493 0.0046699001644293072 -0.0058898415334347138 0.0052580851540110201
leaf_weight=2940.5414239168167 804.67920708656311 1076.425698697567 615.15773129463196 3723.4141358137131 5672.242902636528 321.35165417194366 2181.2517203092575 1738.2770076990128 2423.6496093869209 2874.3530625104904 592.19102394580841 3726.3025213479996 660.99835133552551 864.22927415370941 1843.9194936752319 6211.0996518135071 952.2839492559433 2100.982160449028 1159.2950702905655 883.25407487154007 2584.6514286994934 553.75173306465149 616.18518805503845 720.77980947494507 3998.6631047725677 5082.9492064714432 286.72380369901657 3269.5840322971344 770.8787881731987 312.42365705966949
leaf_count=3893 428 915 181 1826 2791 182 1185 414 1836 871 682 1303 119 251 831 2091 439 946 507 675 603 200 368 140 1563 1628 290 955 611 181
internal_value=-1.38299e-05 -0.00584383 0.00114716 0.000330422 0.00111336 -0.00358529 -0.00137896 0.00286441 -0.00406586 0.00172561 -0.00963077 0.00233898 0.00271917 0.00567979 -0.00278444 0.000958335 -0.000185996 -0.00394063 -0.00126653 -0.00314698 0.00241041 -0.00181636 -0.00136583 0.00433486 0.000413574 0.00168831 -0.00520279 0.00332858 -0.00276023 -0.000742507
internal_weight=61562.5 10223.6 51338.9 34791.8 23862.3 6404.17 10929.5 16547.1 6082.82 18979.6 3819.46 13944.6 12775.7 2602.51 6126.15 12835.6 6624.53 4282.23 4882.71 5006.39 12114.7 1168.91 2582.74 3305.43 4803.34 8809.25 878.915 6143.94 1966.56 1195.68
internal_count=28905 9633 19272 14433 9480 4768 4953 4839 4586 7147 4865 4174 3793 665 2962 5321 3230 2131 2333 3671 3674 381 1835 743 1991 2931 972 1826 1467 856
is_linear=0
shrinkage=0.05


Tree=82
num_leaves=31
num_cat=0
split_feature=7 7 3 5 5 7 1 2 6 2 3 7 1 6 1 1 3 6 1 2 7 5 2 6 6 7 1 5 2 0
split_gain=164.777 34.2041 25.3029 19.0913 13.4691 12.378 10.7372 10.4075 9.31175 8.78038 7.64891 7.43885 6.71641 7.84232 6.63591 6.45502 5.83684 5.74923 5.4839 5.41534 4.80453 4.59451 4.55104 4.24428 4.14308 4.11263 4.03232 5.24094 3.99722 3.54954
threshold=4.5000000000000009 1.5000000000000002 1.0000000180025095e-35 3.5000000000000004 3.5000000000000004 6.5000000000000009 16.500000000000004 10787.500000000002 83.500000000000014 4583.5000000000009 1.5000000000000002 2.5000000000000004 14.500000000000002 106.50000000000001 8.5000000000000018 1.5000000000000002 1.0000000180025095e-35 144.50000000000003 7.5000000000000009 15021.500000000002 9.5000000000000018 1.5000000000000002 7731.5000000000009 67.500000000000014 145.50000000000003 11.500000000000002 16.500000000000004 1.5000000000000002 14600.000000000002 74.500000000000014
decision_type=2 2 2 2 2 2 2 2 2 2 2 2 2 2 2 2 2 2 2 2 2 2 2 2 2 2 2 2 2 2
left_child=1 -1 3 5 11 17 8 26 -4 -5 15 -3 13 25 -6 24 23 -2 -9 20 -17 -13 -23 -16 -10 -11 27 -7 -14 -29
right_child=2 4 6 9 14 7 -8 18 10 12 -12 21 28 -15 16 19 -18 -19 -20 -21 -22 22 -24 -25 -26 -27 -28 29 -30 -31
leaf_value=-0.01271789765009119 -0.0048211293423347668 -0.0097718932879836493 -0.00074766441511276804 -0.0052559016575157956 -0.0049381503128951903 -0.0053239268859017926 0.0054131081294253938 -0.00083480832767451614 -0.0044578151394394075 -0.0014213739885073629 0.0056127579526455669 -0.0079151760787518882 0.0024011176597214176 0.0020465329821101534 -0.010270365997918857 0.00050270395065016586 0.0028478427728268426 -0.00017648928063201908 0.001702444603154375 0.004741968117735122 0.0032592517841064901 -0.0094446934123647488 -0.0030933236341049177 -0.0016230015547142214 0.0026734351406302115 0.0030480014815204549 0.0012230366153569731 -0.0019750899956174142 0.0055870476733971067 0.004226692196186709
leaf_weight=1539.8756468296051 2396.5251128673553 1231.9546948075294 2329.5793572664261 457.25406491756439 1596.1900642514229 1235.5591913461685 3048.7025241851807 3234.0802929401398 571.87877929210663 3248.9043709039688 1905.2610192298889 1093.7627133131027 3200.4691462516785 7724.4217470884323 157.97897619009018 3286.3611813783646 758.7497946023941 922.81697225570679 6235.9343351125717 2132.1396819353104 3045.7286179065704 328.25092726945877 2003.5939055681229 1394.0201876163483 316.33257472515106 611.60946035385132 834.85905063152313 2824.4292125701904 1421.9343494176865 251.23935413360596
leaf_count=2435 1619 1443 758 180 1264 689 745 1588 226 1292 480 1007 952 2664 117 1264 435 580 2432 585 767 274 1577 1031 120 176 352 1298 347 116
internal_value=-2.17963e-05 -0.00585729 0.00112904 0.000358569 -0.00462377 -0.000773546 0.00273147 -0.000147581 0.00212977 0.00157702 0.0027252 -0.00643982 0.0017698 0.00112686 -0.00245881 0.00213696 -0.000746164 -0.00352986 0.000835954 0.00256248 0.0018286 -0.0052415 -0.0039874 -0.00250322 -0.00191805 -0.000713304 -0.00195752 -0.00257342 0.00338117 -0.00146849
internal_weight=61340.4 10104.4 51236 34600 8564.5 17935.4 16636 14616.1 13587.3 16664.6 11257.7 4657.56 16207.3 11584.9 3906.94 9352.44 2310.75 3319.34 9470.01 8464.23 6332.09 3425.61 2331.84 1552 888.211 3860.51 5146.09 4311.23 4622.4 3075.67
internal_count=28813 9583 19230 14285 7148 8674 4945 6475 4200 5611 3442 4301 5431 4132 2847 2962 1583 2199 4020 2616 2031 2858 1851 1148 346 1468 2455 2103 1299 1414
is_linear=0
shrinkage=0.05


Tree=83
num_leaves=31
num_cat=0
split_feature=7 7 7 3 2 7 3 4 1 6 3 1 4 6 1 1 2 7 6 6 2 1 6 2 2 4 3 0 0 2
split_gain=145.748 35.5113 18.5185 15.5216 14.3641 12.9954 10.6334 9.91724 9.25384 8.17252 7.45715 6.50859 6.3786 7.07742 5.68279 5.68226 5.47603 5.31267 6.07514 5.19952 5.13602 5.07694 7.59509 5.00422 4.69024 4.56095 5.17858 5.67807 4.53671 5.83403
threshold=3.5000000000000004 6.5000000000000009 1.5000000000000002 1.5000000000000002 15951.500000000002 11.500000000000002 1.5000000000000002 714.50000000000011 16.500000000000004 103.50000000000001 1.0000000180025095e-35 16.500000000000004 615.50000000000011 198.50000000000003 11.500000000000002 4.5000000000000009 18269.000000000004 2.5000000000000004 109.50000000000001 144.50000000000003 12362.500000000002 7.5000000000000009 78.500000000000014 12078.500000000002 6354.5000000000009 689.50000000000011 1.0000000180025095e-35 52.500000000000007 49.500000000000007 9769.5000000000018
decision_type=2 2 2 2 2 2 2 2 2 2 2 2 2 2 2 2 2 2 2 2 2 2 2 2 2 2 2 2 2 2
left_child=2 6 -1 4 5 8 7 11 9 25 17 16 -11 -14 -7 -12 -2 -4 -19 -13 -8 -9 -23 -17 -10 26 -3 -28 -16 -30
right_child=1 3 10 -5 -6 14 20 21 24 12 15 19 13 -15 28 23 -18 18 -20 -21 -22 22 -24 -25 -26 -27 27 -29 29 -31
leaf_value=-0.012009694878210206 -0.0020580592352280025 -0.0016587202086119626 -0.0090959888123502645 0.0053502644225369243 0.0032198486006158808 0.0013521383739007826 0.00020183324115480251 -0.0067696210911184357 -0.0026892013372301236 0.002540373944371962 -0.0086351834019805368 -7.6076228864537708e-06 -0.0002836534107915674 0.0059166601191803373 0.0024009891981686001 -0.0044446162822364358 0.0037829675139099401 -0.0086935907781729577 -0.0029182057230145299 0.0064195444252686633 0.0088865103373490448 -0.009892488106494169 -0.0015162778186502259 0.0020413036768845549 0.0028311163583180964 -0.0031136520136126689 -0.00054087507093329278 0.0064777043328383176 0.0018371292939460488 0.0084029450177737497
leaf_weight=1513.3112416267395 6391.8441700339317 2898.0759842395782 1595.3447579145432 2380.7528072595596 7183.8276680707932 3422.276420712471 347.56764793395996 1256.9461461305618 424.5696873664856 3028.9036549329758 324.19250756502151 1023.2999112606049 11325.853375077248 479.73836970329285 1544.2382326126099 588.6782773733139 428.13855588436127 749.89118331670761 1159.2319437265396 454.41730880737305 333.67169559001923 318.0070241689682 1816.5840032696724 601.02933084964752 4105.1494435071945 2864.2985796928406 726.6846364736557 477.52945303916931 504.38014507293701 1027.617476940155
leaf_count=2421 3760 1188 1798 522 2199 1140 154 888 156 975 305 514 4423 170 396 492 216 682 1034 212 118 203 1081 450 1277 1260 220 146 140 244
internal_value=-0.000101734 0.000740278 -0.00716153 0.00142805 0.00119468 0.00075153 -0.00161674 -0.00197063 0.000257322 -0.000169941 -0.00569954 -0.00103954 0.00049347 -3.16941e-05 0.00275397 -0.00276704 -0.00169138 -0.00696635 -0.00518674 0.00196883 0.0044556 -0.00424863 -0.00276415 -0.00116799 0.0023137 -0.00158259 -0.000513579 0.00224233 0.00431349 0.00624128
internal_weight=61296.1 54764.4 6531.68 42393.9 40013.1 32829.3 12370.5 11689.2 26330.8 21801.1 5018.37 8297.7 14834.5 11805.6 6498.51 1513.9 6819.98 3504.47 1909.12 1477.72 681.239 3391.54 2134.59 1189.71 4529.72 6966.59 4102.29 1204.21 3076.24 1532
internal_count=28784 21602 7182 14456 13934 11735 7146 6874 9815 8382 4761 4702 5568 4593 1920 1247 3976 3514 1716 726 272 2172 1284 942 1433 2814 1554 366 780 384
is_linear=0
shrinkage=0.05


Tree=84
num_leaves=31
num_cat=0
split_feature=7 5 7 7 3 5 6 4 5 3 6 2 2 2 2 7 2 4 6 7 2 6 3 5 3 7 2 4 6 0
split_gain=143.675 32.53 30.0044 20.6441 13.1464 11.208 11.1631 11.0396 9.31629 9.1999 7.2529 7.04192 7.03992 6.8591 6.68328 6.16457 6.10228 6.05277 4.65371 4.48854 4.50506 4.42936 4.33429 4.31238 4.30586 4.19392 4.36747 4.14004 4.05384 6.31037
threshold=3.5000000000000004 4.5000000000000009 8.5000000000000018 1.5000000000000002 1.5000000000000002 4.5000000000000009 69.500000000000014 587.50000000000011 1.5000000000000002 1.0000000180025095e-35 106.50000000000001 9930.5000000000018 7434.5000000000009 6093.5000000000009 11806.500000000002 2.5000000000000004 9720.5000000000018 595.50000000000011 139.50000000000003 10.500000000000002 18727.000000000004 175.50000000000003 1.0000000180025095e-35 2.5000000000000004 1.0000000180025095e-35 11.500000000000002 14359.500000000002 553.50000000000011 110.50000000000001 36.500000000000007
decision_type=2 2 2 2 2 2 2 2 2 2 2 2 2 2 2 2 2 2 2 2 2 2 2 2 2 2 2 2 2 2
left_child=3 2 4 -1 7 15 -4 18 21 12 16 -10 28 -12 -6 -5 -3 -14 23 20 22 -9 -15 -2 -7 26 -19 -25 -8 -30
right_child=1 10 6 5 14 24 9 8 11 -11 13 -13 17 19 -16 -17 -18 25 -20 -21 -22 -23 -24 27 -26 -27 -28 -29 29 -31
leaf_value=-0.01219424619274357 -0.0033707437068933054 -0.0018789453719685945 -0.0022789247424363306 -0.0091365855478010832 -0.00057620312889192346 -0.0033901638102013195 -0.0060054498047870056 -0.0052127685185273101 -0.003608607100397876 0.0031296081795525229 -0.001834286285265465 -0.0008677903680651541 0.0040187799594979916 0.0018677963685643302 0.007704033737777268 -0.0050772346012606271 0.0022546460202217651 -0.00064042415746113669 0.0054161276680123422 0.0056129378112296313 0.0086286985745929207 0.0014077805782368464 0.0048209858526704705 0.007824021269375479 0.0029876241897138461 0.0024141300788249188 0.0018750073383872708 -0.00021791335506000155 0.0055677875439818234 -0.0030216025701681011
leaf_weight=1515.6289033889771 521.93717205524445 1174.2755748033524 2037.6632511615753 1682.3130660653114 430.87342870235443 839.58742922544479 502.02362501621246 2946.4996232390404 3218.5618280172348 6659.7819485664368 539.24815714359283 8620.0870963335037 1721.0871522426605 3741.9848546981812 560.96370840072632 2106.1125769615173 3725.4589766263962 5113.92835521698 610.01026141643524 2834.8802525997162 358.65900421142578 276.32684099674225 1860.0179780721664 248.06078910827637 386.45586335659027 2989.7154601812363 2604.4521460533142 451.01138830184937 301.01602482795715 738.27260899543762
leaf_count=2455 287 439 738 1965 183 703 226 1980 1813 1779 177 4365 545 1366 197 1853 1139 2089 270 581 104 178 482 101 262 999 932 190 124 303
internal_value=-7.01838e-05 0.000765405 4.35701e-05 -0.00708068 -0.00148761 -0.0055351 0.00125162 -0.00181609 -0.00226175 0.00160034 0.00282182 -0.00161293 0.000871327 0.00363951 0.00410694 -0.00687986 0.00126399 0.00126658 0.00184986 0.0039751 0.00319615 -0.00464512 0.00284834 6.8169e-05 -0.00137985 0.000824222 0.000208371 0.00263571 -0.00231598 -0.000533801
internal_weight=61316.9 54786.8 40552.3 6530.1 17884.3 5014.47 22667.9 16892.5 15061.5 20630.3 14234.5 11838.6 13970.5 9334.79 991.837 3788.43 4899.73 12429.2 1831.02 8795.54 5960.66 3222.83 5602 1221.01 1226.04 10708.1 7718.38 699.072 1541.31 1039.29
internal_count=28825 21587 17299 7238 9564 4783 7735 9184 8336 6997 4288 6178 5218 2710 380 3818 1578 4565 848 2533 1952 2158 1848 578 965 4020 3021 291 653 427
is_linear=0
shrinkage=0.05


Tree=85
num_leaves=31
num_cat=0
split_feature=5 3 3 4 1 4 2 6 1 1 2 2 1 6 2 2 5 4 6 4 2 0 6 3 0 4 6 4 6 2
split_gain=40.4923 20.109 15.8225 15.0072 12.5433 9.30457 8.89379 7.75617 7.18202 6.94891 8.40976 6.94354 6.9337 6.67551 6.66579 6.45118 6.28106 6.26037 6.85614 5.94393 5.84353 6.65281 5.7984 5.56779 5.22216 4.96258 4.31007 4.07716 4.06669 4.02891
threshold=2.5000000000000004 1.0000000180025095e-35 1.0000000180025095e-35 732.50000000000011 13.500000000000002 772.50000000000011 16609.500000000004 162.50000000000003 18.500000000000004 16.500000000000004 10477.500000000002 19085.500000000004 3.5000000000000004 105.50000000000001 7731.5000000000009 12527.000000000002 4.5000000000000009 595.50000000000011 106.50000000000001 825.50000000000011 9186.5000000000018 59.500000000000007 97.500000000000014 1.5000000000000002 36.500000000000007 593.50000000000011 94.500000000000014 624.50000000000011 98.500000000000014 18881.500000000004
decision_type=2 2 2 2 2 2 2 2 2 2 2 2 2 2 2 2 2 2 2 2 2 2 2 2 2 2 2 2 2 2
left_child=2 3 5 4 14 9 12 20 11 10 26 16 24 -14 -2 -5 27 -16 28 -17 21 -6 -18 -15 -4 -11 -1 -3 -19 -8
right_child=1 8 6 15 7 -7 29 -9 -10 25 -12 -13 13 23 17 19 22 18 -20 -21 -22 -23 -24 -25 -26 -27 -28 -29 -30 -31
leaf_value=-0.0081269728025657392 -0.003021824220778924 0.0030403887688883499 0.0011102548393108313 -0.003830114446353599 0.0010925347779738937 -0.0071929713472164581 0.0070807282013394873 0.0060207383875399458 0.0067027916941788911 0.0062405647177564798 -0.001984880999108788 0.0074510401301369853 -0.0025117153552864039 0.00057632637374507791 0.0026435474378022203 0.00026603590088997896 0.00051541562885664956 -0.0012201383662892686 0.00062711188055703361 -0.0080080973744715428 0.0023664527782763594 -0.006389891571136324 0.0043831918232667385 0.0062640728293530514 -0.0070030871017880683 -0.00081008582538452407 -0.0040072968348953703 0.00025372451372527118 -0.0054021269058149579 0.00018677949243796907
leaf_weight=838.20829439163208 1829.6507177352905 1733.0678001046181 285.27898794412613 2947.7382597923279 929.7193860411644 1134.0251095294952 606.39310699701309 1176.6611282229424 921.2846514582634 289.67007607221603 6901.0396035909653 583.94739007949829 1516.7435601353645 2507.3220543265343 2182.1573488116264 2488.5136772990227 1357.2867752313614 2920.4807326197624 6911.8240803480148 237.79561847448349 5335.398753464222 436.56580483913422 3387.2535945773125 519.40386569499969 650.72838062047958 1802.7260383963585 2617.4278575778008 5410.0408961772919 725.78883200883865 325.79091173410416
leaf_count=612 956 551 161 1612 400 818 256 402 241 141 4294 169 734 1175 902 1171 421 1487 3174 117 1977 195 987 213 382 1047 1795 2059 367 139
internal_value=-4.22118e-05 0.000848092 -0.00189075 8.86875e-05 0.000669385 -0.0028571 0.000156461 0.00227668 0.00244269 -0.00246214 -0.00299311 0.00212799 -0.000611625 0.000195664 -0.000199724 -0.00220873 0.00186651 0.000205563 -0.000298322 -0.000455655 0.00161931 -0.00129831 0.00327672 0.00155238 -0.00453028 0.000166002 -0.00500658 0.000929828 -0.00205256 0.00467135
internal_weight=61509.9 41515.2 19994.8 28122.3 22448.2 13583.1 6411.66 7878.35 13392.9 12449.1 10356.7 12471.6 5479.48 4543.47 14569.9 5674.05 11887.6 12740.3 10558.1 2726.31 6701.68 1366.29 4744.54 3026.73 936.007 2092.4 3455.64 7143.11 3646.27 932.184
internal_count=28955 17188 11767 12760 9860 8707 3060 2974 4428 7889 6701 4187 2665 2122 6886 2900 4018 5930 5028 1288 2572 595 1408 1388 543 1188 2407 2610 1854 395
is_linear=0
shrinkage=0.05


Tree=86
num_leaves=31
num_cat=0
split_feature=7 7 7 5 2 3 1 5 6 6 5 2 5 0 7 1 7 6 1 0 2 6 0 0 3 2 1 0 0 1
split_gain=138.718 34.7308 20.4329 16.6756 11.9604 11.0989 10.806 10.478 9.48984 8.77238 7.24387 7.59537 7.15261 6.77024 6.12811 6.12207 6.0176 5.99022 5.94668 5.86092 5.83627 5.41485 4.52628 4.13187 4.07761 3.97771 3.9268 3.67297 3.66392 4.7086
threshold=3.5000000000000004 6.5000000000000009 1.5000000000000002 4.5000000000000009 14359.500000000002 1.5000000000000002 4.5000000000000009 4.5000000000000009 124.50000000000001 79.500000000000014 4.5000000000000009 17090.500000000004 1.5000000000000002 77.500000000000014 2.5000000000000004 18.500000000000004 11.500000000000002 183.50000000000003 11.500000000000002 26.500000000000004 14046.500000000002 113.50000000000001 42.500000000000007 22.500000000000004 1.0000000180025095e-35 9720.5000000000018 13.500000000000002 25.500000000000004 46.500000000000007 17.500000000000004
decision_type=2 2 2 2 2 2 2 2 2 2 2 2 2 2 2 2 2 2 2 2 2 2 2 2 2 2 2 2 2 2
left_child=2 6 -1 4 5 8 -2 14 12 -8 13 -12 -3 24 -4 17 23 25 -6 -14 21 -16 -7 -10 -11 27 -9 -5 -21 -30
right_child=1 3 7 15 18 22 9 26 16 10 11 -13 19 -15 20 -17 -18 -19 -20 28 -22 -23 -24 -25 -26 -27 -28 -29 29 -31
leaf_value=-0.012021308344436842 -0.004252271347729048 -0.003544399789954732 -0.0089652402123683705 0.0054429939697581316 0.0012235246059952626 0.0091283239430105505 -0.0041941056572690023 -0.0033164182811526964 0.0043910937501192562 -0.0021031701045200221 0.0013611041789942373 0.010564276911090789 0.0028301215989995228 0.0082836270310215811 -0.010095163283066774 0.0075259142984755991 0.0035676449002869136 0.0072814435868895347 0.0037300317264789859 -0.0023313920710616842 -0.0010487864507333561 -0.0039318926167295713 0.0025305441820076759 0.00017140266821547281 0.00074199818188792899 0.0031029473148424776 0.0027211449190365218 -6.9841175140566815e-05 -0.00059705806224060983 0.004547657145020278
leaf_weight=1499.0681377053261 2757.9344477057457 2231.6326193809509 1642.0801171660423 355.11059546470642 5053.2016350030899 438.7826212644577 1519.2516409754753 827.41257411241531 629.69794607162476 4085.6117027401924 1819.3710573911667 255.69636344909668 1229.2391117811203 193.27819359302521 644.7627454996109 751.03895139694214 2003.7391337156296 711.60061073303223 4450.3896679878235 2769.1506524085999 672.82076841592789 796.75087857246399 637.79684221744537 7369.8031169176102 1820.4028213024139 7380.3677390813828 399.26810276508331 2025.4913798570633 3893.5784701108932 502.09480106830597
leaf_count=2459 1821 1112 1939 101 1875 109 878 672 242 2619 795 97 475 109 593 148 629 158 1277 1082 569 713 164 2885 869 1880 294 601 1542 167
internal_value=1.41242e-05 0.000831096 -0.00690315 0.00151244 0.000918027 0.000270346 -0.0014908 -0.00536345 1.2055e-05 -0.00070513 -5.6684e-05 0.00249515 -0.00102847 -0.000924854 -0.00667365 0.00316529 0.00111733 0.00285257 0.00239728 -0.00035959 -0.00489391 -0.00668861 0.00521961 0.000503565 -0.00122621 0.0025297 -0.00135127 0.0007525 -0.000906835 -9.40411e-06
internal_weight=61366.4 54884.3 6482.16 42432.7 31209.1 21705.5 12451.5 4983.1 20628.9 9693.61 8174.36 2075.07 10625.7 6099.29 3756.41 11223.6 10003.2 10472.6 9503.59 8394.06 2114.33 1441.51 1076.58 7999.5 5906.01 9760.97 1226.68 2380.6 7164.82 4395.67
internal_count=28874 21635 7239 14447 11559 8407 7188 4780 8134 5367 4489 892 4378 3597 3814 2888 3756 2740 3152 3266 1875 1306 273 3127 3488 2582 966 702 2791 1709
is_linear=0
shrinkage=0.05


Tree=87
num_leaves=31
num_cat=0
split_feature=7 7 7 6 1 2 4 1 7 4 6 2 2 3 3 0 4 2 3 0 4 1 1 2 4 0 4 2 2 2
split_gain=130.842 32.6275 23.4597 17.3625 15.7471 10.6074 9.99495 9.42168 9.29771 8.61775 7.58608 10.5663 6.67543 6.66087 6.6213 6.78709 5.78916 8.89989 5.71371 5.56726 5.39959 5.05197 4.78935 4.94151 4.7754 4.83385 4.65115 4.34198 4.25452 4.1616
threshold=4.5000000000000009 2.5000000000000004 11.500000000000002 141.50000000000003 4.5000000000000009 7272.5000000000009 730.50000000000011 15.500000000000002 1.5000000000000002 553.50000000000011 81.500000000000014 17090.500000000004 8888.5000000000018 1.0000000180025095e-35 1.5000000000000002 23.500000000000004 744.50000000000011 12162.500000000002 1.0000000180025095e-35 52.500000000000007 571.50000000000011 12.500000000000002 15.500000000000002 5963.5000000000009 545.50000000000011 57.500000000000007 639.50000000000011 12979.500000000002 17885.500000000004 15951.500000000002
decision_type=2 2 2 2 2 2 2 2 2 2 2 2 2 2 2 2 2 2 2 2 2 2 2 2 2 2 2 2 2 2
left_child=1 8 3 4 29 -6 10 18 -1 -5 -7 14 -4 22 15 26 17 -9 -3 -19 -14 -10 23 -11 -17 -26 -12 -15 -13 -2
right_child=2 7 12 9 5 6 -8 16 21 13 11 28 20 27 -16 24 -18 19 -20 -21 -22 -23 -24 -25 25 -27 -28 -29 -30 -31
leaf_value=-0.012090211495048778 -0.0030200471193279517 -0.005347783179538824 0.0004419448541374339 0.0076433909783151302 -0.002696871966912952 -0.0006264030242637235 -0.0013366682038149509 -0.0022894209665551353 -0.008861289125838381 -0.0052092988419476941 0.009420511748250246 0.0097137335069462684 0.0091174412407089307 0.0019678793367665075 0.0060966635060566779 0.0058497351877337816 -0.006713701756993937 0.0018767255555907103 -0.0016322450823569948 0.011643709895369397 0.0036607666889544041 -0.0038878769155402879 0.0031339585468039294 0.00064359320201896506 -0.00048438179411259348 0.0018582964070604222 0.0023425056976015446 0.0052810016049371139 0.0040596172951575952 0.00046680975795653103
leaf_weight=1487.5516225099564 5062.0797017812729 3282.6044686436653 1578.8717656135559 645.15818607807159 2448.8991940021515 3817.730295419693 4424.7981600761414 645.52353882789612 1330.7885662913322 382.2636513710022 372.26519799232483 464.63829457759857 487.52888703346252 2287.5571693181992 695.20951902866364 423.74261927604675 240.1250165104866 329.5140825510025 1510.9699372053146 261.83770304918289 6468.9292314052582 828.50285488367081 1934.6839435100555 6371.4875396490097 5691.1342669725418 3591.560800075531 616.44859540462494 1741.9307625293732 1171.7310307025909 1029.8040318489075
leaf_count=2471 2510 2757 507 191 1080 1422 1903 437 1555 183 127 150 109 724 150 134 173 213 1004 161 1779 848 671 2650 2139 1339 239 470 358 444
internal_value=-2.71815e-05 -0.00528789 0.000981795 0.000508258 -0.00016308 0.000419323 0.000778115 -0.00310079 -0.00904849 0.00200586 0.00133364 0.00190807 0.00337703 0.00171988 0.00136832 0.00106097 0.00039077 0.00177002 -0.00417662 0.00620133 0.00404319 -0.00695303 0.000940623 0.000312318 0.000658973 0.000422022 0.00500748 0.00340013 0.00566507 -0.00243061
internal_weight=61625.9 9917.42 51708.5 43173.1 29810 23718.2 21269.3 6270.57 3646.84 13363.1 16844.5 13026.7 8535.33 12717.9 11390.4 10695.2 1477 1236.88 4793.57 591.352 6956.46 2159.29 8688.44 6753.75 9706.44 9282.7 988.714 4029.49 1636.37 6091.88
internal_count=28898 9619 19279 16884 11995 9041 7961 4745 4874 4889 6058 4636 2395 4698 4128 3978 984 811 3761 374 1888 2403 3504 2833 3612 3478 366 1194 508 2954
is_linear=0
shrinkage=0.05


Tree=88
num_leaves=31
num_cat=0
split_feature=5 3 1 4 3 4 2 6 4 1 2 2 1 6 4 1 6 4 4 2 0 5 4 2 5 1 2 2 2 4
split_gain=37.7339 25.4323 14.2019 12.2698 9.35555 8.72946 8.8829 8.62051 8.35958 9.25098 8.20512 8.14328 7.34351 6.5025 6.1324 6.02832 5.87672 5.77348 5.24135 5.08711 7.50482 5.49661 5.00184 4.90485 4.71072 4.54749 4.52266 4.46509 4.25762 4.10082
threshold=1.5000000000000002 1.0000000180025095e-35 6.5000000000000009 553.50000000000011 1.5000000000000002 738.50000000000011 7434.5000000000009 136.50000000000003 731.50000000000011 15.500000000000002 5308.5000000000009 10477.500000000002 4.5000000000000009 202.50000000000003 537.50000000000011 2.5000000000000004 86.500000000000014 673.50000000000011 563.50000000000011 14600.000000000002 30.500000000000004 3.5000000000000004 758.50000000000011 9930.5000000000018 4.5000000000000009 14.500000000000002 13282.500000000002 16530.500000000004 9769.5000000000018 719.50000000000011
decision_type=2 2 2 2 2 2 2 2 2 2 2 2 2 2 2 2 2 2 2 2 2 2 2 2 2 2 2 2 2 2
left_child=3 2 7 -1 12 6 -4 17 9 11 -9 -5 28 14 -8 -10 -17 -2 -14 20 -16 -22 -12 -19 26 -21 -20 -11 -3 -6
right_child=1 4 5 8 29 -7 13 10 15 27 22 -13 18 -15 19 16 -18 23 24 25 21 -23 -24 -25 -26 -27 -28 -29 -30 -31
leaf_value=0.0065493903670337875 -0.0013652382581471503 -0.0040066959221880692 -0.0022056092546565991 -0.0061675187371050327 0.0057274650137899008 -0.0016490115149262374 0.0061587037520213442 -0.010194646420758395 -0.012733574056892301 -0.00029814178446046683 0.0013069242582584612 -0.00207704355730674 0.0063779475823289612 0.0075234638710589734 0.0027368244179286853 -0.010661602581978593 -0.0034774598073614446 -0.0072814416875601334 7.9778700396273389e-05 0.00091860902918693057 -0.0017470066562688673 0.00071499577665594827 -0.0042929110649919033 -0.0031064410122557946 0.0033577392636917748 0.0038434625437457092 0.0026398943368804648 0.0069067427875552411 0.00044986658287049302 0.001184890141371301
leaf_weight=329.84204864501953 3256.0480877757072 739.58212608098984 2145.9838409423828 1837.9844585061073 2220.460088968277 4279.5045085549355 569.57588905096054 184.49404388666153 293.49294275045395 1412.4913665056229 3212.0214042663574 3599.6484796404839 682.53452134132385 397.18442207574844 2483.1233196258545 359.97468942403793 1360.5406872630119 985.87724936008453 4239.424059510231 3167.2517575025558 4024.7361320257187 5190.9898789525032 455.29016309976578 2455.9421687722206 3512.2568684220314 2289.6321787834167 2908.7165911197662 253.65509098768234 1946.2693803310394 640.03615611791611
leaf_count=174 1746 362 1085 1242 602 2230 205 102 230 761 1677 2188 191 151 1128 245 918 660 1700 1300 2140 2015 259 1474 986 836 1004 122 864 226
internal_value=-1.74999e-05 0.000510755 -0.000256398 -0.0029243 0.00210498 0.000402952 0.000836205 -0.00179064 -0.00326702 -0.00246089 9.41109e-05 -0.00345967 0.00157359 0.0011964 0.00105463 -0.00611038 -0.00498056 -0.00287452 0.00213025 0.000885171 0.000297138 -0.000360222 0.000611715 -0.00430233 0.00185829 0.00214584 0.00112154 0.000798734 -0.000777303 0.00471106
internal_weight=61434.6 51986.9 35097.7 9447.63 16889.3 24548 20268.5 10549.7 9117.79 7103.78 3851.81 5437.63 14028.8 18122.5 17725.3 2014.01 1720.52 6697.87 11342.9 17155.7 11698.8 9215.73 3667.31 3441.82 10660.4 5456.88 7148.14 1666.15 2685.85 2860.5
internal_count=28823 22943 17008 5880 5935 11090 8860 5918 5706 4313 2038 3430 5107 7775 7624 1393 1163 3880 3881 7419 5283 4155 1936 2134 3690 2136 2704 883 1226 828
is_linear=0
shrinkage=0.05


Tree=89
num_leaves=31
num_cat=0
split_feature=7 7 5 7 1 1 2 3 1 4 6 6 6 4 4 3 2 5 2 5 4 3 4 6 1 2 5 6 2 4
split_gain=123.186 30.2726 20.7908 18.4348 12.9116 10.743 9.75886 7.64135 7.23393 6.90976 8.44425 6.46074 6.44193 6.49246 6.2012 5.10939 5.38841 4.88148 4.84869 4.78192 4.75231 5.72281 4.66771 4.63173 4.62565 4.4801 4.47641 4.43422 6.26546 4.39603
threshold=3.5000000000000004 10.500000000000002 1.5000000000000002 1.5000000000000002 6.5000000000000009 12.500000000000002 12362.500000000002 1.5000000000000002 15.500000000000002 567.50000000000011 69.500000000000014 116.50000000000001 135.50000000000003 663.50000000000011 650.50000000000011 1.5000000000000002 16160.500000000002 1.5000000000000002 5005.5000000000009 4.5000000000000009 567.50000000000011 1.0000000180025095e-35 755.50000000000011 148.50000000000003 7.5000000000000009 12486.500000000002 4.5000000000000009 109.50000000000001 18113.500000000004 541.50000000000011
decision_type=2 2 2 2 2 2 2 2 2 2 2 2 2 2 2 2 2 2 2 2 2 2 2 2 2 2 2 2 2 2
left_child=3 2 8 -1 12 27 18 14 11 -3 -11 -2 13 -4 -8 16 19 -7 -6 -12 -19 -22 26 -21 -13 -15 -14 -5 -29 -20
right_child=1 9 4 5 6 17 7 -9 -10 10 15 24 22 25 -16 -17 -18 20 29 23 21 -23 -24 -25 -26 -27 -28 28 -30 -31
leaf_value=-0.011525127258980111 -0.0057774969383793482 0.0064282667137622223 -0.0001862197408098247 -0.009369445520030285 -0.0038178698687383163 -0.0079091596275447981 0.0033857416498666777 0.0069818904389748184 0.00045951897782103293 -0.0015355557401665974 0.0013334194094199569 -0.0044075763361981421 4.0671237413753788e-05 -0.0052809907869224449 0.00090851492512160142 0.0064626181969788411 0.0046892353900992176 0.0083655688380490645 0.006334514768545638 0.002542485910699251 -0.0039158855660026137 0.0028536438716770213 -0.0042646487582655166 0.0070467046565219852 -0.00013218374852187685 -0.0016241999874976537 0.0041248463959354378 -0.0061570654403793803 0.0063792884661984604 0.00019405364816533859
leaf_weight=1450.6764820814133 2023.4342291355133 1074.9409186840057 2623.4582134485245 1174.0111050605774 740.07460236549377 310.28175377845764 3992.556183218956 767.02652049064636 1384.0127663612366 1324.391893863678 8194.8776783943176 1123.8051950335503 2173.3067263364792 1726.4951045513153 6878.9926450252533 822.89709305763245 2164.7441037893295 123.51319491863251 300.02778911590576 2343.6571438312531 1020.8775646686554 449.73597204685211 427.91948199272156 754.4868471622467 1447.5394617319107 1626.7999987602234 970.50119590759277 1735.1999446749687 105.7402411699295 10222.464956045151
leaf_count=2439 1271 249 1223 1227 339 316 1288 160 700 419 2752 721 1050 982 2641 143 563 96 102 543 929 320 222 150 786 812 354 1783 101 4200
internal_value=1.11476e-05 0.00077209 1.80018e-08 -0.00657191 0.000499226 -0.00511125 0.00114324 0.00215857 -0.00270941 0.00255084 0.00228374 -0.00366394 -0.00104538 -0.00204934 0.00181827 0.00263795 0.00240408 -0.00217131 9.40042e-05 0.00196604 -0.00105449 -0.00184566 0.000634604 0.00363939 -0.00200074 -0.00350695 0.00130147 -0.00696828 -0.005437 0.000369137
internal_weight=61478.4 55108.4 38428.4 6370.04 32449.6 4919.36 22901.1 11638.6 5978.79 16680 15605.1 4594.78 9548.48 5976.75 10871.5 14280.7 13457.8 1904.41 11262.6 11293 1594.13 1470.61 3571.73 3098.14 2571.34 3353.3 3143.81 3014.95 1840.94 10522.5
internal_count=28881 21670 16851 7211 13373 4772 8730 4089 3478 4819 4570 2778 4643 3017 3929 4151 4008 1661 4641 3445 1345 1249 1626 693 1507 1794 1404 3111 1884 4302
is_linear=0
shrinkage=0.05


Tree=90
num_leaves=31
num_cat=0
split_feature=7 7 5 7 2 4 4 1 3 3 6 4 4 2 3 2 2 6 6 3 6 1 1 4 7 7 6 2 5 3
split_gain=118.245 28.3281 19.6349 18.9995 11.3228 10.1411 8.29953 8.07758 7.59973 7.35467 7.1846 8.10726 6.6253 6.3618 6.1389 5.64996 5.61907 5.19446 4.90786 4.63135 4.50229 4.99955 4.38917 5.44206 4.41205 4.21667 4.19624 4.14153 3.94473 3.88087
threshold=3.5000000000000004 9.5000000000000018 2.5000000000000004 1.5000000000000002 6562.5000000000009 743.50000000000011 703.50000000000011 2.5000000000000004 1.0000000180025095e-35 1.0000000180025095e-35 101.50000000000001 553.50000000000011 567.50000000000011 12114.500000000002 1.0000000180025095e-35 9851.5000000000018 18562.500000000004 68.500000000000014 161.50000000000003 1.0000000180025095e-35 110.50000000000001 8.5000000000000018 14.500000000000002 603.50000000000011 4.5000000000000009 7.5000000000000009 109.50000000000001 12570.500000000002 3.5000000000000004 1.0000000180025095e-35
decision_type=2 2 2 2 2 2 2 2 2 2 2 2 2 2 2 2 2 2 2 2 2 2 2 2 2 2 2 2 2 2
left_child=3 2 6 28 -4 7 14 -6 12 13 -9 -12 -5 -3 22 -10 -7 -11 27 25 -14 -22 24 -24 -2 -13 -26 -8 -1 -29
right_child=1 9 4 8 5 16 18 10 15 17 11 19 20 -15 -16 -17 -18 -19 -20 -21 21 -23 23 -25 26 -27 -28 29 -30 -31
leaf_value=-0.013679324262076676 -0.008319258052917191 0.00034249091140800829 -0.0036008769163636194 0.0019542646564350819 -0.0015705388607177605 -0.002427512671957727 -0.0066365862069934336 0.00013292948131822966 -0.0068214004157810459 -0.0010287448521710961 0.0091404898497768807 0.00035987522462535386 -0.0092132539311363306 0.0023215843291106786 0.0010970603300519645 -4.0989852033758228e-05 0.0056071015355725479 0.0036165573965880912 0.00033172105821810426 0.0038209798470992314 -0.0083549848762301607 -0.0032362517794750482 0.0062150478192945476 -0.0014637561848600781 -0.0049259713570768441 0.0029738761943372146 -0.0008960229770426536 -0.0046489746287441342 -0.0083638654687164301 0.0013786164837013863
leaf_weight=856.5067812204361 369.47288596630096 7703.0779719352722 1497.9940854310989 227.7519069314003 2005.6988217830658 2716.3053413629532 1596.7961645126343 4384.6305013895035 433.14407783746719 655.44785404205322 447.45686173439026 3626.5628167390823 1251.9202054738998 8587.2082864046097 2167.680872797966 1056.9513043761253 236.55911505222321 7352.5734592676163 520.64731895923615 3143.0795737504959 819.45916855335236 1141.5729479193687 296.35057628154755 1042.1343694925308 1070.1746211051941 2684.9484041929245 1629.5326632261276 869.66042220592499 589.11415135860443 385.38025009632111
leaf_count=1497 328 2732 718 214 961 1291 1089 1782 381 169 146 1731 1326 2642 963 871 91 1677 314 921 897 1117 146 577 676 891 959 571 961 193
internal_value=-2.71742e-05 0.000720217 -0.00028955 -0.00647257 0.000586249 0.000912163 -0.00211577 0.00140079 -0.00499475 0.00199565 0.00181794 0.00256406 -0.00628655 0.00138574 -0.00108147 -0.00201193 -0.00178385 0.00323634 -0.00413236 0.00225282 -0.0068707 -0.00537522 -0.00215286 0.000236388 -0.00319482 0.00147188 -0.00249351 -0.00494734 -0.0115132 -0.00279811
internal_weight=61365.8 54989.4 30691.1 6376.42 20743.2 19245.2 9947.83 16292.4 4930.8 24298.3 14286.7 9902.05 3440.7 16290.3 6575.35 1490.1 2952.86 8008.02 3372.48 9454.59 3212.95 1961.03 4407.67 1338.48 3069.18 6311.51 2699.71 2851.84 1445.62 1255.04
internal_count=28832 21568 14348 7264 8532 7814 5816 6432 4806 7220 5471 3689 3554 5374 3649 1252 1382 1846 2167 3543 3340 2014 2686 723 1963 2622 1635 1853 2458 764
is_linear=0
shrinkage=0.05


Tree=91
num_leaves=31
num_cat=0
split_feature=5 3 1 1 4 5 4 4 6 6 4 2 2 3 3 1 0 2 0 4 1 6 5 1 0 6 5 0 4 2
split_gain=34.354 24.4256 13.8743 9.50716 9.24473 8.73487 8.4709 7.80873 7.17131 6.8949 6.35994 6.33158 5.92741 5.57274 5.20965 4.89251 7.59023 4.8293 4.71974 4.68005 4.56897 4.24066 6.72315 4.23016 5.93934 4.17558 4.04988 3.92126 3.85932 3.85371
threshold=4.5000000000000009 1.0000000180025095e-35 11.500000000000002 2.5000000000000004 734.50000000000011 1.5000000000000002 742.50000000000011 561.50000000000011 200.50000000000003 135.50000000000003 569.50000000000011 18562.500000000004 12653.000000000002 1.5000000000000002 1.0000000180025095e-35 11.500000000000002 68.500000000000014 9186.5000000000018 49.500000000000007 622.50000000000011 3.5000000000000004 154.50000000000003 1.5000000000000002 15.500000000000002 53.500000000000007 144.50000000000003 1.5000000000000002 22.500000000000004 805.50000000000011 5308.5000000000009
decision_type=2 2 2 2 2 2 2 2 2 2 2 2 2 2 2 2 2 2 2 2 2 2 2 2 2 2 2 2 2 2
left_child=1 2 5 18 10 28 8 -5 11 12 -4 14 27 21 20 16 -8 23 -3 -15 -2 22 -9 -12 -25 -17 -19 -7 -1 -11
right_child=6 3 4 7 -6 9 15 13 -10 29 17 -13 -14 19 -16 25 -18 26 -20 -21 -22 -23 -24 24 -26 -27 -28 -29 -30 -31
leaf_value=-0.0044237418840079286 -0.0015562440951682453 -0.0001023201929053221 0.0040949312365950036 0.0064127230617998009 -0.0030484607628119879 0.0009456416840027288 -0.004459282274611915 -0.0028531679476281671 0.0093837042647851379 -0.0071347206780355806 -0.0045726346351036154 0.0068086095946049896 -0.0013758645793035111 0.0083850932028903084 0.0033576336526519434 -0.00017329110110984617 0.005004628645934095 -0.0018340371950105044 -0.0053997916974796532 0.0022818153191101836 0.0017127036950770999 0.0026584192536661961 0.00077695235295134276 0.0031130637625763451 -0.0041154662962076234 0.0066299149122841863 0.00096813548139433917 -0.0044542825966500943 -0.012842047733507611 -0.00019939786490180079
leaf_weight=3403.4902656674385 1269.7105294466019 879.60724866390228 962.86166751384735 721.78504729270935 2701.9204085469246 364.69579041004181 1148.7491239309311 1592.6394701004028 358.05135101079941 209.10399800539017 1029.2926043272018 708.01215755939484 3818.2096285820007 383.87012696266174 4267.9402449727058 817.24615430831909 259.77165675163269 1611.203853726387 805.47731077671051 1728.0757277011871 6759.1067047119141 1942.6881894469261 6404.6944696307182 628.07935696840286 518.97771441936493 311.51479315757751 6456.0767958164215 4301.8441663980484 141.81773257255554 4758.4503228068352
leaf_count=2501 615 450 402 232 1535 218 547 799 109 128 555 217 2073 106 1171 305 122 950 422 610 2547 772 2509 341 276 110 2821 2710 106 2548
internal_value=-9.97969e-05 -0.000800756 -0.00159431 0.000895486 -0.000423173 -0.00255261 0.00190012 0.00136116 0.00240301 -0.00197073 0.000209793 0.00221081 -0.00283687 0.00105862 0.00194609 -0.000748376 -0.00271387 -0.000155395 -0.00263453 0.00339116 0.00119574 0.000563032 5.40273e-05 -0.00224558 -0.000157433 0.00170425 0.000408483 -0.00403227 -0.00476049 -0.000491333
internal_weight=61265 45364.9 30906 14458.8 13908.4 16997.6 15900.1 12773.8 13362.8 13452.3 11206.5 13004.8 8484.75 12052 12296.8 2537.28 1408.52 10243.6 1685.08 2111.95 8028.82 9940.02 7997.33 2176.35 1147.06 1128.76 8067.28 4666.54 3545.31 4967.55
internal_count=28807 23064 17164 5900 6880 10284 5743 5028 4659 7677 5345 4550 5001 4796 4333 1084 669 4943 872 716 3162 4080 3308 1172 617 415 3771 2928 2607 2676
is_linear=0
shrinkage=0.05


Tree=92
num_leaves=31
num_cat=0
split_feature=7 7 5 7 6 1 1 4 4 2 4 6 2 2 1 4 4 3 5 4 5 3 6 2 6 4 3 4 7 4
split_gain=124.752 26.1357 18.3708 15.7644 11.9362 9.92165 8.73942 8.46425 7.86579 7.75968 8.42955 7.54092 8.1012 7.42947 6.72248 6.47582 5.63165 6.39092 5.25402 5.01564 4.8497 4.84474 5.10478 4.70723 4.43376 4.17478 4.17137 3.85772 3.81397 3.77506
threshold=3.5000000000000004 10.500000000000002 3.5000000000000004 1.5000000000000002 156.50000000000003 7.5000000000000009 12.500000000000002 583.50000000000011 725.50000000000011 7434.5000000000009 743.50000000000011 144.50000000000003 16223.500000000002 18410.500000000004 15.500000000000002 650.50000000000011 565.50000000000011 1.0000000180025095e-35 2.5000000000000004 738.50000000000011 3.5000000000000004 1.0000000180025095e-35 72.500000000000014 7936.0000000000009 119.50000000000001 745.50000000000011 1.5000000000000002 728.50000000000011 5.5000000000000009 677.50000000000011
decision_type=2 2 2 2 2 2 2 2 2 2 2 2 2 2 2 2 2 2 2 2 2 2 2 2 2 2 2 2 2 2
left_child=3 2 4 -1 5 26 18 -6 21 -4 14 12 20 -12 -11 -16 -8 -18 -5 -13 29 28 -23 -20 -25 -9 -2 -14 -7 -3
right_child=1 11 9 6 7 8 16 25 -10 10 13 19 27 -15 15 -17 17 -19 23 -21 -22 22 -24 24 -26 -27 -28 -29 -30 -31
leaf_value=-0.011257711829848286 -0.0036911266183289313 0.0013396110574038606 -0.0018501411591194976 -0.00980054649069435 0.0088450673947498559 -0.0034180250259317271 0.0071615047654858864 0.0015284658848773067 -0.0032287363670113201 0.0013903354592096017 -0.0020872047428175445 0.004803690722059259 0.0059494681047157919 0.0071631239420735394 0.0064076280175823196 0.0019365882495025019 -0.0053965993511169126 0.0011882445529872436 -0.011025299226184311 0.00034609485417444241 0.0022816015106371453 -0.0039094392980998953 0.0025460733997208079 -0.0070088114781208634 -0.001781879908356823 -0.0031761595653220635 0.0025868162335239732 0.00033721236579959188 -0.00018587315585982171 -0.0013922472067673152
leaf_weight=1444.19724214077 5113.979153752327 2757.0920239686966 1903.9019898176193 1067.955314218998 356.35450303554535 1148.9292480349541 135.97672086954117 2832.1861168146133 2451.3288758993149 10612.289783239365 2211.7608968019485 3958.4306168556213 1460.4239723682404 240.68224275112152 1495.0270384550095 1767.176978468895 1217.0229333043098 528.4902418255806 315.12682646512985 750.73405146598816 4974.0202548503876 351.34135675430298 2385.3586198091507 796.83717632293701 826.55796843767166 565.73870807886124 279.0333137512207 387.42012977600098 4439.3239284753799 2336.0480391979218
leaf_count=2486 3128 906 800 1267 141 833 106 1352 1318 3801 931 1011 348 84 379 536 1160 387 319 250 1213 139 830 769 787 319 122 117 2003 943
internal_value=-2.34807e-05 0.000744599 2.36923e-05 -0.00666802 -0.0010258 -0.00161551 -0.00531195 0.00151401 -0.000739324 0.00117064 0.00152289 0.00239916 0.00172968 -0.00117938 0.00200054 0.00398561 -0.0026394 -0.0034029 -0.00698446 0.00409306 0.00117112 -6.3027e-06 0.00171731 -0.00543304 -0.0043475 0.000745168 -0.00336631 0.0047728 -0.000850395 8.66017e-05
internal_weight=61110.7 54778.6 38154.4 6332.16 19923.6 16169.3 4887.97 3754.28 10776.3 18230.8 16326.9 16624.2 11915 2452.44 13874.5 3262.2 1881.49 1745.51 3006.48 4709.16 10067.2 8324.95 2736.7 1938.52 1623.4 3397.92 5393.01 1847.84 5588.25 5093.14
internal_count=28785 21504 16716 7281 10185 8373 4795 1812 5123 6531 5731 4788 3527 1015 4716 915 1653 1547 3142 1261 3062 3805 969 1875 1556 1671 3250 465 2836 1849
is_linear=0
shrinkage=0.05


Tree=93
num_leaves=31
num_cat=0
split_feature=3 5 1 2 3 4 6 5 0 2 4 6 0 6 0 6 1 0 3 5 6 4 2 4 2 2 0 2 6 1
split_gain=29.979 28.7807 17.3287 13.518 12.3668 11.9555 8.20657 7.14467 7.12592 6.91013 6.04791 5.92833 5.51364 6.31382 5.3317 5.15247 6.27329 5.06966 4.66192 4.61451 5.20702 4.97934 4.16658 3.8028 4.09713 3.79791 3.70232 3.54821 3.46442 3.28997
threshold=2.5000000000000004 4.5000000000000009 4.5000000000000009 7865.5000000000009 1.0000000180025095e-35 807.50000000000011 102.50000000000001 1.5000000000000002 39.500000000000007 14359.500000000002 579.50000000000011 205.50000000000003 30.500000000000004 74.500000000000014 77.500000000000014 103.50000000000001 17.500000000000004 28.500000000000004 1.0000000180025095e-35 1.5000000000000002 134.50000000000003 728.50000000000011 16609.500000000004 684.50000000000011 18269.000000000004 9720.5000000000018 76.500000000000014 17010.500000000004 111.50000000000001 5.5000000000000009
decision_type=2 2 2 2 2 2 2 2 2 2 2 2 2 2 2 2 2 2 2 2 2 2 2 2 2 2 2 2 2 2
left_child=1 2 10 15 5 7 25 8 -5 12 -1 18 -9 -14 22 -4 -17 -11 27 21 -21 -12 -6 -24 -25 -3 -19 -8 -7 -20
right_child=-2 6 3 4 14 28 11 9 -10 17 19 -13 13 -15 -16 16 -18 26 29 20 -22 -23 23 24 -26 -27 -28 -29 -30 -31
leaf_value=0.0015108572941967091 0.015439435445449604 -0.0024451748724048541 -0.0050326221800114984 0.00065189195169301827 0.00090868970089091276 -0.0031172149683316918 0.0011475536865522707 0.0016171854002923242 -0.0037322682721880073 -0.001543421226956861 -0.0036703494070711553 0.0095285184301651393 -0.0051204869733042094 -0.00070367892112916915 0.0072419247889905477 -0.0025212203768937473 0.0035237652625951608 0.0019231540615362386 0.00095865837872704466 -0.0034420006522310961 -0.00058185065702171651 -0.0095113461492917339 0.0057326055271257172 0.0047795243046087951 -0.0029839127477363104 0.00082749268786220663 0.0077602788792683376 0.00447449638610451 -0.010569634342973437 0.0045895077932613729
leaf_weight=814.34701013565063 312.89810228347778 1170.4741892814636 1581.0761460661888 1432.4310235381126 7850.2740694284439 278.64710855484009 6232.4798447489738 2223.3607379794121 2625.9661643505096 1060.7302914261818 1432.0204492807388 292.51013731956482 908.22474110126495 7415.3638334274292 405.34822672605515 2622.3723590373993 513.17265766859055 4300.5456471443176 802.70130789279938 4306.3010614514351 2523.9804387688637 489.62264156341553 948.89479291439056 334.3601735830307 345.61127126216888 3654.0080537796021 289.97030401229858 919.67715257406235 354.14661544561386 2800.9325948357582
leaf_count=427 98 533 899 926 3013 166 2496 1120 1719 469 1019 92 513 3750 142 1463 240 1915 282 2558 1369 379 298 124 124 1312 131 302 217 701
internal_value=2.36747e-06 -7.69082e-05 -0.000721899 -0.000212816 0.000169212 -0.00052027 0.00175397 -0.000308853 -0.00218486 0.000161173 -0.00261058 0.00250525 -0.000594769 -0.00118562 0.00162633 -0.00270538 -0.00153188 0.00157199 0.00231425 -0.00299407 -0.0023851 -0.0051586 0.00138619 0.0036875 0.000833577 3.35064e-05 0.00229187 0.00157536 -0.007288 0.00378074
internal_weight=61242.4 60929.6 45056.8 35490.5 30773.9 20889.4 15872.8 20256.6 4058.4 16198.2 9566.27 11048.3 10546.9 8323.59 9884.49 4716.62 3135.55 5651.25 10755.8 8751.92 6830.28 1921.64 9479.14 1628.87 679.971 4824.48 4590.52 7152.16 632.794 3603.63
internal_count=28797 28699 22981 17229 14627 10926 5718 10543 2645 7898 5752 3873 5383 4263 3701 2602 1703 2515 3781 5325 3927 1398 3559 546 248 1845 2046 2798 383 983
is_linear=0
shrinkage=0.05


Tree=94
num_leaves=31
num_cat=0
split_feature=7 7 3 1 6 3 7 2 4 4 7 7 6 4 1 2 6 4 6 4 2 4 3 2 6 4 2 1 0 4
split_gain=125.608 26.3841 20.2928 16.3865 12.4545 11.0697 10.0895 9.07641 8.90201 8.79714 7.65496 7.25792 6.49748 5.6447 5.58206 5.52716 5.35049 5.23134 4.1464 4.03351 5.32272 3.92267 3.7509 3.65483 3.58814 3.35672 3.39163 3.31716 3.30818 3.26922
threshold=4.5000000000000009 1.5000000000000002 2.5000000000000004 6.5000000000000009 70.500000000000014 1.5000000000000002 11.500000000000002 15021.500000000002 533.50000000000011 622.50000000000011 10.500000000000002 2.5000000000000004 172.50000000000003 690.50000000000011 18.500000000000004 12078.500000000002 157.50000000000003 569.50000000000011 110.50000000000001 662.50000000000011 8451.5000000000018 738.50000000000011 1.0000000180025095e-35 12404.500000000002 87.500000000000014 807.50000000000011 18727.000000000004 3.5000000000000004 45.500000000000007 652.50000000000011
decision_type=2 2 2 2 2 2 2 2 2 2 2 2 2 2 2 2 2 2 2 2 2 2 2 2 2 2 2 2 2 2
left_child=1 -1 3 10 -5 8 7 9 -3 18 16 -10 14 -7 22 -13 19 -12 -6 29 -21 24 -11 -17 27 26 -22 -19 -14 -2
right_child=2 5 -4 4 6 13 -8 -9 11 12 17 15 28 -15 -16 23 -18 21 -20 20 25 -23 -24 -25 -26 -27 -28 -29 -30 -31
leaf_value=-0.011488920269401553 -0.0011237989623870842 0.0067519987254447012 0.014753076788170309 -0.0012938557623866772 0.00048824238087148795 0.0088499156287443186 0.0037364102262124593 0.0029384193294577574 -0.0073727553035974284 -0.0010139103604494379 0.0074830620917595821 -0.0054306251637481371 0.0055938527791272192 -0.0029885033779790109 0.003153104497914839 0.0041204837369753075 0.0010669760162467163 -0.0055406040241605106 0.003692635650569698 -0.0065828416864214465 -0.002062289198944241 -0.0022291200351568646 0.00081950247509933222 -0.0028248757016308443 0.0022384814134274282 -0.0081782763380101042 0.0044623554723116311 0.0016990732496761467 0.0011447960668370593 0.0035349010155865967
leaf_weight=1420.5030015707016 3115.3152233362198 170.98745691776276 266.53299117088318 3617.9527758359909 1443.6650202274323 239.0200657248497 5569.6215035915375 7103.581139922142 2004.9826815724373 8288.7700591087341 307.93201327323914 2879.0678064227104 780.6563435792923 173.98660576343536 1215.0507757663727 203.80142176151276 1988.7056002616882 316.24797165393829 3357.0693851709366 775.49444055557251 3375.5031833648682 887.1624481678009 4204.8803795576096 2683.5554753541946 2887.2000788450241 210.19772672653198 211.66462874412537 316.64252173900604 898.9737765789032 428.35738134384155
leaf_count=2474 1409 123 61 1357 503 146 1388 2233 2302 3634 83 2333 287 125 437 156 878 118 1032 451 1793 360 1303 2014 999 118 95 114 317 212
internal_value=7.27632e-06 -0.00518914 0.000992392 0.000920899 0.00149048 -0.00411811 0.00179702 0.00140124 -0.00453312 0.000860383 -0.000481108 -0.00478142 0.000277421 0.00386277 -8.22089e-05 -0.00388041 -0.00125733 0.00118244 0.00272902 -0.00182683 -0.00280804 0.000742219 -0.000396854 -0.00233464 0.00149108 -0.00203715 -0.0016773 -0.00191851 0.00321262 -0.000560658
internal_weight=61343.1 9775.9 51567.2 51300.6 36480.2 8355.4 32862.3 27292.6 7942.39 20189.1 14820.4 7771.41 15388.3 413.007 13708.7 5766.42 10105.2 4715.19 4800.73 8116.53 4572.86 4407.25 12493.7 2887.36 3520.09 3797.37 3587.17 632.89 1679.63 3543.67
internal_count=28855 9673 19182 19121 12491 7199 11134 9746 6928 7513 6630 6805 5978 271 5374 4503 4956 1674 1535 4078 2457 1591 4937 2170 1231 2006 1888 232 604 1621
is_linear=0
shrinkage=0.05


Tree=95
num_leaves=31
num_cat=0
split_feature=7 3 7 7 5 7 3 4 3 6 1 4 0 1 0 4 6 0 1 4 5 5 6 5 4 6 1 0 6 4
split_gain=109.387 26.6662 23.9931 17.1138 12.3459 9.00653 8.40018 8.4411 7.81148 7.18147 6.66487 6.24323 6.16167 6.00985 5.77915 5.20583 5.33089 5.00532 4.56434 4.7512 4.50932 4.43989 5.12463 4.4244 4.42184 4.01903 3.9913 3.77157 4.26821 3.75976
threshold=3.5000000000000004 2.5000000000000004 6.5000000000000009 1.5000000000000002 1.5000000000000002 11.500000000000002 1.0000000180025095e-35 591.50000000000011 1.0000000180025095e-35 181.50000000000003 17.500000000000004 541.50000000000011 22.500000000000004 4.5000000000000009 77.500000000000014 731.50000000000011 156.50000000000003 38.500000000000007 9.5000000000000018 707.50000000000011 2.5000000000000004 4.5000000000000009 135.50000000000003 3.5000000000000004 727.50000000000011 185.50000000000003 16.500000000000004 76.500000000000014 98.500000000000014 635.50000000000011
decision_type=2 2 2 2 2 2 2 2 2 2 2 2 2 2 2 2 2 2 2 2 2 2 2 2 2 2 2 2 2 2
left_child=3 2 6 -1 15 9 7 -2 11 10 12 -5 -6 -9 21 16 17 -4 -10 -20 -13 22 24 25 -14 -15 -8 28 29 -22
right_child=1 -3 4 8 5 -7 26 13 18 -11 -12 20 14 23 -16 -17 -18 -19 19 -21 27 -23 -24 -25 -26 -27 -28 -29 -30 -31
leaf_value=-0.011263214760846015 0.0020324453967619223 0.014961150188614866 0.0015042335510581436 0.005836346457254055 0.0032773477114951158 0.0030403217765040402 -0.00023800152581401895 -0.0055616549557689215 -0.0048891533134327704 0.0039359381526140715 0.0030110363354376793 -0.0092151295648187741 -0.00036261986376900387 -0.0038045626836081823 0.0043965639510430646 -0.0037964920093460962 0.00331765958010712 -0.00221729931437184 0.0033267189927467418 -0.0050207707312867342 -0.0026367265994257497 0.0012605942145777146 0.0010765645862399016 -0.00064970562085135328 -0.0028386033487763753 0.0046505166913277914 0.0038625028596252181 0.0035949052241649685 -0.0043602702659883237 -0.011964078215859767
leaf_weight=1385.812336653471 1003.2868111729622 322.94209206104279 1355.6876864433289 102.72092515230179 1933.708633184433 7255.220552444458 3074.2625089287758 1606.3227117657661 694.57985353469849 2035.445368885994 3169.8650954961777 1139.9926584362984 7739.1075670719147 2958.4247424006462 841.72120344638824 1274.2019222974777 879.31453287601471 2708.7428158521652 536.29807078838348 249.89279341697693 146.44561630487442 6492.9441515207291 4583.9102939367294 2752.3247393369675 2350.9979078769684 147.55875813961029 735.40256977081299 112.58024227619171 1424.1050987243652 411.96447455883026
leaf_count=2443 539 78 601 94 660 1862 1506 1180 662 588 872 1371 2842 2116 281 688 374 1230 394 200 142 1805 1591 1419 1018 99 288 111 1380 427
internal_value=-7.17467e-05 0.000635504 0.000551233 -0.00636654 0.00111225 0.00146395 -0.00139631 -0.00227354 -0.00495826 0.00107158 0.000856536 -0.00629915 0.00057129 -0.00285229 0.000333533 -0.000946784 -0.0002123 -0.000975985 -0.00193578 0.000673448 -0.00668447 0.000171963 -0.000309733 -0.0021094 -0.000939525 -0.00340288 0.000553544 -0.00530748 -0.00581302 -0.00951794
internal_weight=61425.8 55221.4 54898.5 6204.39 42620.9 36402.9 12277.6 8467.92 4818.58 29147.7 27112.3 3337.81 23942.4 7464.63 22008.7 6217.95 4943.75 4064.43 1480.77 786.191 3235.09 21167 14674 5858.31 10090.1 3105.98 3809.67 2095.1 1982.52 558.41
internal_count=28861 21637 21559 7224 14412 11519 7147 5353 4781 9657 9069 3525 8197 4814 7537 2893 2205 1831 1256 594 3431 7256 5451 3634 3860 2215 1794 2060 1949 569
is_linear=0
shrinkage=0.05


Tree=96
num_leaves=31
num_cat=0
split_feature=7 7 7 5 5 4 5 3 4 0 2 2 2 2 3 6 4 2 7 6 0 4 6 4 3 4 4 6 2 4
split_gain=105.044 23.2181 16.719 11.9867 9.96286 9.79107 8.29036 7.2548 6.87407 6.65799 8.11277 6.24793 6.17912 5.74233 6.16112 6.19796 4.76261 4.48304 6.07513 4.43671 4.55675 6.00235 4.43071 4.19491 4.02547 3.99137 3.92108 3.80145 3.74857 5.09561
threshold=3.5000000000000004 6.5000000000000009 1.5000000000000002 1.5000000000000002 4.5000000000000009 556.50000000000011 4.5000000000000009 1.0000000180025095e-35 738.50000000000011 37.500000000000007 7865.5000000000009 18269.000000000004 18727.000000000004 16448.500000000004 1.0000000180025095e-35 137.50000000000003 723.50000000000011 14457.500000000002 2.5000000000000004 64.500000000000014 42.500000000000007 722.50000000000011 111.50000000000001 589.50000000000011 1.0000000180025095e-35 639.50000000000011 644.50000000000011 84.500000000000014 9526.5000000000018 661.50000000000011
decision_type=2 2 2 2 2 2 2 2 2 2 2 2 2 2 2 2 2 2 2 2 2 2 2 2 2 2 2 2 2 2
left_child=2 4 -1 9 5 -2 17 16 13 22 -11 19 -10 14 15 28 -7 -4 -19 -6 21 -21 -3 -15 -12 -24 -20 -8 29 -5
right_child=1 3 6 8 11 7 27 -9 12 10 24 -13 -14 23 -16 -17 -18 18 26 20 -22 -23 25 -25 -26 -27 -28 -29 -30 -31
leaf_value=-0.011125552619212593 0.0054619073621660179 -0.0013434739778014166 -0.007151084091328661 0.00068938660896819006 -0.0061565585191405321 -0.0026104991728165168 -0.0077229064707603533 -0.0003593118977191917 -0.00038255793365601985 -0.0071778002562884989 -0.0022349727858070271 0.0087885033630837137 0.0064548806445888498 0.0070094446415540747 0.0026215756562338851 0.0022427989704307916 -0.0058165974323559494 -0.0076561935618304697 0.0060256593988150323 0.00070411562340947297 0.0027498836363975612 -0.0080855537195483971 0.0076810868034314049 0.0028062384419243447 0.001308320469701859 0.001453978034386423 -0.0027207383546006816 -7.0550494408337481e-06 0.00084367834368644426 -0.0033892750655984179
leaf_weight=1368.242360830307 407.70953726768494 787.71031355857849 2613.3910374641418 1639.976922750473 230.28263032436371 4502.9503399729729 189.98783028125763 2803.4381288290024 5904.6806846857071 637.34086835384369 2416.5394922494888 246.89324557781219 350.01754641532898 698.83484959602356 8586.2579320669174 6205.6590472459793 1559.486564040184 448.37639677524567 187.97647672891617 769.58081305027008 1600.8470861911774 259.79902803897858 384.49291515350342 3942.3924156427383 1199.4221802949905 778.06227266788483 402.55961227416992 999.10523092746735 7858.4677976369858 1436.5678265094757
leaf_count=2437 212 369 2806 620 116 2987 157 1423 2216 333 1225 98 108 160 2066 1966 1156 541 153 336 724 136 150 1050 435 371 354 804 2745 617
internal_value=-7.9623e-05 0.000613877 -0.00624525 0.0011652 -0.00129318 -0.00211421 -0.00486602 -0.00246261 0.00150948 -0.000867249 -0.00197644 0.00115707 7.01943e-08 0.00182036 0.00152833 0.000980692 -0.00343523 -0.0060466 -0.00326826 0.00049839 0.00108105 -0.00151426 0.00155176 0.00343912 -0.00105965 0.00351348 6.3371e-05 -0.00123986 0.000264442 -0.00121511
internal_weight=61417 55207.4 6209.64 42826.4 12381 9273.58 4841.4 8865.88 36622.9 6203.57 4253.3 3107.4 6254.7 30368.2 25726.9 17140.7 6062.44 3652.3 1038.91 2860.51 2630.23 1029.38 1950.27 4641.23 3615.96 1162.56 590.536 1189.09 10935 3076.54
internal_count=28871 21619 7252 14431 7188 5778 4815 5566 11548 2883 1993 1410 2324 9224 8014 5948 4143 3854 1048 1312 1196 472 890 1210 1660 521 507 961 3982 1237
is_linear=0
shrinkage=0.05


Tree=97
num_leaves=31
num_cat=0
split_feature=7 3 7 7 6 1 1 4 4 1 2 2 1 6 2 7 7 6 2 6 3 4 3 7 2 0 6 0 6 6
split_gain=93.6602 22.2111 21.0872 18.9061 12.7104 9.48461 8.1792 7.85235 6.67618 6.49559 5.9863 5.97936 5.83233 6.25014 5.22214 4.86465 4.5963 4.4765 5.48586 4.29768 4.28249 4.89654 4.1257 4.41174 4.35512 4.1192 4.92329 4.51561 3.81722 3.70483
threshold=3.5000000000000004 2.5000000000000004 9.5000000000000018 1.5000000000000002 102.50000000000001 6.5000000000000009 12.500000000000002 545.50000000000011 730.50000000000011 16.500000000000004 17256.500000000004 13496.500000000002 3.5000000000000004 79.500000000000014 7805.5000000000009 11.500000000000002 5.5000000000000009 114.50000000000001 18001.000000000004 141.50000000000003 1.0000000180025095e-35 569.50000000000011 1.0000000180025095e-35 6.5000000000000009 10871.500000000002 23.500000000000004 131.50000000000003 76.500000000000014 152.50000000000003 155.50000000000003
decision_type=2 2 2 2 2 2 2 2 2 2 2 2 2 2 2 2 2 2 2 2 2 2 2 2 2 2 2 2 2 2
left_child=3 2 4 -1 9 8 17 -7 16 14 22 28 13 -4 -2 25 -6 -5 -19 -18 21 -8 23 29 -24 26 -14 -27 -10 -9
right_child=1 -3 12 6 5 7 20 10 11 -11 -12 -13 15 -15 -16 -17 19 18 -20 -21 -22 -23 24 -25 -26 27 -28 -29 -30 -31
leaf_value=-0.011122513397047689 -0.005761888413934161 0.014215462945346122 -0.0056039272345954211 -0.0083549475613150792 -0.0031859766931080198 0.0074140123500506683 0.0069340218266652591 -0.002611976546335049 -0.0096297404984517151 0.00090550148698068144 0.0037771146223521939 -0.00042520815016973477 0.0066665950466055545 0.00056092782780213036 -0.0019798753030872674 0.0029649052480780671 -0.0012619552457239138 -0.0051251686715599529 0.0070182236782113487 0.0021603729476059861 0.0016364615657167431 -0.0043753395323459709 -0.00023606036475423155 0.00073635618101250671 0.0031089424464009379 0.00085321978630046582 -7.9663391221976526e-05 0.0050277796105256036 -0.0018685847144028649 0.0010511040790379207
leaf_weight=1356.9954632222652 1054.1565428972244 297.09516680240631 470.73294973373413 1259.5362354516983 1185.1248937249184 463.66254138946533 103.89352959394455 2430.5396066904068 539.490553855896 1719.463812828064 1511.9005056619644 526.5517909526825 739.77976047992706 3247.3167930841446 6803.2451137304306 7341.4675214290619 1894.5734635591507 1558.0516496300697 98.908897280693054 1778.4603021144867 591.33082181215286 1214.9256994128227 1624.4324493408203 5307.9093205928802 2426.7841686010361 11459.171508431435 426.26948297023773 686.60512673854828 224.29648888111115 964.05116021633148
leaf_count=2447 599 71 187 1368 823 165 85 1480 350 718 560 286 218 1201 3411 1916 921 1654 97 767 430 1185 612 2130 773 3364 117 194 135 553
internal_value=-7.3416e-05 0.000581143 0.000507261 -0.00590838 -0.00036994 0.00032188 -0.00444244 0.00101042 -0.00132759 -0.00187812 0.000802293 -0.00452452 0.00160342 -0.000219589 -0.00248727 0.0019316 -0.000478475 -0.00610817 -0.00440029 0.000395115 -0.00189913 -0.00348441 0.00044964 -0.000163939 0.00176768 0.00136173 0.00420038 0.00108921 -0.00735057 -0.00157168
internal_weight=61306.7 55123.1 54826 6183.64 30454.6 20877.8 4826.65 14729.3 6148.5 9576.87 14265.6 1290.34 24371.3 3718.05 7857.4 20653.3 4858.16 2916.5 1656.96 3673.03 1910.15 1318.82 12753.7 8702.5 4051.22 13311.8 1166.05 12145.8 763.787 3394.59
internal_count=28817 21551 21480 7266 14283 9555 4819 6273 3282 4728 6108 771 7197 1388 4010 5809 2511 3119 1751 1688 1700 1270 5548 4163 1385 3893 335 3558 485 2033
is_linear=0
shrinkage=0.05


Tree=98
num_leaves=31
num_cat=0
split_feature=5 3 2 6 4 4 4 1 3 1 1 2 4 1 2 1 6 4 1 2 2 0 4 2 2 1 5 6 2 4
split_gain=30.1173 19.6274 12.1344 10.8601 9.35285 8.67493 8.31474 7.63123 6.42595 6.66942 6.16075 6.16338 5.74059 5.92784 5.26808 4.82704 6.06781 5.6014 4.63048 4.56747 4.35846 4.31 4.26414 4.21565 3.97477 4.75635 4.55845 4.27239 3.94087 3.53783
threshold=1.5000000000000002 1.0000000180025095e-35 13411.500000000002 198.50000000000003 801.50000000000011 553.50000000000011 732.50000000000011 16.500000000000004 1.5000000000000002 4.5000000000000009 14.500000000000002 13698.500000000002 541.50000000000011 8.5000000000000018 16609.500000000004 2.5000000000000004 76.500000000000014 727.50000000000011 6.5000000000000009 10521.500000000002 8451.5000000000018 36.500000000000007 736.50000000000011 14507.500000000002 11993.500000000002 18.500000000000004 4.5000000000000009 68.500000000000014 19485.000000000004 577.50000000000011
decision_type=2 2 2 2 2 2 2 2 2 2 2 2 2 2 2 2 2 2 2 2 2 2 2 2 2 2 2 2 2 2
left_child=5 2 3 6 10 -1 12 15 9 20 -4 -12 -2 -14 -9 17 -17 -7 -8 -18 -3 -15 -10 -13 25 26 -11 -26 -29 -25
right_child=1 8 4 -5 -6 7 18 14 22 24 11 23 13 21 -16 16 19 -19 -20 -21 -22 -23 -24 29 27 -27 -28 28 -30 -31
leaf_value=0.0049762318420882553 0.0040486660640589927 -0.005248913735818192 0.00046312078101624199 0.0057189795432202161 -0.0058095590188377514 -0.0046515518364168276 -0.0057748682840708214 -0.0011488286509142886 0.0048155424322810503 -0.00052248209553274676 0.0097833079624378202 -0.0010803463359950185 -0.0020695269845224231 0.0014649083864551229 0.0064635805728536057 -0.0071645018098544415 -0.0045303492291384846 -0.012749771514847436 -0.0021079032040155761 -0.0014454260300722265 6.1781731789458996e-05 -0.00081536406882903661 -0.00037768561396865174 0.0085556015395711702 -0.0016570231524201135 0.0058303149757773986 0.002759381924694593 0.0027982716894458018 0.007703681132194916 0.0025656284799549945
leaf_weight=357.31663829088211 614.65621823072433 469.85877823829651 9324.9407275915146 584.32162481546402 499.4819547533989 884.63938719034195 1230.6870730221272 1351.3264417946339 2422.0093089938164 3459.939538359642 294.69060081243515 747.40244483947754 6283.0248193740845 3032.9913157224655 273.22538965940475 798.19919839501381 1815.3678754270077 281.46875220537186 2865.1451479792595 3538.7687782049179 2173.4722648262978 6542.0440971851349 472.36212277412415 272.5785927772522 494.12568706274033 453.36563348770142 1524.177675306797 5031.212180018425 445.70202380418777 2577.1226133108139
leaf_count=181 267 227 4359 258 264 631 823 741 659 1386 112 303 3608 1347 126 538 1253 230 1588 2188 996 3000 172 83 173 142 475 1582 121 973
internal_value=-4.34596e-05 0.000426782 -0.000251622 -0.00100271 0.000906694 -0.00266334 -0.00119366 -0.00296858 0.00182269 0.0013808 0.00116051 0.0028315 -0.000692384 -0.000876146 0.000131465 -0.00365673 -0.00309768 -0.00660626 -0.00320973 -0.0024914 -0.000882208 -9.30642e-05 0.00396801 0.00226198 0.00190513 0.000927138 0.000481135 0.00279574 0.00319747 0.00313858
internal_weight=61115.6 51815.3 34869.1 21152.9 13716.2 9300.31 20568.5 8943 16946.2 14051.9 13216.7 3891.79 16472.7 15858.1 1624.55 7318.44 6152.34 1166.11 4095.83 5354.14 2643.33 9575.04 2894.37 3597.1 11408.5 5437.48 4984.12 5971.04 5476.91 2849.7
internal_count=28806 22918 16985 10891 6094 5888 10633 5707 5933 5102 5830 1471 8222 7955 867 4840 3979 861 2411 3441 1223 4347 831 1359 3879 2003 1861 1876 1703 1056
is_linear=0
shrinkage=0.05


Tree=99
num_leaves=31
num_cat=0
split_feature=7 7 5 5 7 6 2 3 2 1 6 1 2 0 6 1 1 6 7 6 2 1 2 6 3 6 2 6 5 7
split_gain=92.9241 21.5851 14.9627 11.0143 9.88691 9.89886 8.1982 7.46114 7.00393 5.6305 5.51785 6.09082 5.29177 5.01139 5.33257 4.95775 4.70085 5.12925 4.03354 3.93118 3.91326 3.83338 5.47789 4.75311 4.16628 4.08659 3.96922 3.81489 3.41888 3.29453
threshold=4.5000000000000009 1.5000000000000002 3.5000000000000004 3.5000000000000004 8.5000000000000018 162.50000000000003 4583.5000000000009 1.5000000000000002 21148.500000000004 8.5000000000000018 106.50000000000001 13.500000000000002 14600.000000000002 77.500000000000014 73.500000000000014 12.500000000000002 9.5000000000000018 146.50000000000003 10.500000000000002 87.500000000000014 8679.5000000000018 16.500000000000004 12741.500000000002 86.500000000000014 1.0000000180025095e-35 125.50000000000001 8843.5000000000018 76.500000000000014 3.5000000000000004 11.500000000000002
decision_type=2 2 2 2 2 2 2 2 2 2 2 2 2 2 2 2 2 2 2 2 2 2 2 2 2 2 2 2 2 2
left_child=1 28 4 15 5 7 -4 9 10 -2 11 -8 16 14 -6 -3 -5 -18 -12 -14 -17 22 24 -24 25 -16 -26 -11 -1 -13
right_child=2 3 6 12 13 -7 8 -9 -10 27 18 29 19 -15 21 20 17 -19 -20 -21 -22 -23 23 -25 26 -27 -28 -29 -30 -31
leaf_value=-0.012485230717226006 -0.0038307884149042051 -0.0066204211210742275 -0.0036061760236881651 -0.0050886464771946714 -0.002117081458099667 0.0023844200264908732 -0.00035146868987856868 0.0040750612020460002 0.0081627884847897455 -0.0042451878481234535 0.0016879886070359377 0.0016629650682362445 -0.0048383865679526841 0.0053168105368157359 -0.0030642772134322083 -0.0080155674710929489 -0.0026421604611625254 0.0040233552848100021 0.0033653219098533031 0.0028146239814845937 -0.0020597474180823476 0.0027439579723359574 0.0067963239601437422 0.0012773065814357073 0.0042274358462016017 0.00012206487674923425 -0.00033566254959514313 -0.00059008828267930206 -0.007357414735505538 0.0058591960369463129
leaf_weight=802.00682961940765 3262.1413778662682 2693.7459573745728 713.84518802165985 1220.8330630064011 1618.0742657184601 1629.6947556734085 5290.5088775157928 501.65500605106354 428.8911554813385 852.60076117515564 10412.088745117188 2536.5927758216858 207.59467780590057 583.82391679286957 1945.7855834960938 341.98307126760483 1111.0057082772255 389.91259026527405 5465.5881049633026 875.41951268911362 1425.150953412056 2375.4930492639542 425.28852069377899 4717.2030549049377 757.14032280445099 2084.0572352409363 1286.0500947237015 4387.5252223014832 546.59350609779358 573.50545716285706
leaf_count=1510 2137 2827 250 1028 644 826 1848 201 98 452 3394 698 152 204 917 309 803 262 1183 603 1217 739 156 1653 246 900 391 2219 951 107
internal_value=-2.68673e-05 -0.00454166 0.000810325 -0.00358471 -2.27574e-05 -0.00120137 0.00167636 -0.00185039 0.00182898 -0.00220001 0.00171709 0.000680796 -0.00160839 0.00077082 0.000596316 -0.00527034 -0.00278464 -0.000910575 0.00226538 0.00134768 -0.00321234 0.000919358 0.000532901 0.00173373 -0.000483935 -0.00141644 0.00135527 -0.0011848 -0.0104069 0.00243675
internal_weight=61461.8 9614.25 51847.6 8265.65 26426.5 10633.6 25421 9003.92 24707.2 8502.27 24278.3 8400.61 3804.77 15792.9 15209.1 4460.88 2721.75 1500.92 15877.7 1083.01 1767.13 13591 11215.5 5142.49 6073.03 4029.84 2043.19 5240.13 1348.6 3110.1
internal_count=28925 9662 19263 7201 11685 5835 7578 5009 7328 4808 7230 2653 2848 5850 5646 4353 2093 1065 4577 755 1526 5002 4263 1809 2454 1817 637 2671 2461 805
is_linear=0
shrinkage=0.05


Tree=100
num_leaves=31
num_cat=0
split_feature=7 7 3 4 1 5 6 5 3 1 5 4 1 4 0 0 6 0 0 4 5 1 4 7 4 6 6 7 3 6
split_gain=89.504 30.8763 11.4366 11.4114 9.72426 9.53978 9.36306 7.63568 7.32254 7.31118 8.13625 6.24948 6.21354 5.64851 5.58619 5.46205 4.89269 4.29243 4.21829 4.12348 3.86879 3.81956 4.30678 3.78791 3.69904 3.61726 3.5746 4.08305 3.54441 3.36023
threshold=2.5000000000000004 6.5000000000000009 1.5000000000000002 683.50000000000011 4.5000000000000009 3.5000000000000004 83.500000000000014 4.5000000000000009 1.0000000180025095e-35 15.500000000000002 1.5000000000000002 696.50000000000011 18.500000000000004 556.50000000000011 76.500000000000014 77.500000000000014 202.50000000000003 20.500000000000004 19.500000000000004 734.50000000000011 1.5000000000000002 16.500000000000004 780.50000000000011 10.500000000000002 697.50000000000011 146.50000000000003 151.50000000000003 11.500000000000002 1.0000000180025095e-35 82.500000000000014
decision_type=2 2 2 2 2 2 2 2 2 2 2 2 2 2 2 2 2 2 2 2 2 2 2 2 2 2 2 2 2 2
left_child=8 2 4 9 11 18 -6 13 19 10 23 -2 17 -8 21 16 28 -7 -5 -1 -10 22 -15 29 -4 -23 27 -19 -12 -3
right_child=1 3 24 5 6 12 7 -9 20 -11 15 -13 -14 14 -16 -17 -18 26 -20 -21 -22 25 -24 -25 -26 -27 -28 -29 -30 -31
leaf_value=-0.0083029623620136227 -0.0025555937341956974 -0.0078636745013636721 0.0065587350115308349 0.0049813522749869617 -0.0043391632899483362 0.0057484760960158782 0.0049589117035292191 0.0019850872107397208 -0.011314532232937671 0.0033846938241988778 0.00091770023392332616 -0.0072030879020437526 0.0061300728414544377 -0.0022358172286710731 0.0047112046994924033 0.0063057599626303862 0.0075183281202931239 -0.00050335103065300235 -0.001126627276944578 -0.013384804006461127 -0.0027774751894360668 -0.0014775146915791786 -0.0078809549422889022 0.0011127886528356759 -0.00038228148426642334 0.0039563744310261648 0.0026595415517579289 0.0025372267437087639 0.0025704180777797415 -0.0016902612193443194
leaf_weight=1942.3582113683224 1883.3895506858826 262.29561042785645 551.16604542732239 291.84232926368713 1910.6786362528801 448.038325548172 339.06069707870483 2323.3826080560684 159.08564403653145 5855.2576756477356 9795.3291113376617 1174.3896370530128 628.24340963363647 4421.6358736157417 326.67049729824066 643.96928811073303 341.60192024707794 5013.1723409891129 8994.7794352769852 502.4264503121376 800.38854232430458 929.26652425527573 365.81817954778671 1102.4570453166962 294.51486074924469 456.82500720024109 1851.6627684831619 1415.9651925563812 4850.4210293292999 1380.7854510545731
leaf_count=2851 1365 141 215 130 1247 131 185 1134 230 1480 3344 944 142 2985 210 184 90 1650 4029 777 1024 569 273 423 153 249 511 357 1156 658
internal_value=-1.5725e-05 0.000447896 -0.00150652 0.00113059 -0.00184453 0.000200633 -0.00115528 -0.000491353 -0.0078946 0.00184608 0.00135584 -0.00434054 0.00132739 -0.00133263 -0.0016608 0.00179676 0.00160302 0.000981729 -0.000934677 -0.00934733 -0.00419296 -0.00199798 -0.00266717 -0.00115449 0.00414147 0.000313375 0.000723821 0.000166311 0.00146505 -0.00267576
internal_weight=61256.9 57852.6 14976.8 42875.8 14131.1 18643.7 11073.3 9162.66 3404.26 24232.1 18376.9 3057.78 9357.08 6839.28 6500.22 15631.3 14987.4 8728.84 9286.62 2444.78 959.474 6173.55 4787.45 2745.54 845.681 1386.09 8280.8 6429.14 14645.8 1643.08
internal_count=28837 23955 9529 14426 9161 6950 6852 5605 4882 7476 5996 2309 2791 4471 4286 4774 4590 2649 4159 3628 1254 4076 3258 1222 368 818 2518 2007 4500 799
is_linear=0
shrinkage=0.05


Tree=101
num_leaves=31
num_cat=0
split_feature=7 7 3 1 3 4 6 4 4 7 1 4 5 6 5 0 5 6 4 7 0 5 3 5 0 0 5 4 0 0
split_gain=90.0549 21.1253 15.5587 13.7709 9.90499 10.2369 8.78328 7.78748 7.3211 5.93144 5.86974 5.77898 5.30894 5.15259 4.83115 4.64278 4.54404 4.51809 4.38372 4.11347 3.9751 5.17374 3.96103 3.75415 3.5386 3.53233 3.79954 7.18474 3.30874 3.29786
threshold=4.5000000000000009 1.5000000000000002 2.5000000000000004 6.5000000000000009 1.0000000180025095e-35 533.50000000000011 83.500000000000014 672.50000000000011 621.50000000000011 11.500000000000002 12.500000000000002 611.50000000000011 1.5000000000000002 172.50000000000003 4.5000000000000009 26.500000000000004 2.5000000000000004 149.50000000000003 823.50000000000011 10.500000000000002 19.500000000000004 3.5000000000000004 1.0000000180025095e-35 3.5000000000000004 46.500000000000007 76.500000000000014 4.5000000000000009 651.50000000000011 39.500000000000007 62.500000000000007
decision_type=2 2 2 2 2 2 2 2 2 2 2 2 2 2 2 2 2 2 2 2 2 2 2 2 2 2 2 2 2 2
left_child=1 -1 3 7 5 -3 12 19 -8 13 25 -6 -5 18 -13 23 -9 -18 20 22 -10 -22 -2 -14 -24 26 29 -28 -16 -7
right_child=2 4 -4 6 11 10 8 16 9 -11 -12 14 15 -15 28 -17 17 -19 -20 -21 21 -23 24 -25 -26 -27 27 -29 -30 -31
leaf_value=-0.010386830955235495 -0.001176565284701826 0.0096768805770640065 0.012163674079425018 -0.0040585207357782009 0.0042768968469102837 -0.0067007055063033746 0.0029839341049540183 -0.0034682678957095553 0.005076928622468435 0.0028684061654496822 -0.0030456380620428975 -0.0034338331610185586 0.0074857871805316702 0.0029894416937768465 -0.0030692505277441426 -0.00052237743578306868 -0.0017146403096902471 0.001769421018885849 -0.004925990201224164 0.0022700144932363852 -0.0004009629362124185 0.0013991934758299674 0.004653997749284885 0.00062618061950755468 -0.00023374188912368471 0.00059396281261842347 0.0029086648186286037 -0.0073977592715088851 0.0051886618852835589 -0.011042135563278585
leaf_weight=1322.4917333722115 3454.1511262655258 120.26843136548996 298.70565128326416 890.67582881450653 432.89802253246307 1812.0579115748405 7167.460240483284 2462.431846678257 481.50560641288757 4159.1944217681885 2159.8790608048439 1589.1242527365685 351.22950851917267 2329.3677997589111 193.01457512378693 4406.1584959030151 3705.4462434053421 1242.5425733327866 366.77380800247192 2422.5736204385757 8287.5182189941406 7699.6518436670303 656.30456435680389 461.59081876277924 849.74813377857208 171.10337001085281 266.78270453214645 461.80748951435089 326.47157669067383 576.62473613023758
leaf_count=2456 1699 94 62 458 284 1956 2050 1507 176 1046 1854 1271 146 781 113 1510 1644 482 157 757 3648 2324 241 137 316 171 207 393 197 614
internal_value=-3.4398e-05 -0.00452717 0.000785406 0.000719276 -0.00357164 -0.00475213 0.0012396 -0.000568115 0.00158632 0.00115683 -0.00507065 -0.000985158 -0.000490737 0.00078538 -0.00206546 0.000118144 -0.00171317 -0.00083972 0.000480424 0.000581226 0.000600831 0.000466018 -0.000243582 0.0035903 0.00189623 -0.00640072 -0.00678465 -0.00362393 0.00212044 -0.00774872
internal_weight=61125.6 9432.52 51693 51394.3 8110.03 5568.52 36601.1 14793.2 30491.5 23324 5448.26 2541.51 6109.65 19164.8 2108.61 5218.98 7410.42 4947.99 16835.4 7382.78 16468.7 15987.2 4960.2 812.82 1506.05 3288.38 3117.27 728.59 519.486 2388.68
internal_count=28751 9610 19141 19079 7154 5289 12433 6646 10182 8132 5195 1865 2251 7086 1581 1793 3633 2126 6305 3013 6148 5972 2256 283 557 3341 3170 600 310 2570
is_linear=0
shrinkage=0.05


Tree=102
num_leaves=31
num_cat=0
split_feature=5 1 4 5 6 6 2 2 2 3 0 1 6 0 4 2 0 3 6 6 0 5 2 1 3 1 2 4 2 4
split_gain=24.2058 17.3787 10.2136 9.2877 7.79226 7.38921 7.35035 6.6314 6.57131 6.35805 5.98777 4.92808 4.87621 4.86293 4.72629 4.28628 4.25092 4.06327 3.93649 3.84408 4.74721 3.82627 3.71927 3.71279 3.71002 3.54924 4.919 4.11649 3.79717 3.44815
threshold=4.5000000000000009 11.500000000000002 683.50000000000011 1.5000000000000002 69.500000000000014 207.50000000000003 16448.500000000004 19728.000000000004 9186.5000000000018 1.0000000180025095e-35 28.500000000000004 18.500000000000004 135.50000000000003 65.500000000000014 730.50000000000011 11262.500000000002 22.500000000000004 1.0000000180025095e-35 102.50000000000001 82.500000000000014 65.500000000000014 2.5000000000000004 19485.000000000004 17.500000000000004 1.0000000180025095e-35 9.5000000000000018 8204.5000000000018 640.50000000000011 8989.5000000000018 711.50000000000011
decision_type=2 2 2 2 2 2 2 2 2 2 2 2 2 2 2 2 2 2 2 2 2 2 2 2 2 2 2 2 2 2
left_child=1 3 8 14 -4 7 12 9 10 -2 -3 15 16 22 -1 -6 -5 -13 29 -8 -21 -17 -10 -15 -18 26 27 -14 -28 -11
right_child=5 2 4 6 11 -7 19 -9 13 18 -12 17 25 23 -16 21 24 -19 -20 20 -22 -23 -24 -25 -26 -27 28 -29 -30 -31
leaf_value=-0.0026521566485958594 0.00050552251016538834 0.0046741414539500422 -0.0054472788192346825 0.0013144206749226648 -0.0024703268153592681 0.0095626501018249016 -0.0027179062928088474 0.0068619597830064556 0.0011291613158929765 0.0020220572792214067 -0.0019442074792897154 0.00045374697008672052 -0.0090214396530292462 0.0030546983963819748 -0.0062982639231226462 -0.0017386693481747921 -0.0031107152912536211 0.0068423800340218976 0.0035954883777312577 0.003225596709568495 -0.002038241400298884 0.001298774252894915 0.0062651018248532911 0.0083598622700745487 -0.00099707230839930186 0.0020958144866319475 0.0055679460194735632 -0.0018976202381369906 -0.00061017305990673462 -0.0030771835126266601
leaf_weight=3983.8376510739326 10009.951655626297 406.73269158601761 846.14650458097458 818.55328822135925 2658.8918955624104 284.9506915807724 513.31083053350449 544.31471174955368 6909.1244831383228 1255.0592251420021 2138.9502544999123 698.09719884395599 303.64707487821579 1511.6215440630913 1144.0288482308388 1730.1415811479092 6538.1897355318069 386.7812967300415 3567.3132435679436 1901.6311703622341 552.84923231601715 2587.2588043212891 371.44991636276245 421.82488918304443 3042.1036076843739 1182.9120065271854 266.47181376814842 610.51006361842155 3730.527951836586 450.53159469366074
leaf_count=2666 4029 188 466 456 1471 84 253 159 2790 357 961 365 143 597 880 950 4023 138 965 854 249 1005 115 175 1361 532 138 363 1919 155
internal_value=-8.17251e-05 -0.00067424 0.000394496 -0.00157253 -0.000882661 0.00158253 -0.0010737 0.00143885 0.00136187 0.0012457 -0.000886771 -0.000403533 -0.00148591 0.00198313 -0.0034656 -0.000891048 -0.00214406 0.00273142 0.00265085 0.00121704 0.00203997 8.15586e-05 0.00139119 0.00421214 -0.00243955 -0.000362853 -0.000955053 -0.00426387 -0.00019829 0.000675093
internal_weight=61367.7 45255.6 20667 24588.6 8907.32 16112.1 19460.7 15827.2 11759.7 15282.9 2545.68 8061.17 16492.9 9214.02 5127.87 6976.29 10398.8 1084.88 5272.9 2967.79 2454.48 4317.4 7280.57 1933.45 9580.29 6094.07 4911.16 914.157 3997 1705.59
internal_count=28807 23058 9221 13837 4395 5749 10291 5665 4826 5506 1149 3929 8935 3677 3546 3426 5840 503 1477 1356 1103 1955 2905 772 5384 3095 2563 506 2057 512
is_linear=0
shrinkage=0.05


Tree=103
num_leaves=31
num_cat=0
split_feature=7 7 3 5 5 4 7 2 6 1 4 4 2 1 4 6 1 6 4 3 4 1 2 4 6 1 6 6 7 2
split_gain=88.416 21.6493 16.2017 13.5489 10.7081 10.7979 10.3704 7.67899 8.61993 6.69254 6.31401 5.84962 5.7473 5.31741 4.96509 4.94568 6.57417 4.93704 4.59005 4.69084 4.38316 4.27631 4.01605 4.12883 3.95402 3.65404 3.47645 3.30377 3.16844 3.10247
threshold=4.5000000000000009 1.5000000000000002 2.5000000000000004 1.5000000000000002 2.5000000000000004 667.50000000000011 11.500000000000002 13367.500000000002 207.50000000000003 6.5000000000000009 731.50000000000011 659.50000000000011 14551.500000000002 16.500000000000004 809.50000000000011 148.50000000000003 16.500000000000004 81.500000000000014 565.50000000000011 1.0000000180025095e-35 634.50000000000011 2.5000000000000004 16223.500000000002 653.50000000000011 155.50000000000003 4.5000000000000009 122.50000000000001 135.50000000000003 8.5000000000000018 18727.000000000004
decision_type=2 2 2 2 2 2 2 2 2 2 2 2 2 2 2 2 2 2 2 2 2 2 2 2 2 2 2 2 2 2
left_child=1 27 3 10 -3 18 7 8 11 -7 13 -5 24 -2 17 16 -13 29 -6 22 -21 -12 23 -20 -11 -19 -15 -1 -18 -9
right_child=2 4 -4 6 5 9 -8 14 -10 12 21 15 -14 26 -16 -17 28 25 19 20 -22 -23 -24 -25 -26 -27 -28 -29 -30 -31
leaf_value=-0.012248773185559447 -0.001174603572828563 -0.0059783076880406136 0.012812964159365418 0.00096608982486737379 0.0056023272364804314 -0.0078511038198768243 0.0028080377241949325 0.00035196687354888763 0.0074722367169813043 -0.0056751926948316418 -0.010893975836285881 -0.0018681352536776335 0.0016994500925444573 -2.5842716798241596e-05 -0.0036803212575263443 0.001122920403865475 -0.0006087518087239662 0.00041229553763591845 -0.0049404663726896753 -0.00091934148238039491 0.0068476169761448854 -0.0030276416927283167 0.0037098890451660823 0.0024146031238220208 0.0010278604004072276 0.0026053747803710392 0.005566947862491318 -0.0069873874719627391 0.0038572674216235518 -0.0051375738942938259
leaf_weight=850.5231751203537 4810.8910588026047 2803.5711148381233 280.27033066749573 9197.3923094272614 343.39313787221909 895.26773136854172 7350.572539806366 1926.0376046895981 394.71848690509796 1106.8142306208611 197.34071564674377 7699.9694827795029 550.347043633461 578.54919302463531 427.91734528541565 2832.1314126253128 780.33027863502502 2355.2426342964172 952.79761117696762 397.32456356287003 334.62889295816422 1387.5113464593887 233.01321119070053 238.58579558134079 274.58581924438477 9812.4123457670212 534.60606908798218 459.59288260340691 808.7418714761734 297.07961130142212
leaf_count=1606 2462 2901 58 3209 247 863 1862 686 125 923 137 3448 401 248 164 1095 351 958 788 243 202 797 175 199 219 2986 210 853 243 98
internal_value=1.11267e-05 -0.00443828 0.000824035 0.000758652 -0.00347712 -0.00216069 0.00109448 0.000749698 0.000150835 -0.00427755 -0.00120396 1.52772e-05 -0.00262139 -0.000454034 0.00162719 -0.000706187 -0.00126386 0.00178501 0.000233309 -0.000621693 0.0026315 -0.00400713 -0.00229341 -0.00346754 -0.0043428 0.00218087 0.00266016 -0.0104031 0.00166418 -0.000381611
internal_weight=61112.2 9440.45 51671.7 51391.4 8130.33 5326.76 43882.5 36532 21713.3 2827.01 7508.9 21318.6 1931.75 5924.05 14818.7 12121.2 9289.04 14390.8 2499.74 2156.35 731.953 1584.85 1424.4 1191.38 1381.4 12167.7 1113.16 1310.12 1589.07 2223.12
internal_count=28757 9620 19137 19079 7161 4260 15225 13363 8471 2406 3854 8346 1543 2920 4892 5137 4042 4728 1854 1607 445 934 1162 987 1142 3944 458 2459 594 784
is_linear=0
shrinkage=0.05


Tree=104
num_leaves=31
num_cat=0
split_feature=7 7 7 2 1 1 6 4 3 1 6 6 2 6 2 2 4 3 0 6 4 1 2 4 7 2 6 4 7 4
split_gain=78.2617 19.8924 14.5906 10.9333 7.47582 7.46017 7.96338 6.19726 6.14766 6.13174 5.7556 5.64154 5.06488 5.65853 6.48453 4.70425 4.30737 4.25278 3.94874 3.89203 3.8594 3.81388 3.6088 3.58444 3.46621 3.43714 3.54211 3.38544 3.40146 3.25932
threshold=4.5000000000000009 2.5000000000000004 9.5000000000000018 6562.5000000000009 7.5000000000000009 4.5000000000000009 81.500000000000014 807.50000000000011 1.0000000180025095e-35 3.5000000000000004 79.500000000000014 145.50000000000003 8679.5000000000018 146.50000000000003 18410.500000000004 18269.000000000004 621.50000000000011 1.0000000180025095e-35 56.500000000000007 60.500000000000007 672.50000000000011 17.500000000000004 13143.500000000002 734.50000000000011 1.5000000000000002 10207.500000000002 98.500000000000014 545.50000000000011 7.5000000000000009 748.50000000000011
decision_type=2 2 2 2 2 2 2 2 2 2 2 2 2 2 2 2 2 2 2 2 2 2 2 2 2 2 2 2 2 2
left_child=1 8 3 -2 20 11 -7 15 23 10 -4 -5 -6 14 29 17 -11 27 22 -18 -3 -21 -15 24 -1 -12 -27 -8 -29 -14
right_child=2 4 9 5 12 6 7 -9 -10 16 25 -13 13 18 -16 -17 19 -19 -20 21 -22 -23 -24 -25 -26 26 -28 28 -30 -31
leaf_value=-0.010283222284575433 -0.003485955355663171 -0.0026351721029215097 -0.005250728610576392 -0.0023911536899268089 -0.0048872342877488697 -0.0015769639479492172 0.0053586473944012168 -0.0044822315921104481 -0.0038391594538524838 0.0033198324525091621 -0.0017207786956593152 0.0012016286403165675 -0.0015000018856573254 0.004417688049840887 0.0075211290866115908 0.0043093390001682835 -0.0016451178198550497 0.0023118832921089402 0.0073877223768818827 0.0014929694235132824 -0.0069128383930653825 0.003740477346564062 -0.0040297671908352522 -0.012399235750311632 -0.0058890171438698751 0.0067814124220946853 0.00092674264273111479 -0.00052530173577450474 0.0013326993641728927 -0.0069222186391906197
leaf_weight=735.59524527192116 2049.8226523399353 1022.7946627736092 485.22523605823517 3781.5125347971916 744.65836125612259 3094.3173880577087 349.47762501239777 469.35588312149048 952.82988300919533 4966.4114124774933 1071.035093665123 1536.6356711387634 1920.3349661231041 266.69444632530212 182.37799280881882 1237.1903531551361 856.18848514556885 4913.2040249109268 338.3308253288269 12985.219719529152 1088.3866638541222 2208.6303293704987 240.39041632413864 490.74702733755112 1150.9880936741829 300.53136157989502 1840.3473219871521 5221.3705948591232 4663.2583612203598 323.89484000205994
leaf_count=1411 1061 849 193 2045 581 1371 124 229 1261 1196 416 727 1367 189 120 424 282 1547 231 3832 1028 531 170 776 1411 115 652 2669 1814 261
internal_value=6.18686e-05 -0.00412198 0.000822413 2.59989e-05 -0.00243157 0.000310919 0.00075453 0.00118259 -0.00723251 0.0017027 -0.000175066 -0.00135305 -0.00116545 -0.000318439 -0.00154573 0.00134486 0.00203303 0.00110273 0.00320428 0.00163485 -0.00484046 0.00181967 0.000413058 -0.00859257 -0.00760236 0.000591716 0.00174861 0.000522239 0.000351245 -0.00228255
internal_weight=61487.8 9458.02 52029.7 27316.1 6127.86 25266.3 19948.2 16853.9 3330.16 24713.6 3697.14 5318.15 4016.68 3272.02 2426.61 16384.5 21016.4 15147.3 845.416 16050 2111.18 15193.9 507.085 2377.33 1886.58 3211.91 2140.88 10234.1 9884.63 2244.23
internal_count=28883 9655 19228 12011 4796 10950 8178 6807 4859 7217 1376 2772 2919 2338 1748 6578 5841 6154 590 4645 1877 4363 359 3598 2822 1183 767 4607 4483 1628
is_linear=0
shrinkage=0.05


Tree=105
num_leaves=31
num_cat=0
split_feature=7 3 7 7 5 5 1 2 5 2 4 6 4 4 4 2 2 2 4 7 7 5 4 2 1 4 6 1 2 3
split_gain=73.9647 18.3865 16.0916 13.4548 8.64532 8.46856 6.39316 6.16237 6.1229 7.45558 5.86367 5.37509 4.68352 4.66893 4.83603 4.49021 4.23231 4.11772 4.6155 3.7555 3.70262 3.6693 3.62347 5.29165 4.87837 3.60333 3.57773 3.36546 4.1389 3.88988
threshold=3.5000000000000004 2.5000000000000004 6.5000000000000009 1.5000000000000002 1.5000000000000002 3.5000000000000004 4.5000000000000009 21148.500000000004 2.5000000000000004 7865.5000000000009 741.50000000000011 207.50000000000003 565.50000000000011 683.50000000000011 659.50000000000011 11115.500000000002 9720.5000000000018 9769.5000000000018 681.50000000000011 11.500000000000002 9.5000000000000018 1.5000000000000002 581.50000000000011 16766.500000000004 1.5000000000000002 553.50000000000011 126.50000000000001 9.5000000000000018 14457.500000000002 1.0000000180025095e-35
decision_type=2 2 2 2 2 2 2 2 2 2 2 2 2 2 2 2 2 2 2 2 2 2 2 2 2 2 2 2 2 2
left_child=3 2 6 21 15 27 -2 10 13 -10 11 16 -7 14 -8 -4 26 18 -14 -17 -12 -1 23 -18 -24 -11 -6 -5 -29 -30
right_child=1 -3 4 5 7 12 8 -9 9 25 20 -13 17 -15 -16 19 22 -19 -20 -21 -22 -23 24 -25 -26 -27 -28 28 29 -31
leaf_value=-0.015106750535483011 -0.0032529364977046601 0.012386114429106133 -0.0024140496866270006 -0.0079090278069374673 -0.00059058766983010377 0.0070732312194591376 -0.0020206166272776862 0.0065443690679540248 -0.0038335274538013882 0.0072921484917639742 -0.001722804699680924 0.0068146887409363298 -0.0012592463773413607 -0.0043769251840506873 0.0041359436478868262 -0.00045159029354336825 0.0024153174188828595 -0.00089796101175768713 -0.010371270041587272 0.0034611326025416663 0.00083971951106127148 -0.0084302121609309902 -0.001353146944984136 0.0080201262953238147 0.0017468965151474034 0.00084306881320462342 0.0015885301514257308 -0.0060134086921708272 -0.0032890178512408243 0.0074968494864736434
leaf_weight=257.13512429594994 2581.5327903032303 330.50852072238922 2393.4634938240051 1176.1064330935478 4131.8260881900787 142.6220680475235 1297.7533494234085 553.01211965084076 885.89408993721008 225.70613098144531 2421.4007170200348 469.28396153450012 269.41005253791809 1425.2647878527641 422.92116940021515 2951.4709868431091 2260.9999577999115 1445.8050331473351 287.03841328620911 774.11424934864044 3373.721288561821 1030.5473093390465 1365.2171790599823 517.51339268684387 18016.145642280579 5365.6983445882797 3461.6817517280579 953.98261570930481 264.62091863155365 122.19222819805145
leaf_count=525 1774 74 1205 1465 1485 112 824 131 490 90 1061 119 240 1065 280 1370 561 1265 279 293 1094 1942 529 112 5251 2608 1104 1011 291 99
internal_value=5.77017e-05 0.000628348 0.000557557 -0.00523925 0.00101529 -0.00398958 -0.00104348 0.00130634 -0.000450776 0.000428178 0.00122591 0.00150527 -0.00168107 -0.00226049 -0.000507408 -0.000724211 0.00142153 -0.00230464 -0.00595959 0.000361408 -0.000230991 -0.00976344 0.00177061 0.00345924 0.00152853 0.0011034 0.000402815 -0.00595686 -0.00424447 0.000118181
internal_weight=61174.6 55225.1 54894.6 5949.46 42689.9 4661.78 12204.8 36570.8 9623.24 6477.3 36017.8 30222.7 2144.88 3145.94 1720.67 6119.05 29753.4 2002.25 556.448 3725.59 5795.12 1287.68 22159.9 2778.51 19381.4 5591.4 7593.51 2516.9 1340.8 386.813
internal_count=28749 21520 21446 7229 14315 4762 7131 11447 5357 3188 11316 9161 1896 2169 1104 2868 9042 1784 519 1663 2155 2467 6453 673 5780 2698 2589 2866 1401 390
is_linear=0
shrinkage=0.05


Tree=106
num_leaves=31
num_cat=0
split_feature=7 7 1 2 3 4 1 6 4 6 7 7 7 0 6 4 1 4 3 2 4 2 4 6 2 0 4 0 0 1
split_gain=76.8713 20.5179 11.8224 9.54534 7.65139 7.25218 6.57883 6.25022 6.19244 6.13772 5.8137 5.29545 4.88637 5.30575 5.47017 4.8497 4.65482 4.56511 4.48854 6.12202 4.56638 4.47782 4.42951 4.20314 4.69113 4.07091 4.06605 3.97727 3.79343 3.51997
threshold=2.5000000000000004 8.5000000000000018 11.500000000000002 12486.500000000002 1.5000000000000002 587.50000000000011 3.5000000000000004 103.50000000000001 565.50000000000011 69.500000000000014 1.5000000000000002 4.5000000000000009 11.500000000000002 23.500000000000004 136.50000000000003 722.50000000000011 9.5000000000000018 686.50000000000011 1.0000000180025095e-35 11068.500000000002 798.50000000000011 18269.000000000004 720.50000000000011 162.50000000000003 13496.500000000002 33.500000000000007 697.50000000000011 76.500000000000014 28.500000000000004 13.500000000000002
decision_type=2 2 2 2 2 2 2 2 2 2 2 2 2 2 2 2 2 2 2 2 2 2 2 2 2 2 2 2 2 2
left_child=10 2 3 7 21 -4 -3 -2 -9 26 -1 16 13 15 17 -8 -10 -15 20 -20 23 -5 -13 -11 -25 -23 -7 -12 -21 -14
right_child=1 6 5 4 -6 9 12 8 11 18 27 22 29 14 -16 -17 -18 -19 19 28 -22 25 -24 24 -26 -27 -28 -29 -30 -31
leaf_value=-0.010084186750866218 -0.0048250629925043883 -0.00037764943035444314 0.0039401556896391599 -0.001162844214298638 0.0062820265065877609 -0.00088223085116253966 0.0051029156312102685 0.0053218097243691379 -0.0068063030154982473 -0.00052904718675030786 -0.0062609929243786474 -0.00019242128663083709 0.0017544457210436006 0.0011070326217309599 0.0021099028240732787 -0.001267812384724825 0.0015173508335097766 -0.00095981295816167575 -0.00073644547731823177 0.0086401718415854041 -0.0063326484363932095 0.008217353739544268 -0.0040881786730244743 0.00023173539181491057 0.0072371680706916179 0.00059308425417780989 -0.0072022889984119836 0.0041334248969428188 0.0027628506851350744 0.0039578456547942802
leaf_weight=1268.2197739779949 2506.9732613563538 4907.6511391401291 1402.5308361053467 5562.7338107824326 425.89038395881653 609.67883431911469 1428.2287094593048 290.20524233579636 893.30487674474716 5244.8089184165001 1914.5561577677727 2611.9417066574097 4190.5360909700394 6467.7696523666382 6199.1520956754684 377.73562180995941 206.85768520832062 4551.8430409431458 1251.4101874828339 327.16415214538574 294.64847892522812 240.56923967599869 1012.4831237196922 602.52981251478195 396.052778840065 643.13489216566086 436.83045262098312 96.676103115081787 1707.0093568563461 3194.1378396749496
leaf_count=2451 1665 1912 542 3141 154 310 408 146 822 2819 2302 1379 1187 1905 1758 133 168 1616 508 111 188 126 605 312 176 322 256 114 589 716
internal_value=1.43343e-05 0.000435545 -0.000583723 -0.00155583 -0.000208788 0.000556422 0.00130346 -0.00278657 -0.00176749 0.000119832 -0.00743307 -0.00220295 0.00161586 0.00119213 0.000921711 0.00377041 -0.00524125 0.000253286 0.000507617 0.00201528 -0.000250033 -0.000637611 -0.0012807 3.70274e-05 0.00301019 0.00266863 -0.00352033 -0.00576135 0.00370812 0.0027075
internal_weight=61263.3 57983.8 26666.8 14394.1 6872.33 12272.7 31317.1 7521.77 5014.79 10870.1 3279.45 4724.59 26409.4 19024.7 17218.8 1805.96 1100.16 11019.6 9823.62 3285.58 6538.04 6446.44 3624.42 6243.39 998.583 883.704 1046.51 2011.23 2034.17 7384.67
internal_count=28841 23974 14339 8528 3743 5811 9635 4785 3120 5269 4867 2974 7723 5820 5279 541 990 3521 4703 1208 3495 3589 1984 3307 488 448 566 2416 700 1903
is_linear=0
shrinkage=0.05


Tree=107
num_leaves=31
num_cat=0
split_feature=5 3 4 2 1 4 2 4 6 5 6 1 4 6 4 2 3 4 6 6 6 4 6 4 0 1 2 2 1 6
split_gain=27.5418 14.7807 11.8743 11.3489 9.90717 7.17483 6.69235 6.51776 6.6853 6.21931 5.01992 4.60503 4.55684 4.25761 5.83289 4.54415 4.17984 3.7515 3.65389 3.56914 3.4952 3.2965 3.27651 3.14719 3.1371 2.99811 2.88224 2.86878 2.80607 4.17545
threshold=1.5000000000000002 1.5000000000000002 738.50000000000011 7509.5000000000009 3.5000000000000004 602.50000000000011 18727.000000000004 731.50000000000011 141.50000000000003 4.5000000000000009 116.50000000000001 2.5000000000000004 522.50000000000011 60.500000000000007 691.50000000000011 16031.500000000002 1.5000000000000002 601.50000000000011 101.50000000000001 97.500000000000014 57.500000000000007 723.50000000000011 117.50000000000001 736.50000000000011 42.500000000000007 2.5000000000000004 18269.000000000004 14551.500000000002 6.5000000000000009 68.500000000000014
decision_type=2 2 2 2 2 2 2 2 2 2 2 2 2 2 2 2 2 2 2 2 2 2 2 2 2 2 2 2 2 2
left_child=7 2 3 20 5 -5 28 8 16 12 25 -9 -6 14 -14 -15 21 -10 -13 -11 -2 26 -8 27 -12 -7 -1 -3 -4 -30
right_child=1 23 6 4 9 10 22 11 17 19 24 18 13 15 -16 -17 -18 -19 -20 -21 -22 -23 -24 -25 -26 -27 -28 -29 29 -31
leaf_value=-0.0037836897553981362 -0.0070987102795620058 0.0034868602026884772 -0.0032068374761155512 0.0025261185453666914 0.0063439243908098505 -0.0048605603061063415 -7.8152167348089277e-05 -0.011138070851512803 0.004852463236567686 0.00070129671911677623 -0.0024351368977198174 -0.0074023069437226668 -7.6940777632753389e-05 0.00048735996755759837 -0.0076951272671928741 0.0023990803467110783 0.0025218728390405446 -0.00048677723993365658 -0.0024329845101520647 0.0029041124757548387 -0.0013780210751039561 0.0032578255677287553 0.0080010730629094789 0.000263459796962812 0.0011633795537669591 -0.00037428474515519483 0.0013310827442796266 0.007180886514527857 -0.0056513038418107096 -0.0007685713418127553
leaf_weight=4288.3123013675213 284.81906023621559 1700.4445122480392 2388.7234388589859 1140.5433129072189 362.49097990989685 1524.8860699236393 238.3731187582016 270.24669298529625 404.28912630677223 2489.1735747158527 1071.709497153759 556.60889610648155 951.42579796910286 15310.097521603107 341.42365410923958 3900.3471519052982 343.67857071757317 1766.4587146639824 1102.861691057682 7038.4502888917923 4268.4302548468113 190.47896525263786 264.9987924695015 496.15974426269531 1392.701682060957 492.74216172099113 294.33859276771545 760.69617766141891 477.11015033721924 5319.8798312246799
leaf_count=2775 160 474 1470 524 141 875 103 233 205 867 557 402 429 6978 195 1528 141 1095 775 2237 2107 129 107 178 756 289 159 181 269 2573
internal_value=1.81698e-05 0.000462972 0.000256849 0.000616121 0.000913466 -0.00101459 -0.00142059 -0.00250162 -0.00181744 0.00127014 -0.00191559 -0.00508544 0.000786833 0.000688586 -0.0020888 0.000875502 -0.00280382 0.000507625 -0.00409976 0.00232861 -0.00173587 -0.00318728 0.00417513 0.00389626 -0.000401523 -0.00376493 -0.00345517 0.00462862 -0.00176469 -0.00117044
internal_weight=61432.9 52215.6 49258.3 40569.2 36016 5622.58 8689.09 9217.27 7287.56 30393.4 4482.04 1929.72 20865.8 20503.3 1292.85 19210.4 5116.81 2170.75 1659.47 9527.62 4553.25 4773.13 503.372 2957.3 2464.41 2017.63 4582.65 2461.14 8185.71 5796.99
internal_count=28912 22998 22165 17643 15376 3001 4522 5914 4504 12375 2477 1410 9271 9130 624 8506 3204 1300 1177 3104 2267 3063 210 833 1313 1164 2934 655 4312 2842
is_linear=0
shrinkage=0.05


Tree=108
num_leaves=31
num_cat=0
split_feature=5 5 1 0 4 6 2 1 6 2 4 6 4 2 4 6 6 4 0 2 2 3 2 3 0 6 0 2 4 3
split_gain=22.0812 12.3535 9.12379 7.3415 7.28089 7.03569 6.87241 5.28511 6.70171 5.79748 5.22204 5.95208 4.79582 4.61147 4.49171 7.01543 4.24899 4.52581 4.63676 4.0643 3.48174 3.39206 3.5222 3.25991 3.10954 3.42135 3.06576 2.93977 2.83704 2.71725
threshold=1.5000000000000002 4.5000000000000009 9.5000000000000018 77.500000000000014 553.50000000000011 207.50000000000003 16448.500000000004 4.5000000000000009 105.50000000000001 9851.5000000000018 692.50000000000011 66.500000000000014 727.50000000000011 18562.500000000004 763.50000000000011 84.500000000000014 203.50000000000003 553.50000000000011 18.500000000000004 13822.500000000002 7589.5000000000009 1.0000000180025095e-35 11877.500000000002 1.0000000180025095e-35 66.500000000000014 137.50000000000003 43.500000000000007 4583.5000000000009 602.50000000000011 1.0000000180025095e-35
decision_type=2 2 2 2 2 2 2 2 2 2 2 2 2 2 2 2 2 2 2 2 2 2 2 2 2 2 2 2 2 2
left_child=4 2 6 10 -1 13 16 12 -9 24 20 -12 -6 14 21 -16 17 -2 -19 -5 -4 22 -3 27 25 -10 -15 -20 -11 -22
right_child=1 5 3 19 7 -7 -8 8 9 28 11 -13 -14 26 15 -17 -18 18 23 -21 29 -23 -24 -25 -26 -27 -28 -29 -30 -31
leaf_value=0.0049860562022589205 0.0027567021394900634 -0.00020068533012568428 -0.0014346938528347506 0.0022063532735235622 -0.0034909051386876784 0.0089402768249083227 0.0014461805904725359 -0.0040715109629519842 -0.0054964146150872396 0.0045859861865180625 -0.0053457827818806265 -0.00026487221739221136 -0.0092969557352541171 0.0078054005709526147 -0.0094524506548692537 9.6806319139147568e-06 0.0045916715217417768 0.0053741561438602169 -0.0074213387465511052 0.0096411299443391451 0.0007189717332553295 0.0024982363594480235 0.0017984158041522047 -0.00076674492096603008 -0.0083533442583444122 0.00040884247344846004 0.0022233235546296037 -0.0023469451560198824 -0.00018379302757076232 0.0024055751404441069
leaf_weight=328.69006714224815 558.2548468708992 4267.3999238312244 1316.5447470843792 430.91302010416985 1462.1554749310017 310.93107575178146 2294.9182509183884 2401.5121967494488 460.3563207089901 350.15848827362061 628.73770588636398 6924.6571795642376 469.98806145787239 432.05590254068375 234.11871179938316 1199.7288531064987 278.71308419108391 218.51829046010971 295.84224343299866 320.5649346113205 7043.5388796031475 4667.4592551589012 4555.4098388850689 3837.9188425540924 276.16058751940727 524.99974176287651 571.10985457897186 8101.921852350235 2842.3070758283138 3613.0191606283188
leaf_count=166 262 1808 616 189 1075 89 1095 1540 320 176 336 3245 393 121 109 518 130 119 197 109 3014 1258 1669 1772 173 343 176 4995 1678 1076
internal_value=-5.00332e-05 0.000347178 -0.000170877 0.000528296 -0.0023202 0.00149136 -0.00108052 -0.00259348 -0.00194251 -0.000794594 0.000341659 -0.000687803 -0.00490321 0.00134595 0.00112537 -0.0015353 -0.00151679 -0.00164763 -0.00184505 0.00537788 0.000991109 0.00140817 0.000831494 -0.00197398 -0.00366427 -0.00235008 0.00462748 -0.00252571 0.00033937 0.0012908
internal_weight=61218.6 52102.3 35864.1 20278 9116.33 16238.2 15586.1 8787.64 6855.49 4453.98 19526.5 7553.39 1932.14 15927.3 14924.1 1433.85 13291.2 13012.5 12454.2 751.478 11973.1 13490.3 8822.81 12235.7 1261.52 985.356 1003.17 8397.76 3192.47 10656.6
internal_count=28767 22903 17155 8585 5864 5748 8570 5698 4230 2690 8287 3581 1468 5659 5362 627 7475 7345 7083 298 4706 4735 3477 6964 836 663 297 5192 1854 4090
is_linear=0
shrinkage=0.05


Tree=109
num_leaves=31
num_cat=0
split_feature=7 7 7 5 2 2 4 4 2 0 6 4 0 1 1 4 1 4 4 1 2 0 2 2 4 6 1 5 7 0
split_gain=72.5156 19.8275 12.7165 8.40872 8.04442 7.62102 6.75149 5.6527 5.52812 5.45892 5.30343 5.29482 5.04115 4.29414 4.26461 4.14545 4.10052 4.51838 4.0745 3.9824 3.88742 4.42068 6.40718 3.75629 4.69218 4.46992 4.34832 4.05719 3.59585 3.26934
threshold=4.5000000000000009 2.5000000000000004 10.500000000000002 4.5000000000000009 12078.500000000002 9720.5000000000018 807.50000000000011 736.50000000000011 16223.500000000002 38.500000000000007 143.50000000000003 565.50000000000011 22.500000000000004 18.500000000000004 4.5000000000000009 607.50000000000011 6.5000000000000009 778.50000000000011 662.50000000000011 13.500000000000002 18410.500000000004 56.500000000000007 13234.500000000002 14185.500000000002 622.50000000000011 81.500000000000014 12.500000000000002 1.5000000000000002 1.5000000000000002 47.500000000000007
decision_type=2 2 2 2 2 2 2 2 2 2 2 2 2 2 2 2 2 2 2 2 2 2 2 2 2 2 2 2 2 2
left_child=1 3 5 28 11 -2 12 8 10 -8 -4 -3 18 23 -9 -10 -6 20 -7 -5 21 22 -18 24 26 -25 29 -27 -1 -14
right_child=2 4 7 19 16 6 9 14 15 -11 -12 -13 13 -15 -16 -17 17 -19 -20 -21 -22 -23 -24 25 -26 27 -28 -29 -30 -31
leaf_value=-0.010961719585267723 -0.0010893682397530963 0.0041222906841067468 0.001148100601605353 -0.005217424604121116 -0.0033721168553588854 0.0056491825116534436 0.0023602499967387922 -0.0037266441099657942 0.0087485133317061429 -0.0067712963658887893 0.0034465212887796652 -0.0047764942712664399 -0.0024985112983139019 0.0032322373464375776 0.00086615547281903486 0.0034444978831550906 0.0046556187139692512 -0.0075805501354741164 0.0011202456452341649 0.0023620854310838005 0.0071806840718703427 0.0037173737692104201 -0.0038088772318734948 -0.0013866973920758697 -0.00077400993380194428 -0.0011209502410140714 0.003829938097609903 0.0020365680793930996 -0.0070701149042377929 0.0017896429356869918
leaf_weight=1002.3403125107288 8770.0464918017387 177.88335919380188 8295.6833136081696 522.6434500515461 927.42985540628433 903.91742587089539 235.38485115766525 644.46970593929291 467.57113361358643 537.15897053480148 3598.485230922699 2772.6841458082199 776.95540642738342 1400.4952126741409 2342.829906463623 1736.5923229455948 308.63272148370743 156.5333993434906 1102.1402366161346 259.27362376451492 242.11222326755524 646.31076180934906 811.11728543043137 1510.0734825134277 9131.0608838796616 1191.5650683045387 1203.8017827272415 6958.6525849103928 1455.5876570940018 1038.7353160381317
leaf_count=1991 4050 124 2406 688 802 316 109 267 93 257 900 2337 307 452 740 410 223 122 474 282 155 438 565 600 4046 606 360 2332 1898 410
internal_value=5.43944e-06 -0.00406449 0.000734129 -0.0072204 -0.00237243 0.000185128 0.000615194 0.00185105 0.00226969 -0.00398902 0.00184347 -0.00424001 0.000756246 0.000548417 -0.000124679 0.00456964 -0.000590359 0.000601435 0.00316096 -0.00270416 0.00123921 0.000424679 -0.00147584 0.000376086 -0.000208987 0.00111198 0.00149966 0.00157494 -0.00865711 -4.53087e-05
internal_weight=61128.2 9282.55 51845.6 3239.85 6042.7 34760 25989.9 17085.6 14098.3 772.544 11894.2 2950.57 25217.4 23211.3 2987.3 2204.16 3092.14 2164.71 2006.06 781.917 2008.17 1766.06 1119.75 21810.8 12150.6 9660.29 3019.49 8150.22 2457.93 1815.69
internal_count=28760 9625 19135 4859 4766 14319 10269 4816 3809 366 3306 2461 9903 9113 1007 503 2305 1503 790 970 1381 1226 788 8661 5123 3538 1077 2938 3889 717
is_linear=0
shrinkage=0.05


Tree=110
num_leaves=31
num_cat=0
split_feature=7 7 7 5 3 3 4 6 6 4 1 1 7 4 0 1 7 1 5 1 4 0 3 5 5 4 0 3 0 5
split_gain=55.9318 16.1275 12.2283 11.3452 7.66755 7.38948 6.35377 6.35179 6.03721 5.87975 5.77999 5.25305 4.82956 4.4871 5.62783 4.47969 4.35284 4.09324 3.95671 3.74197 4.61107 3.66391 3.50979 3.34663 3.15882 3.09379 3.09124 3.0306 3.0136 2.90247
threshold=3.5000000000000004 8.5000000000000018 1.5000000000000002 4.5000000000000009 1.5000000000000002 1.5000000000000002 691.50000000000011 161.50000000000003 92.500000000000014 650.50000000000011 16.500000000000004 13.500000000000002 5.5000000000000009 738.50000000000011 77.500000000000014 10.500000000000002 10.500000000000002 16.500000000000004 1.5000000000000002 11.500000000000002 556.50000000000011 22.500000000000004 1.5000000000000002 1.5000000000000002 4.5000000000000009 679.50000000000011 26.500000000000004 1.0000000180025095e-35 27.500000000000004 4.5000000000000009
decision_type=2 2 2 2 2 2 2 2 2 2 2 2 2 2 2 2 2 2 2 2 2 2 2 2 2 2 2 2 2 2
left_child=2 3 18 4 6 8 19 12 25 17 13 29 28 14 16 -16 21 -5 -1 23 -21 -3 24 -2 -18 -4 -22 -15 -8 -10
right_child=1 10 5 9 -6 -7 7 -9 11 -11 -12 -13 -14 27 15 -17 22 -19 -20 20 26 -23 -24 -25 -26 -27 -28 -29 -30 -31
leaf_value=-0.014641392427495181 -0.0040279433172605624 0.003609949107070771 -0.0047054130826265613 0.0022902612051188022 0.0030271690205031492 0.0052386758738523914 -0.00035710858250811626 0.0010107002936988643 -0.0054139574796743667 0.00017047631129371165 0.0026699037795010427 -0.00014942607610033963 -0.0022496558435978783 -0.0014719906303222658 0.0019684817500220434 0.0094900549442781621 0.00098269817239486829 0.0075173320186075173 -0.0076091659667125999 0.0057801796998128438 0.0031024763922182209 -2.4242862409036006e-05 0.0052937053081590427 -0.00087555520493465006 0.0029379760751527943 -0.010169579080919802 -0.00059518368177633233 0.0013152208490505024 -0.0062464855855870229 -0.0013325871118830745
leaf_weight=250.29759129881859 1048.0103202462196 754.24024760723114 561.52270942926407 1869.5016731023788 1046.4368755817413 232.80609679222107 253.34914642572403 1035.2181006073952 1604.4041382074356 3928.0406150817871 5811.0846960544586 1160.8665621876717 3810.9605307579041 2902.7359269857407 442.20135486125946 358.39870750904083 7668.9245709180832 468.36456632614136 995.9292189180851 372.4340660572052 669.48922324180603 8617.2065131664276 650.66624355316162 4281.1739907264709 2827.0723502635956 480.91070508956909 3629.1864435076714 1468.760942697525 1522.9153298139572 597.95686447620392
leaf_count=531 760 254 582 643 386 190 195 574 1903 1581 1437 1062 2066 1223 147 83 2447 130 1930 139 299 2917 109 2329 594 544 1664 430 1185 518
internal_value=1.04855e-05 0.000502479 -0.00462431 -0.00047589 -0.00112414 -0.00344289 -0.00138547 -0.00258672 -0.00390164 0.0013521 0.00124586 -0.00287119 -0.00325326 0.000923739 0.00122297 0.00533561 0.0010625 0.00333744 -0.00902155 -0.000589978 0.000443102 0.000268247 0.00173025 -0.00149549 0.00150935 -0.00722622 -1.92985e-05 -0.000535527 -0.00540648 -0.00430584
internal_weight=61321.1 55436.4 5884.69 23935.1 17669.2 4638.47 16622.7 6622.44 4405.66 6265.91 31501.3 3363.23 5587.23 25690.2 21318.7 800.6 20518.1 2337.87 1246.23 10000.3 4671.11 9371.45 11146.7 5329.18 10496 1042.43 4298.68 4371.5 1776.26 2202.36
internal_count=28852 21592 7260 11951 9597 4799 9211 4020 4609 2354 9641 3483 3446 8204 6551 230 6321 773 2461 5191 2102 3171 3150 3089 3041 1126 1963 1653 1380 2421
is_linear=0
shrinkage=0.05


Tree=111
num_leaves=31
num_cat=0
split_feature=7 7 1 6 1 5 6 5 2 0 2 0 2 3 7 2 5 2 6 3 6 1 5 7 1 2 1 2 0 1
split_gain=63.3709 23.7878 8.72761 10.6907 8.22369 7.55435 7.33806 6.99278 5.41789 5.42049 4.85003 4.61616 5.55553 4.39923 4.36233 4.14462 4.10696 3.85353 3.66067 3.86024 4.35819 3.63325 3.78469 3.39845 3.21194 3.15161 3.00856 2.95233 2.94516 4.60987
threshold=5.5000000000000009 2.5000000000000004 16.500000000000004 141.50000000000003 3.5000000000000004 4.5000000000000009 102.50000000000001 1.5000000000000002 15951.500000000002 19.500000000000004 14089.500000000002 32.500000000000007 7653.5000000000009 1.5000000000000002 9.5000000000000018 6562.5000000000009 2.5000000000000004 5171.5000000000009 204.50000000000003 1.0000000180025095e-35 175.50000000000003 10.500000000000002 1.5000000000000002 11.500000000000002 13.500000000000002 17353.500000000004 11.500000000000002 18001.000000000004 35.500000000000007 4.5000000000000009
decision_type=2 2 2 2 2 2 2 2 2 2 2 2 2 2 2 2 2 2 2 2 2 2 2 2 2 2 2 2 2 2
left_child=1 5 3 7 10 21 16 11 9 -9 -3 -2 -13 17 28 -4 -6 -5 19 20 25 -1 -23 27 -7 -8 -22 -19 -11 -30
right_child=2 4 15 13 6 24 18 8 -10 14 -12 12 -14 -15 -16 -17 -18 23 -20 -21 26 22 -24 -25 -26 -27 -28 -29 29 -31
leaf_value=-0.0099830415963417241 0.0011456384339976198 -0.0067933734446380088 -0.0017333520393396579 -0.0031130475926776347 -0.0061735497826316153 -0.0047854538042446911 -0.0012648356946553853 0.0045537677975853539 0.0019236364129636742 -0.002416679617952978 -0.00091984100338076487 -0.0081757698700457276 -0.002021194810350437 0.0054652311585916651 0.00056055639588626965 0.0026049988302679085 -0.0019832053413433573 0.0010545848621750303 0.0070422347379520498 0.001553873462665856 -0.011150399468945641 -0.011282856155620059 -0.0045614057739399591 0.0036325860805167727 0.0020236852749699009 0.0038633554194751163 -0.001791289203540859 0.0043870859871991087 -0.0027024851882020101 0.00039235385146289977
leaf_weight=1279.7867403626442 927.81864821910858 1172.6617301702499 591.01365411281586 430.55379974842072 868.36659175157547 508.88525176048279 3000.2848119139671 621.10674703121185 4326.6334871053696 2569.984609246254 501.89414489269257 426.33692264556885 2619.6867598295212 755.91288280487061 9285.2168819904327 8035.5718616247177 1790.2430579066277 8569.0497941970825 170.99916839599609 1737.8523678183556 179.10841655731201 273.13511452078819 897.97346666455269 1902.5466604232788 262.54098108410835 332.83819299936295 164.94504547119141 720.48695778846741 1622.4683401584625 4656.7192927598953
leaf_count=2146 475 1013 207 172 762 682 2252 213 1302 1090 401 252 1326 161 2826 2246 1154 3077 108 962 139 448 1328 521 285 222 114 225 836 1878
internal_value=2.58789e-05 -0.00305095 0.000867188 0.000552049 -0.00183848 -0.00678327 -0.00118966 -4.80102e-06 0.000328726 -3.91981e-05 -0.00503297 -0.0019421 -0.00288262 0.00176916 -0.000196508 0.00230778 -0.00335187 0.00152878 -0.000160574 -0.000388029 -0.00130578 -0.00814149 -0.00612904 0.00170735 -0.00246809 -0.000752746 -0.00666348 0.00131305 -0.000990877 -0.000407316
internal_weight=61202.6 13141.5 48061.1 39434.5 9919.19 3222.32 8244.64 27056 23082.1 18755.5 1674.56 3973.84 3046.02 12378.6 18134.4 8626.59 2658.61 11622.6 5586.03 5415.03 3677.18 2450.9 1171.11 11192.1 771.426 3333.12 344.053 9289.54 8849.17 6279.19
internal_count=28823 12016 16807 14354 7127 4889 5713 10198 8145 6843 1414 2053 1578 4156 6630 2453 1916 3995 3797 3689 2727 3922 1776 3823 967 2474 253 3302 3804 2714
is_linear=0
shrinkage=0.05


Tree=112
num_leaves=31
num_cat=0
split_feature=7 5 7 7 5 6 1 2 3 4 1 1 2 7 5 4 6 4 3 6 4 2 3 6 2 4 7 6 4 2
split_gain=58.4192 14.8459 11.2959 10.3609 6.99498 6.70061 6.47897 5.50849 5.34341 5.19122 5.08881 4.54076 4.46467 4.34201 4.7405 4.33834 4.29197 4.57669 3.93383 3.89778 3.7481 3.96727 3.79942 3.72567 3.66461 3.54015 3.5154 3.49932 4.42521 3.89521
threshold=3.5000000000000004 4.5000000000000009 6.5000000000000009 1.5000000000000002 2.5000000000000004 69.500000000000014 18.500000000000004 16448.500000000004 1.5000000000000002 745.50000000000011 17.500000000000004 16.500000000000004 7936.0000000000009 11.500000000000002 1.5000000000000002 558.50000000000011 146.50000000000003 649.50000000000011 1.0000000180025095e-35 120.50000000000001 591.50000000000011 16909.500000000004 1.0000000180025095e-35 99.500000000000014 7589.5000000000009 585.50000000000011 5.5000000000000009 102.50000000000001 769.50000000000011 6093.5000000000009
decision_type=2 2 2 2 2 2 2 2 2 2 2 2 2 2 2 2 2 2 2 2 2 2 2 2 2 2 2 2 2 2
left_child=3 2 9 -1 18 24 8 10 12 11 13 15 -6 14 -7 -2 17 -14 -5 -16 -9 -22 -23 -20 -4 -12 -11 28 -3 -29
right_child=1 27 5 4 6 7 -8 20 -10 26 25 -13 16 -15 19 -17 -18 -19 23 -21 21 22 -24 -25 -26 -27 -28 29 -30 -31
leaf_value=-0.0089258947137372743 0.0036985223773404168 0.0011120830151819805 -0.0064464630080522311 -0.0081023747532567771 -0.0084775265541929996 -0.0019506295734337141 0.0069860416603320583 0.0062198104080356358 0.0064968377880255867 -0.0063132899561990467 0.0070263495842981909 0.0014986408766118726 -0.00036169275136284308 0.0015043295135550472 -0.0008512595362664215 -0.0019740293218737091 0.0010111353765295851 -0.0057735747256973859 -0.0094244359764444705 0.00085130023868078188 0.0052254250002408964 -0.00027749011476155608 0.003365433791272784 0.00021888819826986966 -0.0011935358133520091 0.0016605067254655292 -0.0012389050680459148 -0.0016124419490278763 -0.0046279021172016006 0.0025564911453429232
leaf_weight=1213.5792234241962 357.54612827301025 4028.3180071115494 383.51062965393066 1088.0683456659317 373.04901510477066 3387.4397659301758 176.01590317487717 529.8064341545105 143.65016883611679 880.32090222835541 348.44720780849457 1403.4538096189499 602.83871793746948 4285.4005069732666 5792.8087011575699 5882.6782938838005 611.44563001394272 1109.9046769142151 142.81236016750336 8009.9482476711273 670.44444334506989 2056.8777542114258 1097.7240800857544 335.35406273603439 2472.9509701728821 2608.553980588913 557.43108105659485 594.39656710624695 366.31191563606262 9767.8514516353607
leaf_count=2431 190 1248 173 1412 399 1710 143 137 103 684 82 728 545 1347 2300 3813 573 1120 147 2811 211 718 266 339 962 824 339 200 143 2688
internal_value=-4.17929e-05 0.000457214 -3.51216e-05 -0.00481794 -0.00373019 0.000410976 -0.00232275 0.000640166 -0.0028995 -0.00158953 0.000348163 -0.00107107 -0.00339994 8.0403e-05 -0.000274572 -0.00164901 -0.00258495 -0.00386874 -0.00644122 0.000136762 0.00227843 0.0017325 0.000990158 -0.00266125 -0.0018988 0.00229281 -0.0043459 0.00181594 0.00063363 0.00231735
internal_weight=61278.9 55482.2 40725.3 5796.72 4583.14 31643.9 3016.9 28787.5 2840.89 9081.43 24432.6 7643.68 2697.24 21475.6 17190.2 6240.22 2324.19 1712.74 1566.23 13802.8 4354.85 3825.05 3154.6 478.166 2856.46 2957 1437.75 14756.9 4394.63 10362.2
internal_count=28786 21574 17295 7212 4781 11541 2883 10406 2740 5754 9074 4731 2637 8168 6821 4003 2238 1665 1898 5111 1332 1195 984 486 1135 906 1023 4279 1391 2888
is_linear=0
shrinkage=0.05


Tree=113
num_leaves=31
num_cat=0
split_feature=7 7 5 6 4 2 5 4 3 1 3 5 7 1 2 5 4 6 2 1 4 4 1 3 4 4 4 2 5 2
split_gain=60.9967 20.9878 9.34845 8.01325 7.66177 8.99399 7.55725 7.17579 7.70133 6.2397 5.82659 6.19591 5.61474 4.55759 4.11998 5.18858 4.33842 4.15162 4.03456 3.81355 4.29827 3.66092 3.3026 3.66229 3.26994 3.16697 3.09412 3.17821 3.636 3.05335
threshold=2.5000000000000004 6.5000000000000009 1.5000000000000002 84.500000000000014 561.50000000000011 12078.500000000002 3.5000000000000004 819.50000000000011 1.5000000000000002 2.5000000000000004 1.5000000000000002 4.5000000000000009 11.500000000000002 4.5000000000000009 16031.500000000002 4.5000000000000009 622.50000000000011 67.500000000000014 17090.500000000004 13.500000000000002 737.50000000000011 661.50000000000011 15.500000000000002 1.5000000000000002 693.50000000000011 622.50000000000011 669.50000000000011 7033.5000000000009 3.5000000000000004 14089.500000000002
decision_type=2 2 2 2 2 2 2 2 2 2 2 2 2 2 2 2 2 2 2 2 2 2 2 2 2 2 2 2 2 2
left_child=6 2 22 -4 -5 26 -1 8 9 21 11 13 14 -7 15 -11 -17 -16 24 20 -8 -3 23 -2 -13 -10 27 -6 -29 -26
right_child=1 7 3 4 5 10 19 -9 25 12 -12 18 -14 -15 17 16 -18 -19 -20 -21 -22 -23 -24 -25 29 -27 -28 28 -30 -31
leaf_value=-0.0088465939795024737 -0.0056877019100978997 0.0007177171539657401 -0.0033826743224658162 0.0057768816104731844 -0.0046044309187001599 -0.0043223460569633563 -0.0041775845239561057 -0.0036147915906466592 0.0067891320567596419 5.9113114487537135e-05 0.0075726250340655893 -0.00027749121889279651 0.0023532095178171951 0.00035384230944454528 -0.002572039391101095 0.0040085720112069288 0.00097596754153715562 0.0025498904026887564 0.0081463868458966828 -0.00027361012219034896 -0.012927744335492387 -0.0020991247666239405 -0.00071882685789003949 0.0032475048639590861 0.0008154754573868649 0.0027046087518646862 -0.0031579665618942441 -0.002206253094681259 0.0023937518851671873 0.0093144079706156454
leaf_weight=1789.438049942255 1718.7728886604309 2096.1379789113998 2224.1297137141228 530.93909931182861 398.02551174163818 648.56158751249313 757.80757305026054 839.04980754852295 640.44992017745972 16909.498689055443 322.51204943656921 670.01268434524536 7262.0319585800171 2650.5863097310066 433.56706213951111 1582.9897246360779 4625.0309454202652 4521.6880291700363 338.12826573848724 470.36008417606354 172.24689427018166 2564.8763672113419 564.07103854417801 122.87738281488419 198.87118726968765 1832.2884775400162 2528.6901807188988 773.54862958192825 966.09424191713333 225.51762318611145
leaf_count=2986 1548 808 1438 263 257 479 1072 336 103 6578 111 313 1913 1562 141 355 1290 1330 139 578 264 1164 397 81 111 402 1761 523 485 116
internal_value=3.84416e-05 0.000407486 -0.00121244 -0.000662124 -7.18821e-05 -0.000391343 -0.00669363 0.000964124 0.00105459 0.000887172 0.00107004 0.000626822 0.00111399 -0.000565424 0.000793425 0.000512987 0.00174925 0.00210174 0.00337259 -0.00394259 -0.00579812 -0.000832343 -0.00406626 -0.00509153 0.00189767 0.00376252 -0.00197418 -0.000573866 0.000348316 0.00533176
internal_weight=61378.8 58188.9 14881.3 12475.6 10251.5 9720.55 3189.85 43307.6 42468.6 39995.8 5054.19 4731.68 35334.8 3299.15 28072.8 23117.5 6208.02 4955.26 1432.53 1400.41 930.054 4661.01 2405.72 1841.65 1094.4 2472.74 4666.36 2137.67 1739.64 424.389
internal_count=28904 24004 9584 7558 6120 5857 4900 14420 14084 13579 2831 2720 11607 2041 9694 8223 1645 1471 679 1914 1336 1972 2026 1629 540 505 3026 1265 1008 227
is_linear=0
shrinkage=0.05


Tree=114
num_leaves=31
num_cat=0
split_feature=7 3 7 7 5 1 5 7 0 4 2 0 4 4 4 1 4 2 5 4 2 4 4 2 1 4 4 2 0 5
split_gain=55.9407 16.1878 14.708 10.0571 9.20998 6.94217 5.73259 5.3339 6.12856 4.90087 4.90205 5.2331 4.80846 4.74005 4.43739 4.25052 4.17964 3.67196 3.5572 4.63048 3.3864 4.37305 3.38546 3.10726 3.0902 3.25164 2.98585 2.97405 2.91915 2.88067
threshold=3.5000000000000004 2.5000000000000004 10.500000000000002 1.5000000000000002 2.5000000000000004 16.500000000000004 4.5000000000000009 5.5000000000000009 30.500000000000004 545.50000000000011 9851.5000000000018 22.500000000000004 599.50000000000011 571.50000000000011 819.50000000000011 3.5000000000000004 807.50000000000011 13536.500000000002 3.5000000000000004 650.50000000000011 14457.500000000002 638.50000000000011 641.50000000000011 10691.500000000002 2.5000000000000004 705.50000000000011 710.50000000000011 11806.500000000002 61.500000000000007 2.5000000000000004
decision_type=2 2 2 2 2 2 2 2 2 2 2 2 2 2 2 2 2 2 2 2 2 2 2 2 2 2 2 2 2 2
left_child=3 2 4 18 5 7 20 -2 22 -6 24 27 -7 -4 -13 23 17 -10 19 -1 -5 -22 -9 29 -11 -26 28 -12 -8 -15
right_child=1 -3 13 6 9 12 26 8 16 10 11 14 -14 15 -16 -17 -18 -19 -20 -21 21 -23 -24 -25 25 -27 -28 -29 -30 -31
leaf_value=-0.00552150471360764 -0.0042270796235272705 0.011483442602057428 0.0044646652144187662 -0.005716229291979181 0.0039164700010640941 0.006441815240386963 -0.00085041781284640879 0.0045369424224796246 -0.002771529377209354 -0.0039191985322149696 0.0074906064300100279 0.00052193351340908589 0.00019334053252773368 -0.0067887318541066475 -0.0050570500378292541 0.0017056755613443298 -0.0091651497493098928 -0.00026858606873567624 -0.0055925654579504006 -0.014090978730201873 0.0032271420399218593 -0.0042821387807569465 -0.00019242799914196253 0.00081984692317946858 0.00029663605501206838 -0.0022661622566089879 -0.0044461317330960516 0.0022366574899075546 0.0058280875540979602 -0.00083283817772607574
leaf_weight=240.835802257061 1919.6992473602295 330.46282529830933 1334.7474868297577 2398.8863020539284 939.26977038383484 369.35084581375122 567.16654545068741 561.87030625343323 3708.4495294094086 774.74645274877548 357.36528271436691 16788.160773515701 1850.3268778324127 313.18364560604095 364.14736270904541 13380.470799207687 197.90456748008728 2422.5714466571808 496.44690409302711 456.31116512417793 267.318618953228 705.69478595256805 1158.8338133096695 1460.089527130127 3747.1292761564255 1848.1500573754311 353.23322582244873 1093.6261196136475 229.96114712953568 577.16925799846649
leaf_count=498 1612 72 293 2769 277 142 462 255 2009 405 139 6145 906 157 159 3624 121 1126 949 983 263 766 629 519 1503 873 312 410 183 188
internal_value=-3.49302e-05 0.000450149 0.000384058 -0.00474478 -0.000162323 -0.00129576 -0.00366728 -0.00185881 -0.00129402 0.000370835 0.000237481 0.000647398 0.00123308 0.00160393 0.00040349 0.0013612 -0.00201339 -0.00178253 -0.00882717 -0.0111306 -0.00470708 -0.00221909 0.00135188 -0.000599784 -0.00095966 -0.00054987 -0.000619472 0.00353065 0.00107625 -0.00292784
internal_weight=61213.6 55497.7 55167.3 5715.85 38101.6 12189 4522.26 9969.33 8049.63 25912.6 24973.3 18603.3 2219.68 17065.7 17152.3 15730.9 6328.93 6131.02 1193.59 697.147 3371.9 973.013 1720.7 2350.44 6370.03 5595.28 1150.36 1450.99 797.128 890.353
internal_count=28749 21564 21492 7185 16711 6800 4755 5752 4140 9911 9634 6853 1048 4781 6304 4488 3256 3135 2430 1481 3798 1029 884 864 2781 2376 957 549 645 345
is_linear=0
shrinkage=0.05


Tree=115
num_leaves=31
num_cat=0
split_feature=7 7 4 5 4 5 6 6 5 7 4 2 2 6 0 2 2 4 1 5 6 2 6 6 1 5 4 0 1 0
split_gain=54.1952 17.1232 9.62284 7.88783 7.75838 7.46444 6.77362 6.49647 6.26892 6.23186 6.21026 6.64779 5.84794 4.06002 4.22194 3.76424 3.55015 4.20649 3.54902 3.5438 3.33737 3.28044 3.26016 3.25969 3.77381 3.46568 3.24727 3.16267 3.02326 2.98507
threshold=2.5000000000000004 5.5000000000000009 666.50000000000011 1.5000000000000002 583.50000000000011 4.5000000000000009 69.500000000000014 200.50000000000003 4.5000000000000009 11.500000000000002 815.50000000000011 16448.500000000004 7272.5000000000009 198.50000000000003 19.500000000000004 16909.500000000004 11689.500000000002 673.50000000000011 13.500000000000002 1.5000000000000002 102.50000000000001 19085.500000000004 76.500000000000014 133.50000000000003 12.500000000000002 1.5000000000000002 611.50000000000011 71.500000000000014 2.5000000000000004 77.500000000000014
decision_type=2 2 2 2 2 2 2 2 2 2 2 2 2 2 2 2 2 2 2 2 2 2 2 2 2 2 2 2 2 2
left_child=8 2 3 18 -3 6 16 -4 23 10 11 13 -5 14 -8 -13 17 -6 -2 -16 -7 28 -21 24 -1 -26 -11 -28 -14 -24
right_child=1 4 7 12 5 20 9 -9 -10 26 -12 15 21 -15 19 -17 -18 -19 -20 22 -22 -23 29 -25 25 -27 27 -29 -30 -31
leaf_value=-0.011127593128319201 -0.0073533005562554299 0.0025548843599149515 -0.0033149952774079055 -0.0046477371905232897 -0.0011275972107726441 0.00024125143602194538 0.0038200528716691795 0.0080288455438654836 -0.0024940451225158059 -0.0020832201268706583 -0.0051611511386018176 0.005581859197646007 -0.0028662308642076499 0.003869472635300858 -0.0019561674065368085 0.0013155839872144911 -0.00068568600579321738 -0.0069682355993660201 0.00012003452752384138 0.0036724976888300211 0.0020951862986337945 0.0081692183381314436 -0.00048544827942718596 -0.0053538041171718289 -0.013215848445847299 -0.0037390041692761584 0.0017341826152809108 0.0054596679177254942 0.0018555515375231115 0.0033037433762495051
leaf_weight=923.24498504400253 460.6326550245285 4968.2024863958359 5210.4951946735382 411.26717507839203 571.68972313404083 3442.2904536724091 572.43945515155792 129.34401661157608 754.41388127207756 474.80781722068787 579.61835861206055 629.70377910137177 384.73736846446991 571.45370423793793 3560.9518501758575 2889.6705220937729 1544.9242063760757 669.05437517166138 242.49177694320679 524.5289591550827 8234.1510215997696 183.34175825119019 13676.984233498573 898.56666043400764 124.85559102892876 424.36648944020271 4086.442423582077 661.95794928073883 2851.8089780807495 540.29059839248657
leaf_count=1614 443 1393 4010 291 244 987 234 96 955 130 279 217 284 210 1888 992 608 340 183 219 2086 98 5303 1464 208 631 1253 193 1729 210
internal_value=-5.01556e-05 0.000295026 -0.00160188 9.20028e-05 0.000683627 0.000468577 6.89127e-05 -0.00304022 -0.0064639 0.00029687 -4.97322e-05 7.92702e-05 0.000985402 -0.000282619 -0.000408326 0.00207893 -0.0022853 -0.00427708 -0.00477592 -0.000540573 0.00154863 0.00166283 -0.000198629 -0.00772702 -0.00917526 -0.00589339 0.00185931 0.00225354 0.00129426 -0.00034145
internal_weight=61198.7 58073.3 9874.12 4534.28 48199.2 43231 31554.5 5339.84 3125.45 28768.8 23545.6 22966 3831.16 19446.6 18875.2 3519.37 2785.67 1240.74 703.124 18302.8 11676.4 3419.89 14741.8 2371.03 1472.47 549.222 5223.21 4748.4 3236.55 14217.3
internal_count=28792 23920 7134 3028 16786 15393 12320 4106 4872 11128 9552 9273 2402 8064 7854 1209 1192 584 626 7620 3073 2111 5732 3917 2453 839 1576 1446 2013 5513
is_linear=0
shrinkage=0.05


Tree=116
num_leaves=31
num_cat=0
split_feature=7 3 7 7 4 3 2 5 5 3 5 2 6 4 0 4 2 0 6 7 0 6 2 4 2 0 2 4 6 6
split_gain=53.6537 14.3008 10.4732 10.3629 7.98368 7.3213 6.98692 6.95269 6.29803 5.19926 5.00057 4.79384 4.5349 4.70897 4.48151 4.40261 4.3379 3.86071 3.77188 3.62983 5.9909 3.62802 3.50689 3.40463 3.38415 3.12611 3.49661 3.03049 2.86177 2.85465
threshold=3.5000000000000004 2.5000000000000004 7.5000000000000009 1.5000000000000002 809.50000000000011 1.0000000180025095e-35 6562.5000000000009 1.5000000000000002 4.5000000000000009 1.0000000180025095e-35 1.5000000000000002 12078.500000000002 98.500000000000014 635.50000000000011 77.500000000000014 565.50000000000011 9576.5000000000018 65.500000000000014 88.500000000000014 11.500000000000002 23.500000000000004 170.50000000000003 14809.500000000002 533.50000000000011 11115.500000000002 27.500000000000004 19085.500000000004 621.50000000000011 115.50000000000001 160.50000000000003
decision_type=2 2 2 2 2 2 2 2 2 2 2 2 2 2 2 2 2 2 2 2 2 2 2 2 2 2 2 2 2 2
left_child=3 2 6 10 8 15 -2 -8 14 23 -1 28 -11 -14 16 -5 -4 27 -17 20 24 25 -20 -9 -18 -22 -27 -13 -7 -25
right_child=1 -3 4 5 -6 11 7 9 -10 12 -12 17 13 -15 -16 18 19 -19 22 -21 21 -23 -24 29 -26 26 -28 -29 -30 -31
leaf_value=-0.015582438081680179 -0.0040702164055431977 0.010788071730726205 -0.00068165877589474084 0.0019216036232977875 -0.0035845875368041204 -0.0071311184562506029 -0.0027769783038819121 0.0056872521299887908 0.0020602056650982914 -0.0010395649465908894 -0.0072474090787408678 0.0067114629200383446 0.0054475153993907175 0.0012694768886037562 0.0038891763138058574 -0.0090859186682098123 0.0081904936029586189 0.0082223069615369026 -0.0056779464669368925 0.0020747225243909683 -0.0030216827776371486 0.0024387231000881316 -0.0012072343294768013 -0.001105206468495618 0.0022562566274762865 -0.00017401658232282292 0.0036375180081773604 -0.0020224836548961753 -0.00064749289846729443 0.0012306219884872704
leaf_weight=221.69766592979431 1346.4008059501648 332.70314478874207 6311.1845285892487 218.68448710441589 981.42227983474731 313.5921556353569 2457.7949808239937 212.99940347671509 9920.2398384809494 1273.6604347229004 955.53051295876503 129.99065762758255 947.92112696170807 2337.2773978710175 987.17056083679199 568.49412459135056 299.82048201560974 195.14956676959991 1723.1189358234406 4484.465323805809 896.47718048095703 1485.2580808401108 588.43374246358871 7665.2145518064499 1209.133068561554 10222.975391507149 639.34164440631866 420.92743301391602 372.18115729093552 1577.1365296840668
leaf_count=502 840 72 2467 209 385 303 1788 88 2300 533 1933 98 318 925 337 690 109 157 1990 1262 317 476 636 4285 406 3696 197 362 349 793
internal_value=-2.11187e-05 0.000452898 0.000390669 -0.0046376 0.000865567 -0.0035516 -0.00060712 -0.000324051 0.000985369 0.000106141 -0.00881708 -0.00059473 0.00149311 0.00247502 0.000583548 -0.00491789 0.000455823 0.00217901 -0.00543722 0.000828993 0.000450329 0.000110232 -0.00453987 -0.000562581 0.00343536 -0.000183881 5.03253e-05 3.83154e-05 -0.00361234 -0.000706615
internal_weight=61296.4 55588.6 55255.9 5707.8 37437.5 4530.57 17818.4 16472 36456.1 14014.2 1177.23 1431.84 4558.86 3285.2 26535.8 3098.73 25548.7 746.068 2880.05 19237.5 14753 13244.1 2311.55 9455.35 1508.95 11758.8 10862.3 550.918 685.773 9242.35
internal_count=28823 21594 21522 7229 11952 4794 9570 8730 11567 6942 2435 1269 1776 1243 9267 3525 8930 617 3316 6463 5201 4686 2626 5166 515 4210 3893 460 652 5078
is_linear=0
shrinkage=0.05


Tree=117
num_leaves=31
num_cat=0
split_feature=7 7 5 1 5 5 0 3 2 6 3 2 2 6 6 7 0 2 1 3 2 1 6 2 0 7 1 1 2 6
split_gain=48.4252 16.0082 7.98181 7.14397 6.16917 5.95399 6.86454 5.25489 5.81313 5.1835 5.05924 4.99781 4.31297 4.54826 4.16903 3.90016 3.63242 3.58069 3.63171 3.92715 3.49247 3.42454 4.80794 4.1317 3.8558 3.64637 3.40728 3.29333 3.29144 3.20363
threshold=2.5000000000000004 6.5000000000000009 4.5000000000000009 16.500000000000004 3.5000000000000004 1.5000000000000002 31.500000000000004 1.5000000000000002 11725.500000000002 146.50000000000003 1.0000000180025095e-35 11877.500000000002 16448.500000000004 198.50000000000003 83.500000000000014 1.5000000000000002 19.500000000000004 7865.5000000000009 5.5000000000000009 1.0000000180025095e-35 13234.500000000002 3.5000000000000004 100.50000000000001 7865.5000000000009 76.500000000000014 5.5000000000000009 11.500000000000002 11.500000000000002 14702.500000000002 131.50000000000003
decision_type=2 2 2 2 2 2 2 2 2 2 2 2 2 2 2 2 2 2 2 2 2 2 2 2 2 2 2 2 2 2
left_child=4 2 3 7 15 6 26 21 -9 -5 -6 -4 13 16 -13 -1 -7 -8 28 -20 -21 25 23 -23 -24 -2 -3 29 -19 -18
right_child=1 5 11 9 10 12 17 8 -10 -11 -12 14 -14 -15 -16 -17 27 18 19 20 -22 22 24 -25 -26 -27 -28 -29 -30 -31
leaf_value=-0.011028951669815578 -0.0062360155857234846 0.00028065707240056061 -0.0011245673184469907 -0.00059975008038699559 -0.0055853312610802197 0.0036240730726385438 -0.0047875021366216887 -0.0032705731808999011 0.0078437108630825866 0.0052169835802778376 0.0010691967346523007 -0.0025635747438968919 0.0022869003330113959 0.0042947292128258088 0.003560603666817526 -0.0061640111592828704 -0.00049527816440633147 -0.005482507945285986 -0.0013768260294504907 0.0050078518868949765 -0.00074792904621340077 -0.01027877843140501 -0.0016342034127879589 -0.003375288593608851 0.0048835422944748146 -0.0013716188261531015 0.0053263505000899578 0.001153632739590465 0.00067423387369899086 0.00097084749745791801
leaf_weight=688.39015913009644 1183.2251162528992 758.66423559188843 1689.5385123491287 1473.4095919728279 966.53833976387978 1024.4843558073044 713.51007795333862 218.00951462984085 255.56288301944733 517.53548884391785 405.42948222160339 332.34989893436432 5786.2163405418396 904.75227093696594 1696.0275594592094 1025.9704986214638 9268.9290872812271 695.20694696903229 2080.8070209026337 573.11167180538177 487.92973697185516 247.41440325975418 4503.1136785745621 1747.9277002811432 238.95419502258301 571.24230694770813 598.56181347370148 13920.69510948658 315.6429625749588 6230.5929394960403
leaf_count=1506 1104 384 935 883 1396 312 381 119 126 280 514 171 1512 236 763 1443 3527 393 1008 207 148 202 3106 1280 162 376 234 3789 159 2076
internal_value=-1.48615e-05 0.0003097 -0.00111776 -0.00179705 -0.00611771 0.000792805 -0.000638442 -0.00239871 0.00272724 0.000912279 -0.00361886 0.000884065 0.00103266 0.000801165 0.00255716 -0.0081175 0.000697344 -0.00151543 -0.000953223 -0.000114515 0.002361 -0.00268457 -0.00217219 -0.00423129 -0.00130577 -0.0046522 0.0025059 0.000595428 -0.00356003 9.4084e-05
internal_weight=61119.7 58033.4 14674.3 10956.4 3086.33 43359.1 6223.43 8965.45 473.572 1990.95 1371.97 3717.92 37135.7 31349.5 2028.38 1714.36 30444.7 4866.21 4152.7 3141.85 1061.04 8491.88 6737.41 1995.34 4742.07 1754.47 1357.23 29420.2 1010.85 15499.5
internal_count=28732 23873 9507 7638 4859 14366 2914 6475 245 1163 1910 1869 11452 9940 934 2949 9704 2296 1915 1363 355 6230 4750 1482 3268 1480 618 9392 552 5603
is_linear=0
shrinkage=0.05


Tree=118
num_leaves=31
num_cat=0
split_feature=7 7 5 3 2 3 1 2 1 6 2 0 2 2 0 0 7 6 6 5 2 2 6 0 0 6 2 2 6 6
split_gain=42.9279 18.4627 9.90566 8.12202 6.6917 6.02514 5.54254 5.50524 5.33218 5.2212 4.88261 4.40086 4.32651 4.06009 4.02398 4.53365 5.46433 4.50742 5.07428 3.9655 3.81009 5.03918 4.92155 5.54485 3.75674 3.71441 3.70286 3.55998 5.85182 3.39408
threshold=2.5000000000000004 7.5000000000000009 1.5000000000000002 1.5000000000000002 6661.5000000000009 1.0000000180025095e-35 2.5000000000000004 7434.5000000000009 16.500000000000004 205.50000000000003 19485.000000000004 76.500000000000014 16530.500000000004 6939.0000000000009 77.500000000000014 23.500000000000004 11.500000000000002 133.50000000000003 113.50000000000001 3.5000000000000004 8571.5000000000018 10986.500000000002 146.50000000000003 37.500000000000007 43.500000000000007 108.50000000000001 14320.500000000002 5963.5000000000009 122.50000000000001 196.50000000000003
decision_type=2 2 2 2 2 2 2 2 2 2 2 2 2 2 2 2 2 2 2 2 2 2 2 2 2 2 2 2 2 2
left_child=5 2 11 4 -4 29 -3 13 12 10 14 -2 25 27 15 17 19 18 -9 26 -10 24 23 -23 -22 -6 -17 -8 -29 -1
right_child=1 6 3 -5 8 -7 7 9 20 -11 -12 -13 -14 -15 -16 16 -18 -19 -20 -21 21 22 -24 -25 -26 -27 -28 28 -30 -31
leaf_value=-0.0074920529034850115 -0.0038286265112537003 -0.00069629106101488046 -0.004216498377929318 0.0036784482306569388 -0.0024903555791522024 -0.0022755460791640133 -0.0011391401020862783 0.0026951623756938602 0.0069279026689046345 0.0063313682195590831 0.0044235453099691156 0.0056343036838600738 0.0012869804076959376 -0.0042553554699778211 0.0042171951794136835 -0.00096687960168160582 0.0022071285519395713 0.00032363740013744606 0.0085043020446100188 0.0011825835814821706 -0.008282899283281955 0.0057708393344603169 0.0067476592978464355 -0.0013820944442406141 0.00018843100244207505 -0.00052612022114041472 0.0011424934783545321 -0.0010443905067335846 0.0068430721036148792 0.0040368811970364097
leaf_weight=2119.7179412543774 3049.9072406291962 4352.9653414487839 1246.800111413002 1134.780598461628 3811.7348427176476 895.6394262611866 1853.0927885770798 1171.6864923238754 302.2939595580101 531.11885762214661 1222.1047937870026 128.0217689871788 2006.4139676690102 648.88006949424744 1060.3701665401459 6336.3321080207825 5771.8496580123901 987.9575480222702 553.4961154460907 9251.5530911684036 220.59224444627762 382.35163533687592 452.86234593391418 929.74970281124115 321.77223289012909 6530.0190610289574 3097.5953953266144 504.52231383323669 440.44744324684143 65.821047395467758
leaf_count=3493 2396 1743 823 382 2345 1268 688 356 154 133 302 105 995 236 299 2547 1474 283 163 2352 111 183 189 433 168 3709 1094 197 156 101
internal_value=2.23006e-05 0.000326275 -0.000881182 -0.000410847 -0.000697214 -0.00572943 0.000981944 0.00120046 -0.000403865 0.00141801 0.00132941 -0.00344742 -0.000837852 -0.000691933 0.00119546 0.00107754 0.000862419 0.0030167 0.00455893 0.000447045 0.00164966 0.000958137 0.00225345 0.000702299 -0.00325706 -0.00125009 -0.000274275 0.000134437 0.00263193 -0.00714484
internal_weight=61382.5 58301.3 20517.3 17339.4 16204.6 3081.18 37784 33431 14957.8 29984.1 29452.9 3177.93 12348.2 3446.94 28230.8 27170.5 24457.3 2713.14 1725.18 18685.5 2609.62 2307.33 1764.96 1312.1 542.364 10341.8 9433.93 2798.06 944.97 2185.54
internal_count=28878 24016 11993 9492 9110 4862 12023 10280 8287 9003 8870 2501 7049 1277 8568 8269 7467 802 519 5993 1238 1084 805 616 279 6054 3641 1041 353 3594
is_linear=0
shrinkage=0.05


Tree=119
num_leaves=31
num_cat=0
split_feature=7 7 4 5 1 1 5 2 0 2 2 6 4 1 0 4 1 4 6 6 5 5 6 1 7 4 7 1 2 4
split_gain=44.6034 11.69 9.97053 8.94434 8.18416 7.31814 7.01361 6.47893 4.99031 4.88571 4.88325 4.87815 4.87527 4.75644 3.5633 3.52042 3.5039 4.25601 3.60438 3.48575 3.3066 3.16601 4.5471 3.84219 3.0167 3.03043 2.92012 2.79547 2.78474 3.71102
threshold=3.5000000000000004 9.5000000000000018 745.50000000000011 1.5000000000000002 8.5000000000000018 15.500000000000002 1.5000000000000002 7272.5000000000009 70.500000000000014 19085.500000000004 13367.500000000002 85.500000000000014 847.50000000000011 18.500000000000004 71.500000000000014 605.50000000000011 2.5000000000000004 604.50000000000011 181.50000000000003 158.50000000000003 4.5000000000000009 1.5000000000000002 207.50000000000003 14.500000000000002 1.5000000000000002 765.50000000000011 5.5000000000000009 14.500000000000002 6562.5000000000009 660.50000000000011
decision_type=2 2 2 2 2 2 2 2 2 2 2 2 2 2 2 2 2 2 2 2 2 2 2 2 2 2 2 2 2 2
left_child=3 2 5 24 10 6 19 -8 12 11 14 -6 26 20 -5 -12 17 -9 -18 -2 -13 23 -23 -3 -1 -26 -4 -10 -7 -30
right_child=1 21 8 4 9 28 7 16 27 -11 15 13 -14 -15 -16 -17 18 -19 -20 -21 -22 22 -24 -25 25 -27 -28 -29 29 -31
leaf_value=-0.013646118963195987 -0.0033698646890146845 -0.0011508439233068695 -0.0050045397336779427 -0.0087973840801638722 -0.0066098976747685058 -0.0019960317212975669 -0.0029448225149444128 0.0031045690010941167 0.0037138639248335058 0.0081544587967102705 0.005007355513481279 -0.0030932413401355491 -0.01082799210151443 0.0062412801095748476 -0.00083798550133216011 -0.0041627873896142994 0.00054059325887560782 -0.0022931759252562581 0.0038321585378689686 0.001180650554374351 0.0014038078016364818 0.0014219499927214624 0.0069955152053043576 0.0024597016885292353 -0.0081775566389203479 0.0017778959371418269 -0.0017839503801911965 -0.0034615120291559298 0.0032156812381667409 0.00067203955977308881
leaf_weight=223.55068561434746 2336.9711560606956 2512.836452126503 943.26653176546097 1041.6743901073933 469.28083509206772 468.61519086360931 1555.8998003602028 447.48601174354553 478.22367113828659 124.30373162031174 129.03606042265892 1366.3952614367008 189.26850163936615 205.98286843299866 162.55906608700752 554.03732115030289 12081.265666425228 1985.7038853764534 893.18661093711853 513.26579040288925 583.23323357105255 21248.540164589882 372.35135293006897 1042.5458816289902 660.5928750038147 86.442893862724304 2772.7978817820549 189.53794491291046 3030.8490769863129 2721.4293813705444
leaf_count=522 1597 1092 702 1454 562 221 818 201 271 126 149 1673 111 221 224 724 5097 1049 342 311 565 5708 81 368 855 120 1364 85 1041 1130
internal_value=6.52105e-05 0.000492493 -0.000163957 -0.00418576 -0.00327207 0.000214261 -0.000255457 0.000130145 -0.00231716 -0.00153154 -0.00580745 -0.00199023 -0.00300014 -0.000984522 -0.00772295 -0.0024305 0.000440662 -0.00130048 0.000767191 -0.00255042 -0.00174794 0.00129057 0.00151794 -9.21225e-05 -0.00855045 -0.00702557 -0.00260145 0.0016772 0.00171033 0.00201227
internal_weight=61391.1 55784 30607.8 5607.09 4636.5 26034.7 19813.8 16963.5 4573.09 2749.2 1887.31 2624.89 3905.33 2155.61 1204.23 683.073 15407.6 2433.19 12974.5 2850.24 1949.63 25176.3 21620.9 3555.38 970.586 747.036 3716.06 667.762 6220.89 5752.28
internal_count=28784 21589 14340 7195 5698 11807 9415 7507 2533 3147 2551 3021 2177 2459 1678 873 6689 1250 5439 1908 2238 7249 5789 1460 1497 975 2066 356 2392 2171
is_linear=0
shrinkage=0.05


Tree=120
num_leaves=31
num_cat=0
split_feature=7 7 1 5 2 2 5 7 6 4 4 7 6 0 4 4 4 2 6 1 1 6 7 4 6 2 2 4 4 7
split_gain=46.6785 13.7705 8.74185 7.41574 6.67248 6.65991 5.2456 5.20028 4.91967 4.88622 4.52544 4.75939 3.87547 3.81527 3.79521 4.93984 3.40897 3.63964 4.15145 3.57617 3.31487 3.77019 3.42493 3.30111 3.28796 3.62567 3.08099 4.31436 3.03578 2.90409
threshold=2.5000000000000004 10.500000000000002 7.5000000000000009 1.5000000000000002 10521.500000000002 16448.500000000004 4.5000000000000009 5.5000000000000009 202.50000000000003 798.50000000000011 545.50000000000011 3.5000000000000004 90.500000000000014 19.500000000000004 681.50000000000011 656.50000000000011 736.50000000000011 15069.500000000002 111.50000000000001 4.5000000000000009 5.5000000000000009 145.50000000000003 8.5000000000000018 617.50000000000011 81.500000000000014 18269.000000000004 6661.5000000000009 569.50000000000011 734.50000000000011 9.5000000000000018
decision_type=2 2 2 2 2 2 2 2 2 2 2 2 2 2 2 2 2 2 2 2 2 2 2 2 2 2 2 2 2 2
left_child=6 2 3 -2 10 7 12 26 9 24 -4 -12 -1 -9 15 23 17 18 -3 -18 21 22 -15 -8 29 -26 -5 -28 -23 -6
right_child=1 16 4 5 8 -7 14 13 -10 -11 11 -13 -14 20 -16 -17 19 -19 -20 -21 -22 28 -24 -25 25 -27 27 -29 -30 -31
leaf_value=-0.011026155119589081 -0.0039134680498073412 0.00014191487665415528 0.0056148207547444869 -0.0085664044123570024 -0.0014051259432716189 0.002118960579970628 0.0025975264780545258 0.005425180308584166 0.0065674900557337115 -0.0032460471492515314 -0.0058082590149986643 -0.00070725467421984688 -0.006078460141071035 -0.002427860742657828 -0.0061653303543946318 0.011267098262890046 -0.0033569151674357686 0.0032475757875772698 0.0021662197271544808 0.00088489901496744284 -0.0025785128875589402 0.0028800416402109913 0.00062957161101466572 -0.0077213952570220432 0.00097536236644980053 0.0035687128463574164 0.0060879904593963367 -0.0031584709288952663 -0.0030936047511348 0.0027677248804010902
leaf_weight=507.13208547234535 2101.2825688719749 4084.7088429927826 266.06152731180191 239.81020510196686 2266.892260491848 1790.470383644104 173.18832179903984 259.4660005569458 374.24249428510666 725.10040020942688 486.3044508099556 7661.0529531240463 1802.5892698466778 1946.3065370321274 350.94421678781509 90.036770910024643 626.3869571685791 3529.5993618965149 6665.929523229599 2403.3446915149689 1833.6458675861359 1333.4869856834412 1730.2440131902695 140.28631356358528 13408.447731792927 1498.3461148738861 134.22924840450287 2097.2927638888359 253.0403904914856 510.92528080940247
leaf_count=881 1583 1241 102 213 1056 800 204 111 132 361 451 3444 3052 1037 472 115 263 805 1749 749 783 517 717 178 5303 516 92 1663 122 143
internal_value=3.25434e-05 0.000349082 -0.000151046 -0.00118006 0.000368021 -0.000685679 -0.00598244 -0.00119665 0.000892156 0.000776785 -0.000802172 -0.00101173 -0.0071648 -0.000530001 -0.00236274 0.00094448 0.00153127 0.00185446 0.00139708 7.91802e-06 -0.000747731 -0.00010989 -0.000988984 -0.0020204 0.000941728 0.00123603 -0.00318102 -0.00260228 0.00192729 -0.000637612
internal_weight=61290.8 58226.6 40916.6 13719.3 27197.4 11618 3064.18 9827.52 18784 18409.7 8413.42 8147.36 2309.72 7356.19 754.456 403.511 17310 14280.2 10750.6 3029.73 7096.72 5263.08 3676.55 313.475 17684.6 14906.8 2471.33 2231.52 1586.53 2777.82
internal_count=28855 23953 19146 7638 11508 6055 4902 5255 7511 7379 3997 3895 3933 3287 969 497 4807 3795 2990 1012 3176 2393 1754 382 7018 5819 1968 1755 639 1199
is_linear=0
shrinkage=0.05


Tree=121
num_leaves=31
num_cat=0
split_feature=7 7 3 2 4 7 4 3 4 0 1 4 4 6 3 6 0 2 2 1 4 6 1 1 6 6 4 7 1 4
split_gain=45.1911 12.6369 9.63638 7.74229 6.72635 6.6139 7.21188 5.9435 4.88191 3.94635 3.87094 3.85147 3.8072 3.7981 3.7121 3.70443 3.9479 5.52624 3.44683 3.40675 5.10434 3.17738 3.53791 3.05703 3.74477 3.05099 3.02391 2.97432 3.60827 2.91992
threshold=4.5000000000000009 1.5000000000000002 2.5000000000000004 9720.5000000000018 573.50000000000011 11.500000000000002 819.50000000000011 1.0000000180025095e-35 796.50000000000011 22.500000000000004 4.5000000000000009 600.50000000000011 729.50000000000011 58.500000000000007 1.0000000180025095e-35 196.50000000000003 76.500000000000014 13698.500000000002 14752.000000000002 9.5000000000000018 770.50000000000011 91.500000000000014 5.5000000000000009 12.500000000000002 151.50000000000003 155.50000000000003 650.50000000000011 10.500000000000002 17.500000000000004 678.50000000000011
decision_type=2 2 2 2 2 2 2 2 2 2 2 2 2 2 2 2 2 2 2 2 2 2 2 2 2 2 2 2 2 2
left_child=1 -1 3 12 -3 6 9 8 19 11 25 -5 27 -9 18 16 -12 -18 -13 29 -21 -14 -23 24 -7 -11 -27 -2 -29 -6
right_child=2 4 -4 5 7 23 -8 13 -10 10 15 14 21 -15 -16 -17 17 -19 -20 20 -22 22 -24 -25 -26 26 -28 28 -30 -31
leaf_value=-0.0081818151536094241 -0.00074671170835290818 0.0023802976174768938 0.0091478074270201753 0.0071190648143733175 -0.0032684427129971261 0.00048054470666716062 -0.0048127030782913966 -0.0091183481884583445 -0.010860525559311392 -0.0013138243809089536 0.00047365208955949033 0.0020880016729143114 -0.0054923015575313091 -0.00043599849008823784 0.0048414503524101928 0.0042308168793513332 0.0001335083108817878 0.0065485860914487257 -0.0030002963900544206 -0.0029577635751272531 0.006968803295223043 -0.0047879231655485223 -0.0001318518274921333 0.0034727362214657144 0.0041951684558783021 0.0048633763856734324 -0.00038071701123164217 0.00047895373710103668 0.0056015716004942078 -0.0070254002694537
leaf_weight=1159.3367090821266 6865.9662736058235 626.61793297529221 322.27614533901215 388.12670302391052 1029.6453230381012 2979.0820317268372 619.48700189590454 133.66501784324646 246.98004907369614 4418.3734741806984 21295.963403761387 947.347296833992 589.54447323083878 2185.0292002558708 650.47302401065826 741.56707274913788 687.02302026748657 656.51404011249542 513.07966470718384 2427.8168464899063 136.80076175928116 551.36028236150742 1568.9902181625366 2911.4548726081848 878.57011282444 434.45107412338257 748.51070356369019 3133.3694512844086 386.12148880958557 1039.1002196669579
leaf_count=2481 3064 489 63 123 1086 872 282 105 270 2125 7469 407 308 1667 192 211 247 198 200 2240 135 308 708 610 237 164 325 967 94 1213
internal_value=-3.43501e-05 -0.00331005 0.000528538 0.000475084 -0.00258832 0.000829325 0.000529824 -0.00302079 -0.00401106 0.000634953 0.00047057 0.00254139 -0.000576386 -0.000936507 0.0016997 0.000753399 0.000639495 0.00326821 0.000300372 -0.00364595 -0.00242826 -0.00224536 -0.00134258 0.00224964 0.00132654 -0.000710016 0.00154521 -0.000140896 0.00104095 -0.00515551
internal_weight=61272.6 8984.99 52287.7 51965.4 7825.66 38870 32100.9 7199.04 4880.34 31481.4 28982.4 2499.03 13095.4 2318.69 2110.9 23381.1 22639.5 1343.54 1460.43 4633.36 2564.62 2709.89 2120.35 6769.11 3857.65 5601.34 1182.96 10385.5 3519.49 2068.75
internal_count=28860 9686 19174 19111 7205 13662 11943 6716 4944 11661 10739 922 5449 1772 799 8125 7914 445 607 4674 2375 1324 1016 1719 1109 2614 489 4125 1061 2299
is_linear=0
shrinkage=0.05


Tree=122
num_leaves=31
num_cat=0
split_feature=3 5 3 2 4 6 4 6 1 1 4 2 1 4 0 0 2 5 1 4 2 6 2 6 6 0 2 5 1 3
split_gain=16.5892 15.6652 9.97926 6.72646 6.56388 5.82139 5.68106 5.35335 5.06491 4.78726 4.64174 4.59789 4.23151 3.81502 4.92618 3.73415 3.80756 3.31397 3.25573 3.17871 3.41116 3.04551 3.07789 3.39805 6.39871 3.38862 2.93283 2.86193 2.72725 2.66044
threshold=2.5000000000000004 1.5000000000000002 1.0000000180025095e-35 11877.500000000002 807.50000000000011 103.50000000000001 545.50000000000011 75.500000000000014 18.500000000000004 14.500000000000002 730.50000000000011 11427.500000000002 2.5000000000000004 720.50000000000011 53.500000000000007 21.500000000000004 9851.5000000000018 2.5000000000000004 16.500000000000004 666.50000000000011 7272.5000000000009 143.50000000000003 14507.500000000002 113.50000000000001 97.500000000000014 27.500000000000004 11955.500000000002 3.5000000000000004 12.500000000000002 1.5000000000000002
decision_type=2 2 2 2 2 2 2 2 2 2 2 2 2 2 2 2 2 2 2 2 2 2 2 2 2 2 2 2 2 2
left_child=1 7 3 5 9 11 -7 -1 19 -5 15 17 -12 -8 28 -9 -17 18 -3 20 -4 22 25 24 -24 -11 -21 -6 -15 -28
right_child=-2 2 8 4 27 6 13 10 -10 21 12 -13 -14 14 -16 16 -18 -19 -20 26 -22 -23 23 -25 -26 -27 29 -29 -30 -31
leaf_value=-0.0052311007068954907 0.010413699446437052 -0.0060402112142916436 -0.0016794471737154434 6.4062543868574469e-05 -0.0093249636758796547 0.0055391503558544324 3.5592537407880655e-05 0.0037348156948208001 0.0044146442816268448 0.0039310423429486365 -0.010536259470314264 -0.0066187582908019951 -0.0029196586423178394 -0.0056706216763880444 0.00030215826388531406 -0.0032704323780914576 -0.0004314999821843452 -0.0011403539869607794 0.0014660872319950564 -0.00065714968178460012 0.0021085178748514117 0.0036707397467656265 0.0016413962755437784 6.4864005110624998e-05 0.0093739516912479445 -0.0015062706478278281 0.0006914794478638628 -0.0018877552338706809 -0.001288864097484862 0.0039496483369101804
leaf_weight=1104.695287913084 381.63645261526108 721.16456887125969 650.11310267448425 13109.938673049212 225.74380367994308 400.08672696352005 7633.2630560398102 406.10443890094757 1195.1206461191177 356.39396342635155 209.89286828041077 565.60753831267357 1389.8013132214546 949.96287432312965 1153.9338401556015 1637.3799242377281 4238.0930860936642 3529.0773536860943 180.64028692245483 3799.8329095244408 6927.0733797848225 1580.7014827132225 857.55318158864975 933.95514258742332 388.85231322050095 1462.0764039754868 3883.1155432462692 302.94431269168854 567.1101331114769 747.07476317882538
leaf_count=773 99 544 266 6259 152 167 3720 254 322 138 193 290 1020 595 692 1116 2539 1878 103 1580 2149 577 314 330 141 619 1390 145 310 215
internal_value=2.15456e-05 -4.3357e-05 0.000289047 -0.000196548 0.000430698 -0.00096431 -0.00030654 -0.0019714 0.00127476 0.000586114 -0.0015145 -0.0023735 -0.00391902 -0.000533512 -0.00215991 -0.000902154 -0.00122266 -0.00183159 -0.00453663 0.00104033 0.00178352 0.00181275 0.00107831 0.00234514 0.00405379 -0.000440636 0.000372326 -0.00506336 -0.00403264 0.00121718
internal_weight=61488.9 61107.3 52121.3 34919 19218.2 15700.8 10704.4 8985.97 17202.3 18689.5 7881.27 4996.49 1599.69 10304.3 2671.01 6281.58 5875.47 4430.88 901.805 16007.2 7577.19 5579.53 3998.83 2180.36 1246.41 1818.47 8430.02 528.688 1517.07 4630.19
internal_count=28890 28791 22896 16974 8675 8299 5484 5895 5922 8378 5122 2815 1213 5317 1597 3909 3655 2525 647 5600 2415 2119 1542 785 455 757 3185 297 905 1605
is_linear=0
shrinkage=0.05


Tree=123
num_leaves=31
num_cat=0
split_feature=7 3 7 7 2 5 2 4 3 1 0 1 5 5 2 0 7 4 2 4 5 1 2 4 2 2 0 2 4 1
split_gain=44.7443 10.5342 9.90131 7.57313 5.99187 5.22581 5.62799 5.01859 4.99664 4.81289 4.20008 4.09422 3.982 3.83487 3.60955 3.51939 3.42363 3.69191 3.05108 3.02273 2.96403 2.9242 3.05688 2.91582 2.72061 3.15119 2.71752 2.99367 2.62395 2.60199
threshold=3.5000000000000004 2.5000000000000004 1.5000000000000002 6.5000000000000009 16448.500000000004 1.5000000000000002 9769.5000000000018 819.50000000000011 1.0000000180025095e-35 4.5000000000000009 78.500000000000014 6.5000000000000009 4.5000000000000009 3.5000000000000004 7865.5000000000009 22.500000000000004 2.5000000000000004 735.50000000000011 7434.5000000000009 837.50000000000011 1.5000000000000002 15.500000000000002 14973.500000000002 553.50000000000011 6847.5000000000009 6470.5000000000009 23.500000000000004 14551.500000000002 604.50000000000011 18.500000000000004
decision_type=2 2 2 2 2 2 2 2 2 2 2 2 2 2 2 2 2 2 2 2 2 2 2 2 2 2 2 2 2 2
left_child=2 3 20 9 7 -4 -7 12 16 28 13 -10 18 15 -15 -11 17 21 24 -9 -1 22 -8 -20 25 -5 27 -25 -2 -14
right_child=1 -3 5 4 -6 6 8 19 11 10 -12 -13 29 14 -16 -17 -18 -19 23 -21 -22 -23 -24 26 -26 -27 -28 -29 -30 -31
leaf_value=-0.013726705566103038 0.00098907444426204116 0.0091261938312344072 -0.0070996173793688696 -0.0012079378166806002 0.0020095116766155299 -0.0057438998042649812 -0.0082617028644035601 -0.0071051790539763855 -0.0036163684661465975 0.0032238244187626935 0.0070727187395418613 0.0039854838435500438 0.001118155921574579 -0.0029779601406179955 0.0012065813629607942 -0.0017799299191760911 -0.00086558950067933355 -0.012536851624142831 0.0029294285058338049 -0.00041088692425126917 -0.0072299898464413329 0.002252868460217633 0.00013526672488804563 0.0028352522039013853 -0.0038302401397058584 0.0036195071706253547 5.083911854328341e-05 -0.0019147224613496239 -0.0034462387384805331 0.0043686068743048019
leaf_weight=216.16636854410172 397.004614174366 343.09652578830719 730.41495877504349 2214.1008068323135 6790.5479024648666 964.08948117494583 334.99194967746735 349.80646860599518 247.49095249176025 381.41966408491135 191.21067851781845 622.9448676109314 8979.6977996826172 594.93014204502106 3852.3809725046158 4466.506254196167 1020.2942293286324 142.36423146724701 1053.7239382266998 325.5744481086731 934.69757354259491 158.77626413106918 160.22731798887253 1733.2671756744385 783.36970174312592 398.96273338794708 19551.766894936562 410.21983695030212 2083.4281883835793 661.00707721710205
leaf_count=520 245 72 978 949 1894 1066 442 146 250 251 92 473 2295 318 1718 2957 952 196 296 143 1963 176 206 632 332 173 7254 132 1520 122
internal_value=-3.48812e-05 0.000392099 -0.00432301 0.000337831 0.000645831 -0.00323895 -0.00246663 0.000391861 -0.00129079 -0.000775377 -0.000262641 0.00182405 0.000472447 -0.000413535 0.000646803 -0.00138625 -0.00278324 -0.00524013 0.000152174 -0.00387813 -0.00845027 -0.00365175 -0.00554488 0.000360878 -0.0012457 -0.000470883 0.000236125 0.0019262 -0.00273635 0.00134102
internal_weight=61094.5 55562 5532.46 55218.9 43252 4381.59 3651.18 36461.5 2687.09 11966.9 9486.45 870.436 35786.1 9295.24 4447.31 4847.93 1816.65 796.36 26145.4 675.381 1150.86 653.996 495.219 22749 3396.43 2613.06 21695.3 2143.49 2480.43 9640.7
internal_count=28763 21541 7222 21469 14368 4739 3761 12474 2695 7101 5336 723 12185 5244 2036 3208 1972 1020 9768 289 2483 824 648 8314 1454 1122 8018 764 1765 2417
is_linear=0
shrinkage=0.05


Tree=124
num_leaves=31
num_cat=0
split_feature=7 7 3 2 5 3 4 7 4 1 4 1 1 7 2 1 4 1 7 6 2 4 6 6 4 5 2 4 4 2
split_gain=39.6341 15.1223 10.4089 9.03257 9.58467 5.46335 5.27144 4.70464 4.31932 4.26051 4.28659 4.18162 4.16986 5.02415 3.93883 3.78068 3.53323 3.37525 3.36284 3.98215 3.31679 3.28428 3.25084 3.22177 3.53422 3.41365 3.70186 4.01473 3.43332 3.01463
threshold=2.5000000000000004 8.5000000000000018 1.5000000000000002 6562.5000000000009 1.5000000000000002 1.5000000000000002 537.50000000000011 1.5000000000000002 738.50000000000011 6.5000000000000009 803.50000000000011 12.500000000000002 15.500000000000002 5.5000000000000009 14359.500000000002 13.500000000000002 734.50000000000011 1.5000000000000002 11.500000000000002 58.500000000000007 18727.000000000004 606.50000000000011 152.50000000000003 79.500000000000014 691.50000000000011 4.5000000000000009 18410.500000000004 634.50000000000011 662.50000000000011 13698.500000000002
decision_type=2 2 2 2 2 2 2 2 2 2 2 2 2 2 2 2 2 2 2 2 2 2 2 2 2 2 2 2 2 2
left_child=5 2 3 17 12 7 11 -1 18 10 21 -6 13 -5 15 -4 -9 -2 19 -3 -10 29 -20 24 -11 -25 27 -27 -29 -8
right_child=1 8 14 4 6 -7 9 16 20 23 -12 -13 -14 -15 -16 -17 -18 -19 22 -21 -22 -23 -24 25 -26 26 -28 28 -30 -31
leaf_value=-0.0088140428550795569 -0.011031349519562647 -0.0021022575795422221 -0.00092767112477048499 -0.0068093650461777001 0.00037054072365483564 0.003976754625429498 -0.0010749750390704076 -0.0034957720727602348 -0.00067510798323139191 -4.250706760796204e-05 -0.0088529327364026671 0.0089605431055750136 -1.0199609534808476e-05 -0.0022961023758703209 0.0065470229524647334 0.0054371210806168791 -0.0090871258697143679 -0.0036345300539209224 0.0015666702055051032 0.0010298191178055381 0.0047302129279206302 -0.0018088744812038756 0.0041269679967918796 -0.00015610961104171005 -0.0043284672550927116 0.0041455629665806447 0.0069203111836258178 -0.0035968822872181681 0.0011071832464292972 0.0051484539355942591
leaf_weight=1061.4901022017002 170.31557822227478 1075.8125500679016 646.4004008769989 1029.4174711704254 293.65305697917938 138.85986363887787 437.8156526684761 1422.645594894886 4943.2484401464462 1206.2892537713051 194.03702384233475 273.75118350982666 819.93417143821716 1537.733529150486 576.86874598264694 365.09148716926575 352.55690914392471 1632.4808815717697 5900.5296750068665 17902.799433946609 301.0878574848175 4485.1541044712067 1569.6102347373962 7998.5715388655663 799.96886199712753 857.6409797668457 310.24035930633545 485.10805678367615 1935.5001579523087 350.26013559103012
leaf_count=2325 133 358 275 1065 129 192 252 1822 1818 581 142 88 511 994 172 109 492 1046 1535 5417 94 2803 382 4034 461 284 90 174 799 168
internal_value=-7.84975e-05 0.000209754 -0.000673983 -0.000925121 -0.000658152 -0.00570677 -0.000234287 -0.00618079 0.000946071 -0.000375663 -0.00155438 0.00451489 -0.00311443 -0.0041059 0.00325 0.00136966 -0.00460622 -0.00433333 0.00120599 0.000852276 -0.000364778 -0.00128582 0.00210463 9.84213e-05 -0.00175148 0.000418725 0.0017 0.00120597 0.000164453 0.00169103
internal_weight=61074.9 58099.3 26406.2 24817.9 23015.1 2975.55 19628 2836.69 31693.1 19060.6 5467.27 567.404 3387.09 2567.15 1588.36 1011.49 1775.2 1802.8 26448.8 18978.6 5244.34 5273.23 7470.14 13593.3 2006.26 11587.1 3588.49 3278.25 2420.61 788.076
internal_count=28745 23914 14310 13754 12575 4831 10005 4639 9604 9788 3365 217 2570 2059 556 384 2314 1179 7692 5775 1912 3223 1917 6423 1042 5381 1347 1257 973 420
is_linear=0
shrinkage=0.05


Tree=125
num_leaves=31
num_cat=0
split_feature=7 7 1 1 5 5 0 2 4 4 2 2 1 4 6 2 0 6 4 2 7 1 2 4 0 1 6 4 7 4
split_gain=40.6894 11.7312 6.89119 6.35519 6.24134 6.06842 5.30443 4.78401 5.81344 4.66898 4.45865 4.31324 4.17312 4.92595 4.10209 3.86604 3.70555 3.49335 3.3904 5.04317 4.41756 3.15166 3.15153 3.3324 2.96165 2.90717 2.88051 2.7282 2.69444 2.64768
threshold=4.5000000000000009 1.5000000000000002 12.500000000000002 16.500000000000004 1.5000000000000002 2.5000000000000004 32.500000000000007 7865.5000000000009 711.50000000000011 723.50000000000011 7272.5000000000009 21148.500000000004 3.5000000000000004 628.50000000000011 198.50000000000003 8679.5000000000018 76.500000000000014 146.50000000000003 738.50000000000011 7589.5000000000009 6.5000000000000009 10.500000000000002 6939.0000000000009 606.50000000000011 61.500000000000007 2.5000000000000004 88.500000000000014 775.50000000000011 11.500000000000002 603.50000000000011
decision_type=2 2 2 2 2 2 2 2 2 2 2 2 2 2 2 2 2 2 2 2 2 2 2 2 2 2 2 2 2 2
left_child=1 21 5 4 6 16 -2 8 -8 15 -7 14 13 -12 18 -4 26 29 19 20 -6 -1 23 -22 -19 -9 -3 -14 -27 -17
right_child=3 2 9 -5 11 10 7 25 -10 -11 12 -13 27 -15 -16 17 -18 24 -20 -21 22 -23 -24 -25 -26 28 -28 -29 -30 -31
leaf_value=-0.010440316898931891 0.0013453415431941757 -0.011340012893916734 -0.0038757264587328416 0.0016277612693790554 -0.0053190906484145532 -0.0079834663699818818 -0.0029522606200156221 -0.0047621093670358657 -0.013133508663835126 -0.0041676296512977136 0.002126912098548941 0.0049828324255620175 -3.9526481296345932e-05 -0.0073223915529378432 0.0035103036410730863 0.003874446297291364 0.0038460477105222014 0.0022550150435419929 -0.00079011693402734158 0.00075052319447791555 -0.0037210084796383243 -0.0051323843230128676 -0.0035107161005599992 0.0014097668359494932 0.010392238666216535 -0.0015236292055964868 -0.005776570787917254 -0.0074106313879003585 0.0022490366191096596 -0.0011321799846309437
leaf_weight=601.15581896901131 1467.0707550048828 289.1190642118454 448.61157596111298 9517.320484995842 571.49668091535568 323.52279835939407 463.95748382806778 568.0924665927887 200.92757600545883 757.44245737791061 183.63137805461884 516.56881749629974 1805.1823974251747 554.06808632612228 1018.0112540721893 343.16119682788849 85.439346015453339 361.83350342512131 6013.1082260012627 25768.391433358192 388.47357964515686 522.92543476819992 656.70510685443878 1707.3800587654114 161.83295238018036 2866.259476184845 1191.4325371384621 134.91299104690552 566.87454259395599 1145.7105289101601
leaf_count=1352 780 363 377 2838 343 340 269 360 137 675 164 137 1532 559 308 233 96 270 2555 8678 131 1114 232 638 110 1537 1436 127 219 922
internal_value=-7.298e-05 -0.00319623 -0.00250686 0.0004592 0.000199189 -0.00375559 -0.00127705 -0.00210156 -0.00602902 -0.00073488 -0.0024391 0.000446297 -0.00176925 -0.00497023 0.000381424 0.000321581 -0.00627871 0.0012572 0.000290691 0.000514083 -0.00131883 -0.00797105 -0.000488277 0.00045876 0.00476973 -0.00144893 -0.00686299 -0.000552108 -0.000900692 2.17676e-05
internal_weight=61200.6 8909.98 7785.9 52290.6 42773.3 4567.31 6133.18 4666.11 664.885 3218.59 3001.32 36640.1 2677.79 737.699 36123.6 2461.15 1565.99 2012.54 35105.6 29092.4 3324.06 1124.08 2752.56 2095.85 523.666 4001.23 1480.55 1940.1 3433.13 1488.87
internal_count=28832 9670 7204 19162 16324 4617 3302 2522 406 2587 2722 13022 2382 723 12885 1912 1895 1535 12577 10022 1344 2466 1001 769 380 2116 1799 1659 1756 1155
is_linear=0
shrinkage=0.05


Tree=126
num_leaves=31
num_cat=0
split_feature=7 7 3 4 6 1 3 1 4 6 6 2 2 6 1 6 4 4 2 4 1 6 2 3 2 4 1 2 7 4
split_gain=36.0284 13.539 7.6968 7.0111 6.2268 6.48411 6.20789 4.91209 4.5857 4.28251 4.46667 3.88544 4.49072 3.71458 3.5869 3.30944 3.28484 3.15662 3.0129 3.01238 3.16725 2.90987 2.90835 2.80716 3.31156 3.09916 2.80224 2.78854 2.95412 2.66849
threshold=2.5000000000000004 7.5000000000000009 1.5000000000000002 809.50000000000011 72.500000000000014 7.5000000000000009 1.0000000180025095e-35 3.5000000000000004 721.50000000000011 134.50000000000003 168.50000000000003 7434.5000000000009 6939.0000000000009 163.50000000000003 13.500000000000002 134.50000000000003 621.50000000000011 742.50000000000011 21148.500000000004 553.50000000000011 14.500000000000002 145.50000000000003 13411.500000000002 1.0000000180025095e-35 10341.000000000002 798.50000000000011 12.500000000000002 6470.5000000000009 10.500000000000002 617.50000000000011
decision_type=2 2 2 2 2 2 2 2 2 2 2 2 2 2 2 2 2 2 2 2 2 2 2 2 2 2 2 2 2 2
left_child=6 2 4 7 -2 8 14 -3 9 -6 13 12 27 -11 17 26 29 -1 -18 20 -7 -17 -10 24 -21 -26 -8 28 -9 -13
right_child=1 3 -4 -5 5 19 15 11 22 10 -12 16 -14 -15 -16 21 18 -19 -20 23 -22 -23 -24 -25 25 -27 -28 -29 -30 -31
leaf_value=-0.0072622099543944137 -0.0036971296263171847 -0.00046714184484468712 0.0028988473625004879 -0.0033607805159218095 -0.0026438155786212354 -3.6193246546662349e-05 -0.006972869078880427 -0.0021586013698298083 -0.0062763354761797979 0.0011494390404330822 -0.0030291710759697524 0.002005555410796272 -0.0044427061396474198 0.0090853781578280803 -0.0039492005082873028 0.010912842412757404 0.0009358991862675383 -0.013525807235712652 0.005470057495632394 -0.0023596909801317399 0.0077419100904711179 -0.00046395637009571337 -0.0016585873978142282 0.0010507534083308144 0.00018051723668891537 -0.0060184142126980212 0.00029720037875333291 0.0037384001699660024 0.0015714060082255754 0.0059789318794384906
leaf_weight=1161.2646386623383 2015.8871260285378 5594.7504230737686 1305.5342267751694 992.15200018882751 2501.6396343708038 276.2868595123291 336.01405191421509 1131.4181244373322 908.21235662698746 1070.107258617878 594.03413337469101 6661.1214793920517 591.07571744918823 171.01757216453552 692.04766395688057 75.541152775287628 20811.045188784599 243.28838133811951 372.94563126564026 2243.0331574678421 248.68614375591278 219.57447925209999 545.94863867759705 3037.0921020507812 5066.0176795125008 209.9851850271225 218.89270496368408 500.56593132019043 999.97457981109619 451.17862617969513
leaf_count=2052 1337 2237 492 392 1751 120 540 466 750 701 362 1649 216 101 1079 106 6370 469 83 1474 101 317 391 1288 2842 145 279 176 311 121
internal_value=-4.00259e-05 0.000232609 -0.00081409 0.000787283 -0.00107073 -0.000756924 -0.00543418 0.000898171 -0.00211282 -0.00129808 0.000536385 0.00114052 -0.000504362 0.00224295 -0.00689547 -0.00182987 0.00132787 -0.00834715 0.00101572 -4.83344e-05 0.00364839 0.00244818 -0.00454265 -0.000232178 -0.000750381 -6.62006e-05 -0.00410506 0.000380098 -0.000408613 0.00225761
internal_weight=61246.3 58299.7 20193.5 38106.2 18887.9 16872.1 2946.62 37114.1 5790.96 4336.8 1835.16 31519.3 3223.03 1241.12 2096.6 850.022 28296.3 1404.55 21184 11081.1 524.973 295.116 1454.16 10556.1 7519.04 5276 554.907 2631.96 2131.39 7112.3
internal_count=28718 23876 11855 12021 11363 10026 4842 11629 4056 2915 1164 9392 1169 802 3600 1242 8223 2521 6453 5970 221 423 1141 5749 4461 2987 819 953 777 1770
is_linear=0
shrinkage=0.05


Tree=127
num_leaves=31
num_cat=0
split_feature=7 7 5 2 5 4 2 0 2 5 3 0 4 5 4 4 1 5 4 1 2 4 2 2 2 2 4 2 2 0
split_gain=33.9687 11.7218 6.83715 6.68406 6.01898 7.53775 4.63971 4.40606 4.77308 4.31619 4.28715 4.15287 3.52259 3.46729 3.29638 3.2901 3.5902 3.81776 3.27292 3.26572 2.74663 6.61475 2.73743 2.69711 3.42222 2.66837 2.51449 2.51429 2.41712 2.5057
threshold=2.5000000000000004 5.5000000000000009 3.5000000000000004 18562.500000000004 1.5000000000000002 553.50000000000011 11993.500000000002 37.500000000000007 7272.5000000000009 1.5000000000000002 1.0000000180025095e-35 20.500000000000004 583.50000000000011 4.5000000000000009 648.50000000000011 751.50000000000011 15.500000000000002 1.5000000000000002 775.50000000000011 16.500000000000004 14809.500000000002 616.50000000000011 5308.5000000000009 8790.5000000000018 10293.500000000002 7731.5000000000009 736.50000000000011 7509.5000000000009 13780.500000000002 58.500000000000007
decision_type=2 2 2 2 2 2 2 2 2 2 2 2 2 2 2 2 2 2 2 2 2 2 2 2 2 2 2 2 2 2
left_child=9 2 15 11 5 -3 13 -7 -9 -1 20 -4 -8 -6 27 16 17 28 19 23 22 -22 -11 -10 -25 -19 -24 -13 29 -2
right_child=1 4 3 -5 6 7 12 8 18 10 -12 14 -14 -15 -16 -17 -18 25 -20 -21 21 -23 26 24 -26 -27 -28 -29 -30 -31
leaf_value=-0.0094507615750244207 -0.0059760503106132271 0.0073490206501781452 -0.0072098845249839554 0.0076301099304982136 -0.00021792884054751824 0.00078461445627302196 0.0031098921219404347 -0.0064155351667489566 0.0030402809095261903 0.0033185670202973065 -0.0011434083415116281 -0.003598116611349734 0.0010766183828268799 0.0012480806476265665 -0.0011021016685246023 -0.0056869375056007856 0.00043492716082809936 -0.0059661162745382294 -0.0060657364380459931 0.0021208412117333583 0.010468549881472592 -0.0053037385458888095 -0.0063482882008509718 -0.0064337454236961904 -0.0014226642379693288 -0.0010895422012175871 -0.012199782486163213 0.0026616182049275191 -0.0091875276506423794 0.00040129721919144066
leaf_weight=507.20149290561676 458.80769050121307 273.47634589672089 212.83381515741348 275.72927570343018 13180.917746782303 2082.8551045656204 2381.9616007804871 537.64228957891464 274.49316811561584 62.171750336885452 719.83885231614113 183.69237059354782 20149.862800121307 5811.5576891899109 2625.682587325573 728.75150138139725 1086.5180100798607 326.03252226114273 343.75197398662567 695.7300910949707 82.158059448003769 348.26205343008041 984.79642257094383 399.55380880832672 2313.4499601125717 2009.2905066013336 225.66244906187057 1265.8742005228996 303.67470282316208 231.86165672540665
leaf_count=985 468 97 128 140 5063 1018 568 312 158 111 1019 116 6136 1614 1718 682 753 292 197 275 117 567 1628 223 1121 1600 411 694 300 235
internal_value=-3.65286e-06 0.000261012 -0.00132469 8.41173e-05 0.000578797 -0.000786333 0.000806327 -0.00112102 -0.00199057 -0.00525649 -0.00437848 -0.0004011 0.00129157 0.000230659 -4.55044e-05 -0.00257437 -0.00206074 -0.00287512 -0.00139979 -0.000964323 -0.00574586 -0.00229314 -0.00691362 -0.0016828 -0.00216066 -0.00177036 -0.00743917 0.00186837 -0.00546977 -0.00383514
internal_weight=61084.1 58154 9708.75 4563.81 48445.3 6920.95 41524.3 6647.48 4564.62 2930.09 2422.89 4288.08 22531.8 18992.5 4075.25 5144.94 4416.19 3329.67 4026.98 3683.23 1703.05 430.42 1272.63 2987.5 2713 2335.32 1210.46 1449.57 994.344 690.669
internal_count=28746 23908 7126 2796 16782 3401 13381 3304 2286 4838 3853 2656 6704 6677 2528 4330 3648 2895 1974 1777 2834 684 2150 1502 1344 1892 2039 810 1003 703
is_linear=0
shrinkage=0.05


Tree=128
num_leaves=31
num_cat=0
split_feature=7 7 5 5 2 5 0 4 1 4 4 2 4 4 1 0 1 0 2 4 2 2 0 2 0 0 4 7 3 2
split_gain=31.4061 10.2085 9.29285 5.76505 5.24949 4.92375 4.72258 6.0404 4.54627 4.32131 4.14394 3.51967 3.35656 4.0492 3.35506 4.94659 3.22833 3.22499 3.59697 3.15403 3.14506 2.903 3.10083 3.26491 2.76816 3.02299 2.71029 2.91954 2.66706 2.55727
threshold=2.5000000000000004 7.5000000000000009 1.5000000000000002 3.5000000000000004 6661.5000000000009 4.5000000000000009 77.500000000000014 693.50000000000011 17.500000000000004 561.50000000000011 692.50000000000011 17256.500000000004 809.50000000000011 837.50000000000011 13.500000000000002 74.500000000000014 16.500000000000004 53.500000000000007 6093.5000000000009 737.50000000000011 3710.5000000000005 19249.000000000004 36.500000000000007 6847.5000000000009 21.500000000000004 76.500000000000014 650.50000000000011 1.5000000000000002 1.5000000000000002 11068.500000000002
decision_type=2 2 2 2 2 2 2 2 2 2 2 2 2 2 2 2 2 2 2 2 2 2 2 2 2 2 2 2 2 2
left_child=3 2 24 26 17 6 12 -8 9 29 -10 28 16 -14 15 19 20 18 -4 -5 -3 22 23 -22 -2 -26 -1 -28 -11 -6
right_child=1 5 4 14 8 -7 7 -9 10 11 -12 -13 13 -15 -16 -17 -18 -19 -20 -21 21 -23 -24 -25 25 -27 27 -29 -30 -31
leaf_value=-0.0042294552759179196 0.0024356167115503866 -0.0047649786277906272 0.0007006595618568208 -0.0040836920186881941 0.0076377672437453765 0.0016672312784836133 0.0065796731785110751 -0.0014079342691953084 0.0042428451085309866 -0.00097194086197083826 -0.00057537768673867425 0.001761119139066154 -0.0060363672122438067 0.0017253154556302035 0.00089439891744298554 0.0078865460107364199 0.0015193518219219907 -0.0062409082008494966 -0.0078610954157758896 -0.012271419223994225 0.0049759050393386435 0.0029741196133696792 -0.00038658200896524739 0.00063083801158412905 -0.0039473706064235411 0.004009366635518501 -0.011772639330367903 -0.0064074829296238804 0.0020988730046720078 0.0014210987717283101
leaf_weight=565.53919950127602 203.55855578184128 328.94267141819 571.8779085278511 655.56154701113701 241.78372472524643 10265.508133530617 659.04806339740753 369.32145535945892 1138.5482404828072 10986.143980026245 733.90296643972397 1549.4322870969772 446.97736501693726 269.25674664974213 454.8341149687767 74.887337893247604 4819.9873269796371 537.97116321325302 156.17476904392242 143.33668419718742 466.36203908920288 879.38933348655701 13650.301705241203 5924.9563453197479 2729.6373839974403 124.83255165815353 417.41258928179741 645.9744119644165 755.7150764465332 523.8022620677948
leaf_count=993 152 137 378 991 109 2352 195 142 470 6421 377 736 190 116 580 111 1343 365 95 247 194 255 4982 2102 2200 104 1005 976 255 225
internal_value=-5.87272e-06 0.000248978 -0.000657992 -0.00503245 -0.000206333 0.000731362 0.000385961 0.00371106 3.99563e-05 -0.000268334 0.00235435 -0.000478734 0.000258305 -0.00311849 -0.00258814 -0.00440091 0.000351077 -0.00330518 -0.00113592 -0.00555272 8.60851e-05 0.000162359 3.89839e-05 0.000947889 -0.00319768 -0.0035994 -0.00702613 -0.00851347 -0.000774301 0.00338442
internal_weight=61291 58333.4 20253.4 2957.55 17195.4 38080.1 27814.5 1028.37 15929.3 14056.9 1872.45 13291.3 26786.2 716.234 1328.62 873.786 26069.9 1266.02 728.053 798.898 21250 20921 20041.6 6391.32 3058.03 2854.47 1628.93 1063.39 11741.9 765.586
internal_count=28798 23895 11887 4903 9431 12008 9656 337 8593 7746 847 7412 9319 306 1929 1349 9013 838 473 1238 7670 7533 7278 2296 2456 2304 2974 1981 6676 334
is_linear=0
shrinkage=0.05


Tree=129
num_leaves=31
num_cat=0
split_feature=7 3 7 4 5 7 4 5 6 1 5 1 1 6 4 1 6 1 5 3 4 6 6 0 0 1 6 1 5 3
split_gain=34.9869 11.8031 10.3708 6.50055 5.30432 5.2165 4.51105 4.34892 4.33986 3.88015 3.73744 3.23187 3.09406 3.20356 3.09178 3.06144 2.97125 3.46991 2.8922 2.87706 2.85211 3.11258 2.70721 2.68946 2.67993 2.97467 2.74308 2.67553 2.58746 2.56786
threshold=2.5000000000000004 2.5000000000000004 5.5000000000000009 665.50000000000011 4.5000000000000009 11.500000000000002 819.50000000000011 1.5000000000000002 118.50000000000001 12.500000000000002 4.5000000000000009 7.5000000000000009 10.500000000000002 135.50000000000003 553.50000000000011 18.500000000000004 93.500000000000014 1.0000000180025095e-35 1.5000000000000002 1.0000000180025095e-35 621.50000000000011 101.50000000000001 105.50000000000001 53.500000000000007 33.500000000000007 16.500000000000004 121.50000000000001 14.500000000000002 1.5000000000000002 1.0000000180025095e-35
decision_type=2 2 2 2 2 2 2 2 2 2 2 2 2 2 2 2 2 2 2 2 2 2 2 2 2 2 2 2 2 2
left_child=4 2 3 7 12 6 10 8 23 -7 14 -10 13 -1 -4 -9 -5 -18 22 -19 -12 -22 -16 -2 -24 26 -26 -28 -14 -6
right_child=1 -3 5 16 29 9 -8 15 11 -11 20 -13 28 -15 18 -17 17 19 -20 -21 21 -23 24 -25 25 -27 27 -29 -30 -31
leaf_value=-0.010328479145880757 -0.012644808587332646 0.009402633361453628 0.0024401456263875116 -0.0045395995540913276 -0.0035275558418435432 0.00071916131818433842 -0.0035825577048473898 0.00043275710615933174 -0.0066962242513147214 0.0028138520798966877 0.0025934063286726563 0.0036987020429625653 -0.009101382101945334 -0.0047805619731743441 -0.0027102223582806903 0.0062179385767131565 -0.0085338620759478692 -0.0023844256117262564 0.00020209715405320722 0.00058436741562699443 -0.00086888100332081861 0.0013274851922030787 0.0021236131515817588 -0.0029584521514151394 0.0012954743457603962 0.0024083479987649647 -0.0021193390476276245 -0.0081639474603292777 -0.0032376055052611842 0.002982639854260458
leaf_weight=730.99485790729523 155.936374604702 353.47148364782333 1303.6585282087326 1283.9048439264297 518.73771515488625 5139.25974214077 738.93801999092102 3475.5729006528854 113.05329269170761 3879.8084532022476 2629.2113697528839 220.83592361211777 244.78818824887276 404.01615509390831 1751.8841228485107 244.78855037689209 181.03265100717545 2586.3406100869179 21670.814110040665 1192.2734719514847 2272.501123547554 5558.7944799661636 858.90641218423843 132.59680807590485 512.92377460002899 493.80244576931 1426.6889210343361 210.01699900627136 812.81384700536728 213.93716061115265
leaf_count=1404 153 81 401 1065 726 1540 344 2220 118 839 582 182 457 736 977 121 168 2162 8115 745 703 1509 433 129 270 206 753 98 1312 259
internal_value=2.62681e-05 0.000293615 0.000238134 -0.00126447 -0.00530982 0.000535457 0.000287314 0.000166222 -0.00370213 0.00162025 0.000361226 0.00017903 -0.00654058 -0.00835365 6.20729e-05 0.000813405 -0.0024494 -0.00177165 -5.30688e-05 -0.00144768 0.00116852 0.000690139 -0.00110549 -0.0081934 -0.000302796 -0.00109119 -0.00189508 -0.00289496 -0.00459481 -0.00162661
internal_weight=61312.3 58387 58033.5 9586.34 2925.29 48447.2 39428.1 4342.78 622.422 9019.07 38689.2 333.889 2192.61 1135.01 28228.7 3720.36 5243.55 3959.65 26925 3778.61 10460.5 7831.3 5254.22 288.533 3502.34 2643.43 2149.63 1636.71 1057.6 732.675
internal_count=28808 23914 23833 7063 4894 16770 14391 2923 582 2379 14047 300 3909 2140 11253 2341 4140 3075 10852 2907 2794 2212 2737 282 1760 1327 1121 851 1769 985
is_linear=0
shrinkage=0.05


Tree=130
num_leaves=31
num_cat=0
split_feature=7 5 3 5 7 4 0 2 7 1 2 1 2 2 4 4 0 4 7 4 0 4 1 1 2 4 2 4 2 1
split_gain=33.1301 10.0717 8.9557 6.85546 6.5951 5.86716 6.00186 4.82369 4.23201 4.01183 3.7775 3.62621 4.37523 3.83778 3.71632 3.45795 3.57705 3.41507 3.34444 5.1372 3.5306 3.30068 3.19668 2.62539 2.67181 2.57811 2.47751 2.28022 2.1769 2.14023
threshold=4.5000000000000009 1.5000000000000002 1.5000000000000002 4.5000000000000009 2.5000000000000004 693.50000000000011 77.500000000000014 13780.500000000002 1.5000000000000002 10.500000000000002 10910.500000000002 3.5000000000000004 16097.500000000002 8012.5000000000009 796.50000000000011 690.50000000000011 71.500000000000014 648.50000000000011 11.500000000000002 819.50000000000011 21.500000000000004 602.50000000000011 10.500000000000002 16.500000000000004 19485.000000000004 798.50000000000011 13189.500000000002 661.50000000000011 15444.500000000002 6.5000000000000009
decision_type=2 2 2 2 2 2 2 2 2 2 2 2 2 2 2 2 2 2 2 2 2 2 2 2 2 2 2 2 2 2
left_child=1 8 4 5 9 6 23 -8 -1 -3 -7 12 -6 22 -15 16 -11 -4 19 20 -12 -10 -13 24 -2 -5 -20 -23 -28 -22
right_child=3 2 17 25 11 10 7 -9 21 15 18 13 -14 14 -16 -17 -18 -19 26 -21 29 27 -24 -25 -26 -27 28 -29 -30 -31
leaf_value=-0.013383453479314016 0.00011435217955468929 -0.0067279237836463035 0.011428115989715163 0.0015726054215637821 -0.0063358863733049657 -0.0017252169503861573 0.0016204097238717954 0.009194171370655136 0.0011470116866522774 -0.0015886615012630769 0.0039566128289774101 -0.0094196656009000214 0.0040617824215979335 0.00017840914920466322 -0.0078033503973632184 -0.0057768719287223354 0.0096117675382398921 0.0017826215516763889 0.0048090918337646872 -0.0059129544796574333 -0.0018529416817591425 -0.0100523038247557 -0.0014670725729333959 0.0016114833846578823 0.0032972455004993367 -0.0020227089318094549 -0.0018520316943933996 -0.0050268933148919226 0.0027450195233979218 0.00010641308409758965
leaf_weight=200.94686552882195 17992.578747034073 1168.4216951727867 142.04004311561584 13739.556767582893 613.73316949605942 5139.7918961644173 514.18401324748993 355.63720953464508 159.76115441322327 578.72851186990738 486.34959137439728 217.39695179462433 121.14479410648346 3239.0057092308998 152.70838803052902 482.8789684176445 81.298375308513641 259.28263080120087 539.8409925699234 409.69934147596359 1949.8332741260529 324.82997530698776 301.7696213722229 4222.6489839553833 684.40768432617188 517.3950799703598 476.55867826938629 739.81036505103111 560.30465257167816 4886.5725132226944
leaf_count=516 7030 2037 87 3652 585 2562 200 97 177 840 207 208 103 2353 135 760 113 209 179 207 1056 392 234 1260 216 179 145 924 154 2004
internal_value=3.0708e-05 -0.00281135 -0.00206619 0.000506436 -0.00248514 0.000157386 0.000640396 0.00471704 -0.00665827 -0.00466769 -0.000637197 -0.00139929 -0.00462183 -0.000793758 -0.000180961 -0.00256146 -0.000209056 0.00519645 -3.64779e-05 -0.000464428 -0.00015959 -0.00555454 -0.00479716 0.000485548 0.000230988 0.00144213 0.00206227 -0.00656018 0.000632143 -0.000452421
internal_weight=61259.1 8783.76 7358.41 52475.4 6957.09 38218.4 23769.5 869.821 1425.35 2311.33 14449 4645.76 734.878 3910.88 3391.71 1142.91 660.027 401.323 9309.16 7732.45 7322.76 1224.4 519.167 22899.6 18677 14257 1576.7 1064.64 1036.86 6836.41
internal_count=28821 9673 7664 19148 7368 15317 8803 297 2009 3750 6514 3618 688 2930 2488 1713 953 296 3952 3474 3267 1493 442 8506 7246 3831 478 1316 299 3060
is_linear=0
shrinkage=0.05


Tree=131
num_leaves=31
num_cat=0
split_feature=7 7 6 5 3 2 4 4 4 5 7 1 5 1 6 6 1 3 2 4 2 4 4 4 2 1 4 4 6 2
split_gain=28.6803 9.60628 8.41276 6.20959 5.9554 5.98259 5.58743 4.64633 4.51978 4.61278 5.25116 3.74446 3.5853 3.53901 3.2685 3.09553 3.43397 2.90684 4.26549 3.05929 2.77949 2.7288 4.3704 3.27886 2.9802 3.39569 2.69877 2.95884 2.68095 3.19045
threshold=4.5000000000000009 1.5000000000000002 70.500000000000014 2.5000000000000004 1.5000000000000002 16448.500000000004 565.50000000000011 796.50000000000011 553.50000000000011 4.5000000000000009 8.5000000000000018 7.5000000000000009 1.5000000000000002 10.500000000000002 195.50000000000003 158.50000000000003 3.5000000000000004 1.0000000180025095e-35 15281.500000000002 599.50000000000011 10341.000000000002 670.50000000000011 653.50000000000011 771.50000000000011 11024.500000000002 10.500000000000002 618.50000000000011 679.50000000000011 88.500000000000014 18113.500000000004
decision_type=2 2 2 2 2 2 2 2 2 2 2 2 2 2 2 2 2 2 2 2 2 2 2 2 2 2 2 2 2 2
left_child=1 12 -2 28 5 8 -5 14 -4 10 11 15 -1 -14 17 -10 -17 18 19 -8 -13 22 24 -23 25 -21 -20 -28 -3 -30
right_child=2 3 4 6 -6 -7 7 -9 9 -11 -12 20 13 -15 -16 16 -18 -19 26 21 -22 23 -24 -25 -26 -27 27 -29 29 -31
leaf_value=-0.013201976946488709 -0.0014919502845021342 -0.0072353416688050584 0.002822867367468793 0.0051269569086549865 0.0028947157626181357 0.0018863101105789763 -0.0090673542566511774 -0.0087459416081713988 -0.0030961039015730621 0.0011065218162137243 0.00038514130007800691 -0.0017712388128961168 -0.008632489894913933 -0.0023048424516846004 0.0062392406999885255 -0.002961344184200407 0.0041202539107084912 0.0004940848850378349 0.0078595990796706851 0.0058398420445248444 0.0003816968970040394 -0.0050724568587040665 0.0051611801799178363 0.0035842795050022129 -0.0059255485189746568 -0.0048048230632583193 -0.0048610297628985857 0.0027793642680275341 -0.0037600712046538948 0.0038631335677963537
leaf_weight=193.51029697060585 4942.7280061244965 517.22402772307396 1677.9899309873581 347.17328357696533 2842.3046536445618 6913.5700024366379 206.19327116012573 208.29028177261353 2864.2864724397659 9604.4897238016129 16238.732419610023 2289.8750784397125 475.403275847435 412.88516584038734 146.45055693387985 336.10876858234406 348.88317024707794 1435.434089422226 126.95454883575439 161.40019834041595 4341.3654552698135 1103.4170929193497 241.74365830421448 121.42096477746964 341.20274311304092 139.82911413908005 210.33405900001526 318.74092179536819 1870.0288236439228 148.12285423278809
leaf_count=503 2008 611 483 242 626 2142 172 197 1868 2729 5686 1225 1086 872 115 197 194 977 92 159 2010 1116 213 128 297 119 179 284 2109 152
internal_value=2.9186e-05 -0.00262489 0.000471146 -0.00200079 0.000675603 0.000534231 -0.000996833 -0.00144334 0.000286292 0.000168139 -0.000173003 -0.00106329 -0.00703483 -0.00569134 -0.00110927 -0.002374 0.000645487 -0.00135349 -0.00224608 -0.00325452 -0.000361747 -0.00268621 -0.000569382 -0.0042143 -0.00272576 0.000898643 0.00131285 -0.000258079 -0.00402367 -0.00320056
internal_weight=61126.1 8725.76 52400.3 7643.96 47457.6 44615.3 5108.58 4761.41 37701.7 36023.7 26419.3 10180.5 1081.8 888.288 4553.12 3549.28 684.992 4406.67 2971.24 2315.21 6631.24 2109.01 884.176 1224.84 642.432 301.229 656.03 529.075 2535.38 2018.15
internal_count=28791 9623 19168 7162 17160 16534 4290 4048 14392 13909 11180 5494 2461 1958 3851 2259 391 3736 2759 2204 3235 2032 788 1244 575 278 555 463 2872 2261
is_linear=0
shrinkage=0.05


Tree=132
num_leaves=31
num_cat=0
split_feature=3 5 4 3 2 1 0 2 6 6 5 0 5 4 0 1 0 4 6 4 6 4 2 1 0 4 6 2 6 4
split_gain=13.3644 9.07368 8.05737 5.26966 5.25407 4.77402 4.69858 4.33228 4.62473 4.2667 4.40972 3.55974 3.53421 4.09861 3.36234 3.27674 4.30064 3.25185 3.17511 3.2712 3.01137 2.89261 2.6648 2.65077 4.5096 3.61852 3.52094 3.01247 2.79221 3.19745
threshold=1.0000000180025095e-35 3.5000000000000004 807.50000000000011 2.5000000000000004 4583.5000000000009 1.5000000000000002 72.500000000000014 10477.500000000002 194.50000000000003 204.50000000000003 1.5000000000000002 20.500000000000004 3.5000000000000004 669.50000000000011 28.500000000000004 3.5000000000000004 71.500000000000014 616.50000000000011 94.500000000000014 583.50000000000011 201.50000000000003 522.50000000000011 8268.5000000000018 9.5000000000000018 57.500000000000007 704.50000000000011 156.50000000000003 13327.500000000002 121.50000000000001 641.50000000000011
decision_type=2 2 2 2 2 2 2 2 2 2 2 2 2 2 2 2 2 2 2 2 2 2 2 2 2 2 2 2 2 2
left_child=1 2 7 5 -3 12 9 14 21 10 -7 -12 13 -2 -1 16 -6 -8 -16 22 -17 -9 -20 24 27 26 -26 28 29 -23
right_child=3 4 -4 -5 15 6 17 8 -10 -11 11 -13 -14 -15 18 20 -18 -19 19 -21 -22 23 -24 -25 25 -27 -28 -29 -30 -31
leaf_value=0.00027127890795823102 -0.00082080396026801739 -0.0046630936604335291 -0.0070287974560835024 0.0067676099416903992 -0.0018641522256741191 -0.0013193773518782037 0.0069406209704743239 0.005157426561738212 0.0041364428402485033 0.0063864961697969493 0.0045818916158804901 0.00088745279621575484 0.00073479426198525552 -0.0081712543158880425 -0.0047948361252025109 0.00054032191456584121 0.0038102108843604179 0.0022945671557893566 -0.0019219338402888194 -0.0024350155460626677 0.0049529078453122597 -0.0089213159835963476 0.0062502670236564669 -0.00023661482976262223 -0.0032265365431286713 -0.0067913022802215603 0.0039352454125316299 0.00058612490720927064 -8.2243206494382349e-05 -0.0021530002295406833
leaf_weight=1195.1932165324688 416.51982337236404 533.07093837857246 587.0632261633873 394.02630394697189 2636.6079755425453 2241.6100113689899 484.73576182126999 203.4235731959343 500.59194388985634 341.17380401492119 686.81419703364372 12871.00478297472 708.02526843547821 348.18082600831985 1317.7315857410431 16023.122407138348 382.33939826488495 1688.5519540905952 192.07824438810349 3775.5227929055691 396.21017491817474 260.87586459517479 207.53208035230637 7498.1751574277878 1152.6321691274643 612.59688866138458 201.63735961914062 2118.7949409782887 717.25802251696587 526.98272898793221
leaf_count=801 221 266 453 98 1376 1167 136 82 263 112 242 4296 277 235 950 6383 200 635 107 2567 132 175 113 3930 754 469 123 1368 495 407
internal_value=-1.1429e-05 -0.00052947 -0.00125333 0.00104206 0.000234137 0.000928044 0.00114828 -0.00108778 -0.000581403 0.00085441 0.00073495 0.00107461 -0.00181073 -0.00416759 -0.00213209 0.000368438 -0.00114551 0.00333084 -0.00265504 -0.00197969 0.000646801 -0.000759078 0.00232219 -0.00085103 -0.00167506 -0.00360261 -0.00216022 -0.000628895 -0.00233931 -0.00439413
internal_weight=61220.1 41039.4 21068.1 20180.6 19971.4 19786.6 18313.9 20481 13793 16140.6 15799.4 13557.8 1472.73 764.701 6688.06 19438.3 3018.95 2173.29 5492.86 4175.13 16419.3 13292.4 399.61 13089 5590.78 1966.87 1354.27 3623.91 1505.12 787.859
internal_count=28833 21414 13057 7419 8357 7321 6588 12604 8066 5817 5705 4538 733 456 4538 8091 1576 771 3737 2787 6515 7803 220 7721 3791 1346 877 2445 1077 582
is_linear=0
shrinkage=0.05


Tree=133
num_leaves=31
num_cat=0
split_feature=7 3 3 7 4 5 2 4 4 1 3 7 4 6 2 4 2 1 4 2 5 1 6 7 6 1 4 6 4 2
split_gain=25.9161 8.57047 7.46957 5.74407 5.18329 5.14863 5.05061 5.36216 4.64618 4.04436 3.86363 4.594 4.2282 3.63585 3.43284 3.62713 3.34944 3.15871 2.87201 3.00276 3.68384 3.44741 2.8452 2.62368 2.61834 2.59444 2.7561 3.32908 2.86522 2.7003
threshold=4.5000000000000009 1.0000000180025095e-35 2.5000000000000004 1.5000000000000002 561.50000000000011 4.5000000000000009 12078.500000000002 575.50000000000011 794.50000000000011 3.5000000000000004 1.0000000180025095e-35 6.5000000000000009 807.50000000000011 203.50000000000003 14001.500000000002 695.50000000000011 16097.500000000002 7.5000000000000009 528.50000000000011 14863.500000000002 1.5000000000000002 2.5000000000000004 100.50000000000001 2.5000000000000004 159.50000000000003 16.500000000000004 622.50000000000011 128.50000000000003 634.50000000000011 11993.500000000002
decision_type=2 2 2 2 2 2 2 2 2 2 2 2 2 2 2 2 2 2 2 2 2 2 2 2 2 2 2 2 2 2
left_child=1 3 4 16 -2 10 9 -8 13 -3 11 22 17 18 15 -9 -1 24 -5 25 -21 -22 -6 -16 -13 26 27 -20 -28 -27
right_child=2 6 -4 8 5 -7 7 14 -10 -11 -12 12 -14 -15 23 -17 -18 -19 19 20 21 -23 -24 -25 -26 29 28 -29 -30 -31
leaf_value=-0.0090100519735551304 0.0023509954050776457 -0.0088621867835829097 0.0078815353380576342 0.0054016773604225561 -0.0039423428124141704 0.0010698726914408639 0.011766375787394701 0.0078844781757803194 -0.0097327955383509773 -0.0012652634739433871 0.00066796751430194955 -0.0013570157647799712 -0.0044722834749182745 0.0066838264399548351 -0.0054629949186256075 -0.0015634194936048997 0.00029312162060324731 0.00044291397004616771 -0.010389472396271774 -0.0074297704306016607 -0.0070234738815354971 0.0015016599804835917 -0.001089018839506149 0.00075597845007306305 0.0012611874822463995 -0.0033833335175595895 0.0023260861440555065 -0.0031594404180102231 -0.0041232177160415284 0.0034170559182808737
leaf_weight=657.42839655280113 3061.044969201088 206.67525672912598 331.69472444057465 102.54394161701202 1259.1610914468765 13330.559564828873 124.33174768090248 281.22737002372742 245.09041458368301 1150.0593309700489 11652.244910478592 5455.3782950043678 545.26747477054596 101.54509902000427 234.94456735253334 159.03139907121658 113.44463473558426 13034.095631122589 370.50393396615982 181.03974017500877 137.59568208456039 858.30633848905563 2853.8035747408867 609.72645825147629 1157.5115360021591 394.01412516832352 187.80828595161438 279.19007474184036 2074.2732310593128 231.8886039853096
leaf_count=1565 852 246 60 80 887 3640 88 228 282 1085 3729 2695 277 98 333 166 257 4738 384 235 147 737 1846 363 491 362 186 275 2317 202
internal_value=-1.55717e-05 -0.00254362 0.000401957 -0.00361495 0.000354565 0.000230576 -0.000244994 0.00185137 -0.00301393 -0.00242252 -8.05778e-05 -0.00043944 -0.000129198 -0.00267914 0.000891984 0.00447168 -0.00764096 -8.66353e-06 -0.00287651 -0.00305657 -0.000868861 0.000323812 -0.00196255 -0.000973824 -0.000898729 -0.00378439 -0.00441217 -0.00728254 -0.00358777 -0.00086388
internal_weight=61381.4 8700.67 52680.8 5934.67 52349.1 49288 2766 1409.26 5163.8 1356.73 35957.5 24305.2 20192.3 4918.71 1284.93 440.259 770.873 19647 4817.16 4714.62 1176.94 995.902 4112.96 844.671 6612.89 3537.68 2911.78 649.694 2262.08 625.903
internal_count=28851 9636 19215 7127 19155 18303 2509 1178 5305 1331 14663 10934 8201 5023 1090 394 1822 7924 4925 4845 1119 884 2733 696 3186 3726 3162 659 2503 564
is_linear=0
shrinkage=0.05


Tree=134
num_leaves=31
num_cat=0
split_feature=7 7 7 3 5 4 4 1 1 6 6 7 4 6 4 1 6 3 4 3 6 0 1 6 4 3 0 1 0 4
split_gain=23.7805 10.2869 7.16893 6.54105 6.4204 4.74485 4.70293 4.59878 4.31286 4.48651 4.01658 4.03077 3.98261 3.88968 3.73417 3.63507 3.45019 3.46974 4.24117 3.37434 3.36912 2.9055 2.86575 2.76416 3.74055 2.70244 2.65208 2.53151 2.66663 2.49775
threshold=4.5000000000000009 1.5000000000000002 10.500000000000002 1.5000000000000002 1.5000000000000002 693.50000000000011 819.50000000000011 3.5000000000000004 6.5000000000000009 140.50000000000003 100.50000000000001 9.5000000000000018 561.50000000000011 125.50000000000001 545.50000000000011 10.500000000000002 58.500000000000007 1.0000000180025095e-35 800.50000000000011 1.0000000180025095e-35 195.50000000000003 66.500000000000014 16.500000000000004 68.500000000000014 678.50000000000011 1.5000000000000002 49.500000000000007 5.5000000000000009 49.500000000000007 697.50000000000011
decision_type=2 2 2 2 2 2 2 2 2 2 2 2 2 2 2 2 2 2 2 2 2 2 2 2 2 2 2 2 2 2
left_child=1 15 6 4 -3 -5 8 -6 9 13 11 22 -4 -2 -12 -1 29 18 20 -16 -18 -19 26 24 -14 -25 -10 -11 -29 -9
right_child=2 3 12 5 7 -7 -8 16 10 27 14 -13 23 -15 19 -17 17 21 -20 -21 -22 -23 -24 25 -26 -27 -28 28 -30 -31
leaf_value=-0.0098907433682760993 -0.0010395707281465739 -0.005694272365171533 0.0041466034786036884 0.0083812614970728994 -0.0047438119387964639 -0.002459611383355998 -0.0042949161585333351 -0.0027878613696639197 -0.0032017750467406257 0.0011658584406758158 0.0046253798854686496 0.001462112975789585 0.0011844226448632232 -0.004036388659395292 9.616348287612779e-05 -0.0040148570034448262 -0.0014828243475303753 0.00022221436110007959 -0.010167141379260523 0.0015994035561745258 0.0070882920508219781 0.0057017303083334962 0.00059635894211339333 0.00095934815304809021 -0.0042154628624916446 0.0037083973357572679 -0.0006125232449180661 0.0010675850286894406 -0.0064189375234885854 -0.012278032069764725
leaf_weight=562.30463039875031 5189.2217509150505 1128.8219560086727 1030.1675596237183 258.95403778553009 968.3625154197216 165.40264803171158 657.43501257896423 195.08739161491394 2173.1601658463478 2819.7596255540848 597.52884459495544 1686.8647805452347 703.47580397129059 1368.257051885128 11079.047168731689 494.84952539205551 3098.9734322428703 1107.7190049886703 136.40588611364365 5630.2495399713516 119.0567312836647 309.52151495218277 1413.9279253482819 14407.5214407444 589.41090881824493 953.12641716003418 1814.8601543903351 231.68840551376343 244.42802548408508 107.55915296077728
leaf_count=1347 2734 1410 215 154 1042 124 338 168 981 1283 162 503 202 683 4512 1095 2886 786 145 1584 105 213 546 4068 209 148 806 104 103 112
internal_value=-9.01715e-05 -0.00251913 0.000309482 -0.00187599 -0.0022329 0.00415579 -0.000106025 -0.00158629 -2.56165e-05 -0.000908478 0.00033097 -0.000671483 0.00112967 -0.00166487 0.000741571 -0.00714027 -0.00098372 -0.000655372 -0.00153176 0.000602685 -0.00116572 0.00141893 -0.00133774 0.000943041 -0.00127732 0.00112993 -0.00202346 0.000596448 -0.00277584 -0.00616062
internal_weight=61243.1 8653.02 52590.1 7595.86 7171.51 424.357 34906.4 6042.69 34249 9853.35 24395.6 7088.81 17683.7 6557.48 17306.8 1057.15 5074.32 4771.68 3354.44 16709.3 3218.03 1417.24 5401.95 16653.5 1292.89 15360.6 3988.02 3295.88 476.116 302.647
internal_count=28768 9587 19181 7145 6867 278 14339 5457 14001 4907 9094 2836 4842 3417 6258 2442 4415 4135 3136 6096 2991 999 2333 4627 411 4216 1787 1490 207 280
is_linear=0
shrinkage=0.05


Tree=135
num_leaves=31
num_cat=0
split_feature=7 7 1 3 1 1 6 5 4 3 7 4 3 4 0 6 5 4 4 4 6 4 4 5 0 0 0 0 5 0
split_gain=22.8854 8.68892 6.00054 5.8288 5.39826 4.87901 4.66695 3.90002 3.70059 3.97792 3.61831 3.7263 3.28395 3.84367 3.18363 3.0851 2.95064 2.65302 2.64172 3.2476 2.52278 2.4526 3.09787 2.54013 2.52122 4.2386 2.66973 2.34044 2.29528 2.75552
threshold=2.5000000000000004 6.5000000000000009 4.5000000000000009 1.5000000000000002 2.5000000000000004 10.500000000000002 84.500000000000014 4.5000000000000009 809.50000000000011 1.5000000000000002 1.5000000000000002 735.50000000000011 1.0000000180025095e-35 553.50000000000011 22.500000000000004 156.50000000000003 4.5000000000000009 745.50000000000011 673.50000000000011 696.50000000000011 146.50000000000003 696.50000000000011 687.50000000000011 1.5000000000000002 70.500000000000014 57.500000000000007 32.500000000000007 71.500000000000014 3.5000000000000004 75.500000000000014
decision_type=2 2 2 2 2 2 2 2 2 2 2 2 2 2 2 2 2 2 2 2 2 2 2 2 2 2 2 2 2 2
left_child=3 2 21 5 14 10 -4 12 9 15 -1 -12 13 -8 -3 28 -7 -14 -16 -20 -18 22 -2 -23 25 26 -25 -21 29 -6
right_child=1 4 6 -5 8 16 7 -9 -10 -11 11 -13 17 -15 18 -17 20 -19 19 27 -22 23 -24 24 -26 -27 -28 -29 -30 -31
leaf_value=-0.010295688039091486 -0.0023900469741124915 0.0029347385198566869 -0.0025930436586041081 0.0057923844807792474 -0.00023332187501909547 -0.0041835858872239394 0.0051039498209917546 0.0017438491569676637 -0.00229403083396747 0.0027910397174017725 -0.0034333875663898703 -0.011791993885226884 0.0017505619525599071 -0.0016355751563031009 -0.00027056738836447094 0.0015938456398101979 -0.0013257377782193414 -0.0028911584651761559 -0.0058410729086573153 -0.0023175844592802091 0.0084666601902596283 -0.0099770277529463436 0.0051368733273929766 -0.0064375741077456186 0.0027294782501769404 -0.010158163665068026 0.00047193241742904228 0.0030812459957967886 0.00085311829501902759 0.0024580598127075309
leaf_weight=526.36731818318367 1720.2025292515755 450.22325134277344 2010.2336179018021 132.25936669111252 13296.90819978714 983.2565766274929 222.16123467683792 2521.3454132080078 1016.1864603757858 2273.6895931959152 696.39583194255829 164.91180869936943 1911.2238647341728 4432.2399712204933 2255.8199334144592 6770.5881106853485 255.28083121776581 366.94141840934753 600.37310492992401 1388.1682319641113 88.599429368972778 191.89027965068817 148.5009491443634 236.51984882354736 132.44435477256775 248.78840923309326 341.8810493350029 234.67861044406891 14400.921944141388 1024.2850829362869
leaf_count=1282 1280 182 1359 189 5318 1693 120 1160 414 434 1010 265 969 3257 864 1972 319 221 264 646 100 221 128 188 113 189 277 113 3763 386
internal_value=-8.04339e-05 0.000133698 -0.000927644 -0.00445745 0.000485385 -0.0049568 -0.00040529 5.99026e-05 0.000683478 0.000763595 -0.00702971 -0.00503378 -0.000552542 -0.00131389 -0.00107318 0.000633715 -0.00278934 0.00100293 -0.00147605 -0.0026992 0.00119724 -0.00291039 -0.0017919 -0.00472547 -0.00367536 -0.00470086 -0.0023535 -0.00153686 0.000407386 -4.0828e-05
internal_weight=61043.3 58196.2 14484.4 2847.07 43711.8 2714.81 11464.1 9453.91 38782.6 37766.4 1387.67 861.308 6932.57 4654.4 4929.26 35492.7 1327.14 2278.17 4479.04 2223.22 343.88 3020.23 1868.7 1151.52 959.634 827.189 578.401 1622.85 28722.1 14321.2
internal_count=28696 23838 9482 4858 14356 4669 7086 5727 12287 11873 2557 1275 4567 3377 2069 11439 2112 1190 1887 1023 419 2396 1408 988 767 654 465 759 9467 5704
is_linear=0
shrinkage=0.05


Tree=136
num_leaves=31
num_cat=0
split_feature=5 3 1 2 6 4 6 1 4 4 5 2 2 4 6 4 4 4 1 1 2 4 2 2 0 4 4 2 6 2
split_gain=9.07458 6.7987 6.17202 4.98588 5.38595 4.99329 4.42702 5.47031 4.69551 3.93878 3.87623 4.00292 4.22142 3.07192 2.89613 3.51472 4.76229 4.36621 2.95862 3.91467 3.65849 2.86501 3.18171 3.29338 3.40506 3.03793 2.85756 2.74668 2.7182 2.7119
threshold=1.5000000000000002 2.5000000000000004 17.500000000000004 11993.500000000002 103.50000000000001 545.50000000000011 105.50000000000001 3.5000000000000004 602.50000000000011 798.50000000000011 2.5000000000000004 11343.500000000002 9481.5000000000018 770.50000000000011 139.50000000000003 605.50000000000011 726.50000000000011 739.50000000000011 4.5000000000000009 8.5000000000000018 14046.500000000002 573.50000000000011 6661.5000000000009 8735.5000000000018 53.500000000000007 621.50000000000011 711.50000000000011 10430.500000000002 81.500000000000014 10381.500000000002
decision_type=2 2 2 2 2 2 2 2 2 2 2 2 2 2 2 2 2 2 2 2 2 2 2 2 2 2 2 2 2 2
left_child=6 2 3 4 10 -6 13 26 -9 14 -2 12 -12 -1 18 -16 -17 -18 -5 20 -20 -4 -23 24 -24 -25 -8 -27 -21 -10
right_child=1 -3 21 9 5 -7 7 8 29 -11 11 -13 -14 -15 15 16 17 -19 19 28 -22 22 23 25 -26 27 -28 -29 -30 -31
leaf_value=-0.0024008733769239677 -0.0039881976830086407 0.0079556018526545369 0.0050602180508898106 -0.00094407469085577866 0.0047945192758418638 -6.9062688858301656e-05 -0.0021866223203233243 0.0038190384581767416 -0.0024049246902095186 -0.0025386487343574539 -0.0017316998215061276 -0.0043365767903806541 0.0013265070220202808 -0.0080336854975274208 0.003635423189613247 0.00023567411259578202 0.0073741004485551572 0.0016254371690663028 -9.3845001958092495e-05 -0.0014677314648235715 0.0034272329658692302 -0.002625568767912412 0.008798798286503819 -0.0016513604181751275 0.00090862063832818313 -0.0012720174734077527 -0.0080743555097246289 0.0024390950126020397 0.00063439600496024377 0.00036503089863402713
leaf_weight=2800.022426366806 1353.0976753234863 294.34311750531197 608.90982627868652 3451.9297626912594 548.54571285843849 13909.417748600245 697.79840239882469 740.00891053676605 1291.0078676640987 951.07284709811211 2671.2772091925144 768.5668012201786 1953.6796561181545 264.95066347718239 1573.8798652589321 4885.3100554049015 481.31615075469017 1052.7428939342499 1131.9799633324146 1964.7682617008686 2118.0968564152718 441.36795210838318 319.67347732186317 709.72765472531319 238.94736561179161 583.68448340892792 292.4515919983387 3419.7142417430878 7076.7514051496983 2800.2369918525219
leaf_count=1922 890 74 165 1826 207 6638 504 382 926 485 1395 359 911 220 499 1910 198 486 579 806 902 196 134 222 97 248 256 1165 2596 1689
internal_value=0.000127866 0.000377938 0.000335221 0.000133456 -0.000428882 0.000115465 -0.00134977 -0.000540008 0.000153898 0.000616452 -0.00159541 -0.000995125 -0.000439849 -0.0028878 0.000742869 0.00151797 0.000998818 0.0034291 0.000349338 0.000712576 0.00220087 0.00179986 0.00145237 0.00179379 0.00542381 0.00136354 -0.00392545 0.00189803 0.000177593 -0.000509039
internal_weight=61395.3 52508.8 52214.5 45892.4 21204.6 14458 8886.48 5821.5 4831.25 24687.8 6746.62 5393.52 4624.96 3064.97 23736.8 7993.25 6419.37 1534.06 15743.5 12291.6 3250.08 6322.03 5713.12 5271.75 558.621 4713.13 990.25 4003.4 9041.52 4091.24
internal_count=28887 22988 22914 20687 10400 6845 5899 3757 2997 10287 3555 2665 2306 2142 9802 3093 2594 684 6709 4883 1481 2227 2062 1866 231 1635 760 1413 3402 2615
is_linear=0
shrinkage=0.05


Tree=137
num_leaves=31
num_cat=0
split_feature=7 5 7 6 7 6 2 4 1 2 6 7 4 0 0 4 0 2 7 0 6 2 1 2 6 2 2 4 6 4
split_gain=25.7136 7.59889 7.48201 7.05158 6.3069 6.26357 5.01367 5.43833 4.66533 3.73043 3.64534 3.55745 3.47732 3.67328 3.69698 3.43486 3.33208 3.80469 3.24846 3.21064 3.18468 3.12772 3.0424 4.33365 3.67706 3.1551 4.37877 3.03983 2.98078 2.88559
threshold=3.5000000000000004 4.5000000000000009 8.5000000000000018 156.50000000000003 1.5000000000000002 58.500000000000007 6562.5000000000009 522.50000000000011 16.500000000000004 20654.500000000004 70.500000000000014 11.500000000000002 730.50000000000011 23.500000000000004 77.500000000000014 664.50000000000011 45.500000000000007 11154.500000000002 5.5000000000000009 20.500000000000004 133.50000000000003 18269.000000000004 12.500000000000002 13327.500000000002 103.50000000000001 18001.000000000004 13910.500000000002 722.50000000000011 167.50000000000003 714.50000000000011
decision_type=2 2 2 2 2 2 2 2 2 2 2 2 2 2 2 2 2 2 2 2 2 2 2 2 2 2 2 2 2 2
left_child=4 2 3 6 20 -6 29 -8 9 15 -4 12 13 -12 27 19 17 28 -17 -9 -1 -3 23 -7 -25 26 -26 -15 -5 -2
right_child=1 21 10 16 5 22 7 8 -10 -11 11 -13 -14 14 -16 18 -18 -19 -20 -21 -22 -23 -24 24 25 -27 -28 -29 -30 -31
leaf_value=-0.0089992642046102956 -0.0029813106583158212 0.0010126325047810237 -0.0014583552040823341 0.0048939627297562502 -0.010431543580266836 -0.0048722321110943158 0.0073493590839547977 0.0050330013241206189 0.00080170284162008911 0.0052541839000602624 0.0033549439286855334 0.0017393154434963952 -0.0012168757025465835 2.8390740396036125e-05 0.0048126572781211525 -0.0044114256258596957 -0.00018208604502883462 0.0052073670224943303 -0.0018223471541185463 -0.0010784007036819749 -0.0033188978489754346 0.0036762248906727444 -0.00039725689224015867 -0.005571209512919735 0.0093603033034399038 0.0089242183015794639 -0.0022448464459530033 0.0041898909447264958 -0.0024827664117948174 -0.0086959416278555232
leaf_weight=650.66326013207436 750.64235401153564 14006.32431268692 2167.2241280078888 206.90888607501984 236.14847585558891 1473.1648671627045 188.01300895214081 226.03776609897614 2340.918218433857 191.13499867916107 1153.1279734373093 5890.416287779808 3051.3641986846924 10316.741074800491 453.74924874305725 1746.022143304348 1904.8833035230637 830.65237820148468 3957.5053013563156 4364.0516831278801 397.48275071382523 1196.2607862949371 1643.3360460996628 257.03529405593872 99.445537179708481 117.02495896816254 444.99706184864044 458.31794595718384 404.98514419794083 313.01671832799911
leaf_count=1540 486 4015 792 117 287 1860 72 118 1071 93 360 1684 1241 3362 137 1410 949 405 2134 2280 910 281 1566 304 115 120 504 166 215 230
internal_value=-4.72083e-05 0.000267718 -8.69368e-05 -0.000871993 -0.00336967 -0.00251678 -0.00136248 -0.00109271 -0.00121646 -0.00166706 0.000495391 0.000693959 0.000294978 0.000667555 0.000391577 -0.00179557 0.0011907 0.00300346 -0.00261494 -0.000777446 -0.00684513 0.00122223 -0.00205357 -0.00319164 -0.000496189 0.00147588 -0.0001251 0.0002054 1.16374e-05 -0.00466303
internal_weight=61437.6 56118.3 40915.7 17424.8 5319.3 4271.15 14077.3 13013.7 12825.7 10484.8 23490.9 21323.7 15433.3 12381.9 11228.8 10293.6 3347.43 1442.55 5703.53 4590.09 1048.15 15202.6 4035 2391.67 918.503 661.468 544.443 10775.1 611.894 1063.66
internal_count=28824 21618 17322 9580 7206 4756 7894 7178 7106 6035 7742 6950 5266 4025 3665 5942 1686 737 3544 2398 2450 4296 4469 2903 1043 739 619 3528 332 716
is_linear=0
shrinkage=0.05


Tree=138
num_leaves=31
num_cat=0
split_feature=7 7 1 3 4 3 6 6 1 4 2 4 7 4 6 3 1 6 2 2 5 5 6 2 2 6 4 2 6 6
split_gain=25.3355 9.78841 7.40136 6.98855 4.80406 5.77086 4.76931 4.60977 4.68658 3.93371 3.44398 4.29132 3.36402 4.27441 3.28738 3.67872 3.19794 6.61692 4.10995 6.86746 3.04702 2.96536 3.0693 2.91845 2.82737 2.97044 2.78093 2.55142 4.32034 3.3439
threshold=5.5000000000000009 1.5000000000000002 3.5000000000000004 2.5000000000000004 736.50000000000011 1.5000000000000002 109.50000000000001 70.500000000000014 17.500000000000004 569.50000000000011 9720.5000000000018 601.50000000000011 11.500000000000002 827.50000000000011 131.50000000000003 1.0000000180025095e-35 15.500000000000002 146.50000000000003 14752.000000000002 11186.500000000002 2.5000000000000004 1.5000000000000002 184.50000000000003 16448.500000000004 7118.5000000000009 58.500000000000007 583.50000000000011 16223.500000000002 146.50000000000003 123.50000000000001
decision_type=2 2 2 2 2 2 2 2 2 2 2 2 2 2 2 2 2 2 2 2 2 2 2 2 2 2 2 2 2 2
left_child=1 14 9 7 5 6 20 -2 10 -3 21 27 13 -13 -1 -16 -8 -18 19 -19 -4 -9 -23 -11 -22 -26 -10 28 -12 -29
right_child=3 2 4 -5 -6 -7 16 8 26 23 11 12 -14 -15 15 -17 17 18 -20 -21 24 22 -24 -25 25 -27 -28 29 -30 -31
leaf_value=-0.0089078786035087267 -0.0010567670361213419 0.0043153923837319398 -0.0048753413904227688 0.0081342346419153184 -0.0033422497149983525 0.0053900257107815583 -0.00066034319407765735 -0.0024738341435265321 0.0051824873456126231 -0.0058186288628336484 0.0002460069825362492 0.00025039485091752478 0.0016528670461510833 -0.0055396617581036358 -0.0059876627330023033 0.0048574812508001969 -0.00088524728402767728 0.003282710926317801 -0.00058602780564841412 0.01602421121679817 -0.0076641764083615581 -0.00027607728719843279 0.003672293447340574 0.00019810101158088209 -0.0055459792898510558 0.00016327219474859508 0.0016034140578162091 0.0071432452778800205 0.0039951879591406799 0.0015827467336843315
leaf_weight=634.36685767769814 4517.8255704641342 120.09062057733536 874.51471567153931 298.81535851955414 1810.3956797420979 397.09733963012695 3206.5972967147827 1451.5488380789757 614.75916731357574 1546.5026830136776 2396.7835570573807 19641.414566755295 4625.7604558467865 324.00873494148254 297.21463391184807 106.10795658826828 747.57712012529373 247.22559463977814 162.9320347905159 184.80679351091385 160.20890259742737 7599.8277943134308 526.28700745105743 231.74631941318512 269.66358470916748 1468.4383346438408 4632.5232049226761 514.5044846534729 1130.9841599464417 569.81649589538574
leaf_count=1517 1746 105 909 51 1617 208 2607 816 126 1583 703 7178 1225 152 703 223 521 165 96 120 134 2829 168 212 208 1067 1306 134 289 129
internal_value=-2.29711e-06 -0.00201427 -0.00159207 0.00051117 -0.00102413 -0.000480451 -0.000798829 0.000464248 0.000620322 -0.00444303 0.000430569 0.000700408 0.00043792 0.000156431 -0.00666391 -0.00313447 0.00019745 0.00224625 0.00618099 0.00873303 -0.00243334 -0.000392199 -2.03615e-05 -0.00503451 -0.00130835 -0.000722509 0.00202273 0.00209997 0.00144798 0.00422117
internal_weight=61310.3 12465.5 11427.8 48844.9 9529.46 7719.06 7321.96 48546 44028.2 1898.34 38780.9 29203.3 24591.2 19965.4 1037.69 403.323 4549.14 1342.54 594.964 432.032 2772.83 9577.66 8126.11 1778.25 1898.31 1738.1 5247.28 4612.09 3527.77 1084.32
internal_count=28847 11995 9552 16852 7652 6035 5827 16801 15055 1900 13623 9810 8555 7330 2443 926 3509 902 381 285 2318 3813 2997 1795 1409 1275 1432 1255 992 263
is_linear=0
shrinkage=0.05


Tree=139
num_leaves=31
num_cat=0
split_feature=7 7 3 6 1 5 4 2 5 5 6 4 3 1 7 6 3 2 4 4 7 6 6 6 4 6 4 1 3 1
split_gain=20.4514 7.17682 5.65273 5.11277 5.13067 4.88047 4.29491 4.2174 4.18477 4.11052 3.49187 3.37467 3.21584 3.19927 4.29432 4.7031 2.94952 2.77203 2.75068 2.74412 3.32666 3.09099 4.66962 3.35869 2.61637 2.60533 3.7942 2.42045 2.4115 2.40055
threshold=2.5000000000000004 10.500000000000002 2.5000000000000004 105.50000000000001 6.5000000000000009 4.5000000000000009 738.50000000000011 10381.500000000002 4.5000000000000009 1.5000000000000002 98.500000000000014 571.50000000000011 1.5000000000000002 5.5000000000000009 5.5000000000000009 152.50000000000003 1.0000000180025095e-35 20292.500000000004 751.50000000000011 672.50000000000011 4.5000000000000009 90.500000000000014 88.500000000000014 99.500000000000014 600.50000000000011 68.500000000000014 678.50000000000011 9.5000000000000018 1.0000000180025095e-35 1.5000000000000002
decision_type=2 2 2 2 2 2 2 2 2 2 2 2 2 2 2 2 2 2 2 2 2 2 2 2 2 2 2 2 2 2
left_child=5 2 3 9 8 10 28 24 13 16 -1 -3 29 14 -5 -16 -2 19 -9 21 -21 22 -11 -23 -6 26 -13 -25 -7 -12
right_child=1 11 -4 4 7 6 -8 18 -10 17 12 25 -14 -15 15 -17 -18 -19 -20 20 -22 23 -24 27 -26 -27 -28 -29 -30 -31
leaf_value=-0.0085577782101823405 -0.0043670053764002055 0.0033597280233752915 0.007155755875495929 -0.0036809196725812615 0.0019869265384956478 -0.0009443547380947521 -0.0092416251746215046 0.0013883257212914553 0.0010319493764015702 0.00041067797205064475 -0.011061862161615256 0.0012582612643824694 0.0057992184284362093 -0.0044572671156551972 -0.0015561175056896838 0.0021656728670450139 -0.00022072483836063089 0.0043712945646222903 -0.00078463589331397889 -0.0044932559207454493 -0.0010368716648020719 -0.0032743336949921558 0.007546555759800358 -0.0024003990564722823 -0.00097283737178097173 0.0010253818866910829 -0.004223340573389636 0.0027926961993686508 0.0059733323602268081 -0.0039550031402326869
leaf_weight=605.35340139269829 1383.0339449048042 1449.1471807956696 262.62293112277985 1210.4965818524361 885.65894466638565 410.30088862776756 118.68377819657326 11797.422627329826 2101.6027625203133 3454.8413782119751 130.74361211061478 666.98542773723602 78.358433574438095 824.66138184070587 2425.5421254038811 1305.8003687858582 621.73537331819534 270.54275673627853 1661.4936944842339 813.82732462882996 4814.5639448165894 1187.6632488369942 245.55361849069595 372.28810322284698 4757.6276239156723 15032.113923549652 599.34219169616699 564.76800519227982 181.80284976959229 1303.0400730967522
leaf_count=1147 1062 301 63 1117 334 566 186 4422 865 1490 267 191 120 463 1256 598 362 101 802 713 2193 499 101 189 2334 4144 211 206 214 2375
internal_value=7.57507e-06 0.000207639 -0.000156245 -0.000203428 0.000196406 -0.00414534 -0.000560409 0.000639002 -0.00087813 -0.000988902 -0.0053487 0.00104749 -0.00406402 -0.00157426 -0.00109316 -0.00025366 -0.00308113 -0.000631139 0.00112008 -0.000749301 -0.00153664 1.14489e-05 0.000884206 -0.00150854 -0.000508331 0.000841901 -0.00133613 0.000729503 0.00117969 -0.00460306
internal_weight=61537.6 58709.3 40961.7 40699.1 26970.3 2828.28 710.788 19102.2 7868.1 13728.8 2117.5 17747.6 1512.14 5766.5 4941.84 3731.34 2004.77 11724 13458.9 11453.5 5628.39 5825.11 3700.39 2124.72 5643.29 16298.4 1266.33 937.056 592.104 1433.78
internal_count=28892 24017 19170 19107 12191 4875 966 7892 4299 6916 3909 4847 2762 3434 2971 1854 1424 5492 5224 5391 2906 2485 1591 894 2668 4546 402 395 780 2642
is_linear=0
shrinkage=0.05


Tree=140
num_leaves=31
num_cat=0
split_feature=3 5 3 4 6 2 6 2 2 4 1 0 4 2 1 4 2 6 2 0 1 0 6 6 0 1 0 6 2 4
split_gain=9.27163 8.0496 5.77015 4.06531 4.02435 3.8038 3.94273 3.35115 4.23256 3.32341 3.25224 4.55918 3.14406 3.71282 3.2994 4.67849 3.08405 4.61212 4.61112 2.89343 2.87789 3.42437 2.81258 3.1301 2.7045 2.6733 5.25419 4.03601 2.57296 2.43479
threshold=1.0000000180025095e-35 2.5000000000000004 2.5000000000000004 789.50000000000011 67.500000000000014 8888.5000000000018 172.50000000000003 8735.5000000000018 10602.500000000002 669.50000000000011 1.5000000000000002 49.500000000000007 541.50000000000011 21148.500000000004 13.500000000000002 798.50000000000011 13143.500000000002 104.50000000000001 12404.500000000002 23.500000000000004 6.5000000000000009 47.500000000000007 106.50000000000001 97.500000000000014 26.500000000000004 16.500000000000004 44.500000000000007 107.50000000000001 10691.500000000002 770.50000000000011
decision_type=2 2 2 2 2 2 2 2 2 2 2 2 2 2 2 2 2 2 2 2 2 2 2 2 2 2 2 2 2 2
left_child=1 3 4 16 7 6 9 -2 -9 -3 11 -6 -7 14 22 29 17 19 25 -1 -20 -22 23 24 -14 27 -27 -19 -25 -16
right_child=2 5 -4 -5 10 12 -8 8 -10 -11 -12 -13 13 -15 15 -17 -18 18 20 -21 21 -23 -24 28 -26 26 -28 -29 -30 -31
leaf_value=0.0016469707069652452 -0.0064832419437862001 -0.00030806532474137062 0.0067936312521450805 -0.0054080961085341715 0.0014789930334637874 0.0032683600492948552 0.0027896516873741769 0.0053749099904277006 -0.0018778602276971958 -0.0029988099577445398 0.0011362941172480792 -0.004450958974110914 0.0027076556790260864 0.0047645704959789464 0.00094112448276316386 -0.0055342344246220622 -0.00034124523314343929 0.0074772148001372718 -0.010165331886707868 -0.0043426233424836798 0.0022493255633887783 -0.0070221210776415244 0.0001279683454874502 0.001200953124911003 -0.0012419063080141642 0.0066523192624659624 -0.0018117983872971259 -0.0014056523163448553 -0.0050168451689744532 0.0051821372868949105
leaf_weight=222.84134289622307 291.61633041501045 2247.0352298915386 401.6077393591404 628.18051344156265 653.78710636496544 859.50324481725693 552.15778651833534 244.9992408156395 1124.1141873002052 2345.3473334014416 17113.053284794092 642.84047219157219 506.5925874710083 434.2120521068573 7304.8953697085381 272.090780377388 5063.7005477845669 133.10023292899132 194.35440227389336 2118.4535909593105 184.64771920442581 216.20535987615585 9321.9466743171215 207.45119953155518 3001.607778519392 354.17531204223633 380.14609026908875 3257.3967337310314 840.38194158673286 354.86512178182602
leaf_count=159 143 1071 100 519 330 288 233 106 447 1366 6043 323 266 137 2640 137 3095 100 146 1619 117 132 4307 119 1576 201 224 2356 413 157
internal_value=-9.54966e-06 -0.000443446 0.000859457 -0.00148611 0.000740715 2.72852e-05 -0.00120228 -0.00161658 -0.000579996 -0.00168224 0.000953365 -0.00146095 0.000301075 0.00018642 9.52741e-05 0.000908736 -0.00128291 -0.00195819 -0.00105821 -0.00377254 -0.00517225 -0.00275135 -0.000369654 -0.00138782 -0.00067158 -0.000464556 0.00227059 -0.00105694 -0.00378584 0.0011376
internal_weight=61473.3 41001.3 20472 12753.2 20070.4 28248.1 5144.54 1660.73 1369.11 4592.38 18409.7 1296.63 23103.5 22244 21809.8 7931.85 12125 7061.32 4720.03 2341.29 595.207 400.853 13878 4556.03 3508.2 4124.82 734.321 3390.5 1047.83 7659.76
internal_count=28870 21378 7492 8668 7392 12710 2670 696 553 2437 6696 653 10040 9752 9615 2934 8149 5054 3276 1778 395 249 6681 2374 1842 2881 425 2456 532 2797
is_linear=0
shrinkage=0.05


Tree=141
num_leaves=31
num_cat=0
split_feature=7 7 2 1 4 1 5 5 4 6 0 0 7 6 1 4 6 2 1 7 4 4 0 4 2 1 2 0 0 4
split_gain=19.5936 7.11079 6.1212 5.81404 4.80288 3.95987 4.36143 3.77319 3.54771 3.40157 3.29848 5.11887 3.55217 2.93269 2.8039 2.64193 2.93389 2.91934 2.77545 2.60386 3.99488 2.8141 2.52252 2.48531 2.41529 2.41278 2.70116 2.43867 2.41137 2.25647
threshold=2.5000000000000004 8.5000000000000018 6562.5000000000009 4.5000000000000009 604.50000000000011 18.500000000000004 4.5000000000000009 3.5000000000000004 737.50000000000011 156.50000000000003 44.500000000000007 52.500000000000007 6.5000000000000009 146.50000000000003 1.5000000000000002 664.50000000000011 136.50000000000003 10163.500000000002 13.500000000000002 1.5000000000000002 650.50000000000011 610.50000000000011 37.500000000000007 589.50000000000011 12033.500000000002 3.5000000000000004 19485.000000000004 73.500000000000014 19.500000000000004 781.50000000000011
decision_type=2 2 2 2 2 2 2 2 2 2 2 2 2 2 2 2 2 2 2 2 2 2 2 2 2 2 2 2 2 2
left_child=7 2 14 4 23 6 9 19 13 15 12 -12 -11 -9 -2 17 -17 18 -5 20 21 -1 -7 -4 -15 27 -27 -3 -6 -30
right_child=1 25 3 5 28 22 -8 8 -10 10 11 -13 -14 24 -16 16 -18 -19 -20 -21 -22 -23 -24 -25 -26 26 -28 -29 29 -31
leaf_value=-0.008914706733145138 -0.0093070895110862646 -0.00071125168345697069 1.6883118969151836e-05 -0.0045172944861487773 0.0037683303428551525 0.0058702156415573496 0.0012264871581985004 -0.0024128428787892568 -0.0076794523958043249 0.00056739771253762783 -0.005872180170047224 0.0011493123407756078 0.0063953327527823227 0.0087792407033381124 -0.0025843527162535372 -0.0011098721703148037 -0.004020662072872527 0.00058432690273929112 0.00071308817719922596 -0.0041352552696827319 -0.011365322354599638 0.0027901671053955526 0.001339349486763342 0.0062025485376780059 -0.00070415599993815759 0.00075285348590933376 0.0032791315317124599 0.0030783358785747769 -0.0023297105347924794 -0.0067078697750376703
leaf_weight=97.395099610090256 170.72348946332932 4440.6642298698425 559.44284951686859 625.24706327915192 150.36229157447815 426.71731418371201 4885.6773853302002 785.13867047429085 233.23869839310646 567.00362777709961 332.3295761346817 1185.5922414064407 485.19439554214478 123.48064532876015 1694.7695355415344 4546.9123071432114 1069.26927536726 3757.8316207528114 426.74219751358032 942.30166536569595 386.2167309820652 108.61917698383331 1096.7336392402649 228.79745364189148 147.14959213137627 26065.081175684929 1102.8732892274857 469.40616679191589 3655.6279100179672 320.06365114450455
leaf_count=235 137 1716 303 388 100 186 1841 1172 393 354 169 588 185 173 1089 2856 638 1859 217 1452 1003 268 486 133 200 7465 245 182 2464 250
internal_value=-2.51359e-05 0.000171995 -0.000439383 -0.000227653 -0.0017639 0.000161394 -4.7084e-05 -0.00409289 -0.0020986 -0.000525862 0.00110338 -0.000387954 0.0032548 -0.000865688 -0.00319959 -0.000927487 -0.00166406 -6.74283e-05 -0.00239558 -0.00576809 -0.00836609 -0.00274342 0.00260844 0.00181236 0.00362284 0.000671058 0.000855407 -0.000348964 -0.0024471 -0.00268217
internal_weight=61086.6 58263.1 26185 24319.5 4914.29 19405.3 17881.8 2823.54 1289.01 12996.1 2570.12 1517.92 1052.2 1055.77 1865.49 10426 5616.18 4809.82 1051.99 1534.53 592.231 206.014 1523.45 788.24 270.63 32078 27168 4910.07 4126.05 3975.69
internal_count=28747 23851 14243 13017 3250 9767 9095 4896 1938 7254 1296 757 539 1545 1226 5958 3494 2464 605 2958 1506 503 672 436 373 9608 7710 1898 2814 2714
is_linear=0
shrinkage=0.05


Tree=142
num_leaves=31
num_cat=0
split_feature=7 3 3 5 7 5 4 1 0 0 2 2 0 2 7 0 2 4 1 4 2 0 2 4 1 0 0 2 1 1
split_gain=19.8867 9.8414 7.16964 6.37077 4.8699 4.41662 4.30124 3.48724 4.03078 3.90296 3.36683 3.32393 3.2187 3.35574 3.06615 2.96392 2.92157 2.90898 2.58047 2.49203 2.85999 2.77009 2.53359 2.39047 2.44414 2.87273 2.88889 2.20643 2.17176 2.10968
threshold=2.5000000000000004 1.0000000180025095e-35 2.5000000000000004 2.5000000000000004 9.5000000000000018 4.5000000000000009 791.50000000000011 1.5000000000000002 49.500000000000007 52.500000000000007 4583.5000000000009 18269.000000000004 23.500000000000004 9812.5000000000018 11.500000000000002 68.500000000000014 11301.500000000002 738.50000000000011 4.5000000000000009 827.50000000000011 7434.5000000000009 65.500000000000014 6093.5000000000009 541.50000000000011 2.5000000000000004 23.500000000000004 28.500000000000004 17683.000000000004 2.5000000000000004 9.5000000000000018
decision_type=2 2 2 2 2 2 2 2 2 2 2 2 2 2 2 2 2 2 2 2 2 2 2 2 2 2 2 2 2 2
left_child=5 3 7 4 6 -1 11 8 -3 12 -5 27 13 -9 19 28 -10 -7 -11 20 21 22 -12 -22 25 -25 -27 29 -6 -2
right_child=1 2 -4 10 15 17 -8 9 16 18 14 -13 -14 -15 -16 -17 -18 -19 -20 -21 23 -23 -24 24 -26 26 -28 -29 -30 -31
leaf_value=-0.0053250287349784278 -0.0030264770710305088 0.0012457162634592013 0.0077962961605316074 -0.0034265718794853476 -0.002555567998249228 0.0007126613578076319 -0.0076595704257130864 -0.0013042233329138078 -0.007822831238359737 -0.00055873184460825977 0.0017015511702653291 0.0025108250988787103 5.8771461934303427e-05 0.0038936085559433953 0.0014259177563141195 -0.0026779111598868983 -0.0013387678313127027 -0.0078200574505692504 0.0022771550964658539 -0.0045971616049237376 0.002903652733569905 -0.0058281664413787175 -0.0028206612758792733 0.0043366729597759104 0.00027597960799024255 -0.0077951812548099457 -0.001420459351584606 -0.007984395032757205 0.00091966604564065453 -0.0011586546796311444
leaf_weight=2099.5438666939735 2717.5423513054848 682.6466971039772 386.20025032758713 658.79559230804443 514.05924701690674 583.35458755493164 334.89238232374191 422.95355170965195 305.76663047075272 908.50908154249191 540.88045567274094 409.6548278927803 8383.5460044741631 1168.0586114525795 4225.832302570343 905.13654363155365 402.29033488035202 120.52295616269112 6852.6200755238533 296.55838441848755 775.25199735164642 365.76832288503647 724.71657353639603 193.71912443637848 17026.322717010975 196.66452068090439 1845.4593676924706 157.31792390346527 3582.6729691028595 3407.1786978244781
leaf_count=3930 2197 292 82 319 264 772 294 150 142 390 282 255 2607 346 1047 393 174 190 2021 167 243 188 366 102 6791 99 964 99 1501 2183
internal_value=-6.2308e-05 0.000135192 0.00105146 -0.000324671 -0.00128094 -0.00417593 -0.00212976 0.000915268 -0.00149575 0.00110432 0.000103724 -0.00185302 0.00045005 0.00251182 0.000192523 -8.85121e-05 -0.00413884 -0.000748372 0.00194519 -4.47654e-05 1.75385e-05 -0.00199563 -0.000887995 0.000181443 7.18807e-05 -0.00148237 -0.00203437 -0.00213759 0.000483593 -0.00198741
internal_weight=61194.4 58391 19512.6 38878.4 12028.5 2803.42 7026.59 19126.4 1390.7 17735.7 26850 6691.69 9974.56 1591.01 26191.2 5001.87 708.057 703.878 7761.13 21965.3 21668.8 1631.37 1265.6 20037.4 19262.2 2235.84 2042.12 6282.04 4096.73 6124.72
internal_count=28850 23958 6204 17754 7186 4892 5028 6122 608 5514 10568 4734 3103 496 10249 2158 316 962 2411 9202 9035 836 648 8199 7956 1165 1063 4479 1765 4380
is_linear=0
shrinkage=0.05


Tree=143
num_leaves=31
num_cat=0
split_feature=7 5 3 5 7 7 6 6 0 2 0 0 2 6 0 0 3 3 2 2 1 6 0 0 1 0 0 3 3 2
split_gain=22.0896 6.94044 6.80383 6.75093 5.13019 4.77273 4.16449 3.69733 3.58251 3.17361 3.92407 3.06603 3.27486 3.06213 2.98623 2.8013 2.80073 2.71418 5.34019 3.43428 2.64558 2.79746 3.74369 2.48512 2.37838 3.43542 5.47496 2.22151 2.21009 2.57807
threshold=3.5000000000000004 4.5000000000000009 1.5000000000000002 4.5000000000000009 1.5000000000000002 8.5000000000000018 156.50000000000003 84.500000000000014 77.500000000000014 9930.5000000000018 18.500000000000004 45.500000000000007 11154.500000000002 69.500000000000014 76.500000000000014 64.500000000000014 1.5000000000000002 1.0000000180025095e-35 4583.5000000000009 8843.5000000000018 10.500000000000002 146.50000000000003 36.500000000000007 74.500000000000014 17.500000000000004 36.500000000000007 64.500000000000014 1.0000000180025095e-35 1.0000000180025095e-35 12239.500000000002
decision_type=2 2 2 2 2 2 2 2 2 2 2 2 2 2 2 2 2 2 2 2 2 2 2 2 2 2 2 2 2 2
left_child=2 5 3 4 -1 6 9 -5 13 -2 -11 12 -8 -7 28 20 24 18 -15 -19 -9 22 -22 -13 -12 -26 -27 -14 -6 -30
right_child=1 -3 -4 7 14 8 11 15 -10 10 16 23 27 17 -16 -17 -18 19 -20 -21 21 -23 -24 -25 25 26 -28 -29 29 -31
leaf_value=-0.0082956641044827795 -0.0022946693884527457 0.0012063798541462327 0.0045722435465442796 -0.0066146433409637719 -0.0048932121760022528 -0.0016327558494350363 -0.00018672662770324828 -0.0034741020229563623 0.0035660125706805943 0.0064899009208020447 -0.0012442560192092061 -0.0011839849887053571 0.0030651677601241517 -0.005939056594983002 0.0033147291529107125 0.0052947922451466135 0.0025174051220698233 0.0035932763547723207 0.00023101761045297506 0.00074250054404479424 0.0070749655481178149 0.008262239510494318 -0.0051618691071057864 0.0037617695777450132 0.0056793858912570806 -0.0032080482543984817 0.0053509805117961965 0.0088012304487713154 -0.004585343821754892 0.0011802775502012298
leaf_weight=749.98785561323166 3771.9780215024948 15094.690346002579 273.7954737842083 200.38845938444138 2034.0034145414829 1886.0596405267715 610.73253178596497 412.07833182811737 869.8629457950592 191.57598125934601 8301.8835632205009 1632.4610957503319 630.95026636123657 359.97484958171844 145.67939299345016 260.58906501531601 621.64789354801178 1307.0611579418182 13587.236936330795 5509.983217716217 98.732987105846405 129.94271543622017 170.33266705274582 300.79358887672424 309.74820977449417 582.7609059214592 275.014328956604 230.4456068277359 395.18035423755646 380.62952816486359
leaf_count=1883 2413 4267 287 241 2694 700 331 500 269 98 4673 813 328 158 173 273 215 373 4912 1345 101 119 167 142 138 262 122 87 432 369
internal_value=-5.62826e-07 0.000289834 -0.00310148 -0.00352358 -0.00460247 -4.77677e-05 -0.000674042 -0.000380814 0.000417142 -0.00105415 -0.000599085 0.000894713 0.00261399 0.000296212 -0.00366528 0.000784825 -0.000733667 0.000471424 7.17692e-05 0.00128909 -0.000664154 0.00223784 -0.000671592 -0.000414479 -0.000947094 0.00116593 -0.000463908 0.00459971 -0.00402717 -0.0017566
internal_weight=61326.2 56074.9 5251.34 4977.54 3705.48 40980.2 17460 1272.06 23520.2 14054.6 10282.6 3405.38 1472.13 22650.3 2955.49 1071.68 10091.1 20764.3 13947.2 6817.04 811.087 399.008 269.066 1933.25 9469.41 1167.52 857.775 861.396 2809.81 775.81
internal_count=28885 21646 7239 6952 5551 17379 9622 1401 7757 7921 5508 1701 746 7488 3668 1160 5410 6788 5070 1718 887 387 268 955 5195 522 384 415 3495 801
is_linear=0
shrinkage=0.05


Tree=144
num_leaves=31
num_cat=0
split_feature=7 3 1 6 5 7 1 7 4 6 5 0 4 4 1 6 6 4 1 0 0 4 4 5 4 3 0 0 7 7
split_gain=19.3311 6.04542 5.48094 5.4951 5.01311 4.88518 4.06817 4.0366 3.77067 3.70173 4.38049 6.11746 4.61027 3.80557 3.48305 3.4025 3.3897 3.26569 3.18407 3.09324 2.81078 2.66886 2.64677 2.69513 2.63809 2.27932 2.51906 3.55153 2.65918 2.40447
threshold=2.5000000000000004 2.5000000000000004 3.5000000000000004 204.50000000000003 1.5000000000000002 11.500000000000002 11.500000000000002 5.5000000000000009 671.50000000000011 70.500000000000014 4.5000000000000009 77.500000000000014 522.50000000000011 803.50000000000011 17.500000000000004 144.50000000000003 93.500000000000014 595.50000000000011 8.5000000000000018 27.500000000000004 74.500000000000014 602.50000000000011 687.50000000000011 1.5000000000000002 742.50000000000011 1.0000000180025095e-35 22.500000000000004 52.500000000000007 9.5000000000000018 4.5000000000000009
decision_type=2 2 2 2 2 2 2 2 2 2 2 2 2 2 2 2 2 2 2 2 2 2 2 2 2 2 2 2 2 2
left_child=4 2 7 5 17 9 20 -2 16 22 11 12 -11 14 25 -9 -8 -1 -13 -16 24 -17 23 -4 -6 29 -27 -28 -29 -14
right_child=1 -3 3 -5 6 -7 8 15 -10 10 -12 18 13 -15 19 21 -18 -19 -20 -21 -22 -23 -24 -25 -26 26 27 28 -30 -31
leaf_value=0.0028408007654715647 -0.0032717731286821465 0.0064435879634365187 -0.004707303555941407 0.0041078155924215111 -0.0046614674116847478 0.0014945511681073863 -0.0047448787439430366 -0.0011699119515091534 -0.0036679004040807597 0.0049940352362186609 0.001163340972791093 -0.00064035991504057528 -0.0025878746198609243 -0.0035970094287946872 0.0046844662364955375 0.004831798204845604 0.0048877181137436014 -0.010192873213818482 0.0056576866383391431 0.00062291280767686548 0.0024909250184060113 0.00035137052194227384 -0.0029157054431050862 0.00035958934329266307 -0.011197113983360483 0.0037111965331710784 -0.0010269910693605888 0.00029325124762894384 0.0035635267953551468 -0.00055891654998565122
leaf_weight=54.210207343101501 1547.0259635448456 388.51587957143784 300.66651225090027 976.25604325532913 976.80471727252007 7460.9242633581161 121.98530471324921 5205.1296116113663 517.4524482190609 417.4588268995285 9816.2530632615089 283.18768173456192 1652.3247485756874 847.7667270898819 555.6735543012619 404.57079470157623 363.42854386568069 423.60166385769844 688.81927365064621 2997.7788200378418 115.29934376478195 1862.5423381328583 1604.0296666026115 2064.4051082730293 183.38998290896416 506.29874622821808 3468.1560118794441 1904.6658850908279 922.76941275596619 12558.534057915211
leaf_count=110 1411 81 186 332 1733 1846 181 2391 818 144 2981 141 1558 496 206 134 516 906 278 1165 201 766 865 829 374 179 1243 798 233 5694
internal_value=3.4305e-05 0.000227315 0.000185707 0.000394102 -0.0040577 0.000318648 -0.00308117 -0.000947063 -0.000698431 0.000102497 0.000259699 -7.12433e-05 -0.000217771 -0.000303382 -0.000189721 -0.000465763 0.00246703 -0.00871414 0.00382279 0.00125804 -0.00495461 0.00115091 -0.00134788 -0.000284554 -0.00569455 -0.000434551 0.000318157 4.52847e-05 0.00136055 -0.000794828
internal_weight=61189.9 58433.8 58045.2 49026 2756.17 48049.7 2278.36 9019.27 1002.87 40588.8 36619.7 26803.4 25831.4 25414 24566.2 7472.24 485.414 477.812 972.007 3553.45 1275.49 2267.11 3969.1 2365.07 1160.19 21012.7 6801.89 6295.59 2827.44 14210.9
internal_count=28796 23957 23876 19174 4839 18842 3823 4702 1515 16996 15116 12135 11716 11572 11076 3291 697 1016 419 1371 2308 900 1880 1015 2107 9705 2453 2274 1031 7252
is_linear=0
shrinkage=0.05


Tree=145
num_leaves=31
num_cat=0
split_feature=7 3 1 4 3 7 2 6 1 0 4 4 0 0 2 6 0 1 7 1 7 4 2 3 6 6 0 4 2 6
split_gain=16.4007 6.6222 6.2906 4.0669 3.71756 3.6531 3.48248 3.38451 3.32164 5.02983 3.31223 3.29238 2.93208 4.1452 3.28757 3.24415 3.02483 4.01162 2.92231 3.72333 2.87311 3.40847 3.06026 2.82177 3.54078 2.81128 2.72124 2.97102 2.66424 2.60793
threshold=3.5000000000000004 1.0000000180025095e-35 10.500000000000002 803.50000000000011 2.5000000000000004 1.5000000000000002 7434.5000000000009 83.500000000000014 1.5000000000000002 49.500000000000007 682.50000000000011 561.50000000000011 52.500000000000007 44.500000000000007 10117.500000000002 93.500000000000014 54.500000000000007 18.500000000000004 8.5000000000000018 6.5000000000000009 10.500000000000002 583.50000000000011 21148.500000000004 1.0000000180025095e-35 90.500000000000014 115.50000000000001 35.500000000000007 711.50000000000011 7936.0000000000009 106.50000000000001
decision_type=2 2 2 2 2 2 2 2 2 2 2 2 2 2 2 2 2 2 2 2 2 2 2 2 2 2 2 2 2 2
left_child=2 3 5 6 7 -1 -2 -3 9 -9 28 -10 13 14 -13 -14 -17 -18 19 -5 22 25 29 24 -4 -22 -16 -28 -7 -8
right_child=1 4 23 18 -6 10 20 8 11 -11 -12 12 15 -15 26 16 17 -19 -20 -21 21 -23 -24 -25 -26 -27 27 -29 -30 -31
leaf_value=-0.0080807275251778641 -0.0014534583675092543 -0.00059434239372269083 -0.0063528042228406497 -0.012702305379632933 0.0057347061150955156 -0.0073362691143567076 -0.00098874402339116439 0.0018591721441939303 0.0044142263746155489 -0.0049072617596574858 -0.0055372635664888738 -0.00060341865240552944 0.0057524140213188711 -0.001543416238297903 0.0010866503867154548 0.0061427625008192849 0.00099815115629782675 0.0065710380262845097 -0.00085828874673493844 -0.0031508129220909746 0.0066099751723624565 0.00052620092994137867 0.0044011704153245797 0.0015294329025030058 -0.00088717141029910911 0.0014689109684820182 0.002412271010809488 0.0076572558217491565 -0.00050745994178771588 0.00015658637469276318
leaf_weight=531.38967669010162 3779.5486841201782 3028.6871786117554 373.44814100861549 144.30657184123993 412.25009226799011 168.63892236351967 7608.8940659761429 567.66156101226807 871.98890113830566 532.07500201463699 990.04760417342186 1719.2381678819656 546.07858258485794 1745.6954245567322 2739.6292358636856 358.38790225982666 4630.7380656003952 347.13040626049042 659.13042938709259 348.27209514379501 432.58042562007904 8901.4336740970612 360.92517334222794 813.7731209397316 1434.7116121053696 690.16192960739136 1014.9941540956497 367.84486675262451 933.31887891888618 14332.111072301865
leaf_count=1348 1930 979 539 117 77 223 3838 226 180 226 1304 554 173 513 750 102 1363 78 287 232 111 2691 132 814 1908 159 262 114 1109 6497
internal_value=2.61184e-05 0.000275935 -0.00264762 -0.000110662 0.00103874 -0.00437867 -1.73625e-05 0.000933926 0.00123368 -0.00141457 -0.00343831 0.00143675 0.001244 0.000594457 0.00123332 0.00208182 0.00170619 0.00138678 -0.00303557 -0.00594903 0.000150545 0.000853644 -0.000165481 -0.00091561 -0.00201602 0.00344971 0.00199932 0.00380747 -0.00155251 -0.000240601
internal_weight=61385.1 56139.8 5245.33 37257.4 18882.4 2623.4 36105.7 18470.1 15441.5 1099.74 2092.01 14341.7 13469.7 7587.4 5841.71 5882.33 5336.26 4977.87 1151.71 492.579 32326.1 10024.2 22301.9 2621.93 1808.16 1122.74 4122.47 1382.84 1101.96 21941
internal_count=28836 21591 7245 15994 5597 3984 15358 5520 4541 452 2636 4089 3909 2193 1680 1716 1543 1441 636 349 13428 2961 10467 3261 2447 270 1126 376 1332 10335
is_linear=0
shrinkage=0.05


Tree=146
num_leaves=31
num_cat=0
split_feature=7 7 5 3 4 1 4 2 1 0 0 4 2 1 4 1 2 2 1 4 2 5 0 2 1 2 5 4 5 3
split_gain=19.0875 7.10344 6.11856 4.41402 4.57076 3.49206 3.29011 4.23665 4.67923 4.39232 3.21445 3.1424 3.1002 2.92498 2.93348 3.00253 2.82474 3.09793 2.78653 2.85975 2.68898 4.33707 4.5804 4.12287 3.28193 2.58341 2.78645 2.58246 2.54936 2.38274
threshold=2.5000000000000004 6.5000000000000009 4.5000000000000009 1.0000000180025095e-35 533.50000000000011 3.5000000000000004 723.50000000000011 16766.500000000004 16.500000000000004 27.500000000000004 76.500000000000014 615.50000000000011 7509.5000000000009 18.500000000000004 796.50000000000011 15.500000000000002 9435.5000000000018 13456.500000000002 10.500000000000002 664.50000000000011 14809.500000000002 3.5000000000000004 34.500000000000007 4583.5000000000009 7.5000000000000009 8012.5000000000009 2.5000000000000004 769.50000000000011 4.5000000000000009 1.0000000180025095e-35
decision_type=2 2 2 2 2 2 2 2 2 2 2 2 2 2 2 2 2 2 2 2 2 2 2 2 2 2 2 2 2 2
left_child=2 3 18 4 -2 -5 7 8 25 -10 -8 -9 -7 14 20 -16 -11 -18 -1 -20 21 22 -3 -23 -24 -6 -27 -25 -13 -26
right_child=1 13 -4 5 6 12 10 11 9 16 -12 28 -14 -15 15 -17 17 -19 19 -21 -22 23 24 27 29 26 -28 -29 -30 -31
leaf_value=-0.0072491128131039681 0.0058247467661072761 0.001023611123020098 -6.0072951559283812e-05 -0.0026794592355222856 -0.004856643098762381 -0.00276870493845628 -0.0036513491981415482 0.0066273595335810988 0.008047633607916705 0.0044415886009553703 0.0044451190318863451 -0.0016378633455848099 0.0015603391566350641 0.0020404093496180224 -0.00081925766954861522 -0.0068798966409037571 -0.0042925521903294274 0.0025980434350322103 -0.00054387790647392046 -0.0059230340581404774 0.0011146358581015157 -0.0034778094238311443 -0.0021684396685006505 0.0011306399209252379 -0.00098621420872130197 -0.0035596943677336577 -0.00083764954416994564 -0.0021608353832084232 0.0050040814937228045 0.0009880169004799278
leaf_weight=1060.8554264008999 213.67513078451157 4009.2250777482986 702.48556485772133 747.1848771572113 761.04178857803345 469.16306298971176 2205.127268910408 268.62386047840118 202.26968574523926 254.51939541101456 129.80631709098816 502.34134370088577 3490.0106425881386 2789.3899451494217 1303.623084127903 242.3483579158783 435.80489373207092 260.68908494710922 438.53531658649445 565.95097643136978 11023.785489320755 538.6049622297287 3671.5343818068504 13149.123564481735 4485.5836666822433 1375.2040569782257 2971.8715563416481 624.21614909172058 202.79320466518402 2318.2145891189575
leaf_count=2164 115 1645 966 496 634 269 1804 147 117 170 103 355 1683 711 556 94 263 146 732 1030 3135 171 1826 3548 1879 1263 1894 212 87 665
internal_value=-3.34556e-05 0.000158042 -0.00409098 -0.000802559 -0.00140782 0.000455676 -0.0015693 -0.00104264 -0.00151978 0.00135685 -0.00320124 0.00202545 0.00104735 0.000473273 0.000367599 -0.00176933 -6.62065e-05 -0.00171349 -0.00546201 -0.00357462 0.000450562 0.000196343 -0.000413608 0.000813651 -0.000963675 -0.00216925 -0.00169877 0.000981468 0.000272327 -0.000313547
internal_weight=61413.6 58645.8 2767.83 14490.1 9783.77 4706.36 9570.09 7235.16 6261.4 1153.28 2334.93 973.758 3959.17 44155.6 41366.3 1545.97 951.013 696.494 2065.34 1004.49 39820.3 28796.5 14484.6 14311.9 10475.3 5108.12 4347.08 13773.3 705.135 6803.8
internal_count=28880 23988 4892 9546 7098 2448 6983 5076 4487 696 1907 589 1952 14442 13731 650 579 409 3926 1762 13081 9946 6015 3931 4370 3791 3157 3760 442 2544
is_linear=0
shrinkage=0.05


Tree=147
num_leaves=31
num_cat=0
split_feature=7 5 3 5 3 6 7 6 0 0 6 7 4 6 4 6 0 1 6 4 0 1 6 6 4 1 5 0 1 4
split_gain=17.5089 7.53343 5.53243 4.75083 4.31016 5.72554 4.27716 5.37161 3.8464 3.62181 3.62022 3.54715 3.63612 3.44875 3.05456 3.03847 3.01344 3.14918 2.86659 5.87465 2.75503 5.26023 2.62045 3.16894 2.47465 2.30628 2.95199 2.28887 2.29496 2.19795
threshold=3.5000000000000004 1.5000000000000002 2.5000000000000004 4.5000000000000009 1.0000000180025095e-35 109.50000000000001 8.5000000000000018 156.50000000000003 18.500000000000004 77.500000000000014 199.50000000000003 1.5000000000000002 765.50000000000011 70.500000000000014 522.50000000000011 171.50000000000003 45.500000000000007 17.500000000000004 122.50000000000001 717.50000000000011 26.500000000000004 11.500000000000002 50.500000000000007 69.500000000000014 745.50000000000011 3.5000000000000004 1.5000000000000002 45.500000000000007 15.500000000000002 718.50000000000011
decision_type=2 2 2 2 2 2 2 2 2 2 2 2 2 2 2 2 2 2 2 2 2 2 2 2 2 2 2 2 2 2
left_child=1 11 3 6 5 -3 7 8 -2 13 18 -1 29 25 -10 -5 20 24 19 -7 21 -9 -16 -24 -18 -8 -27 -20 -29 -13
right_child=2 4 -4 15 -6 10 9 16 14 -11 -12 12 -14 -15 22 -17 17 -19 27 -21 -22 -23 23 -25 -26 26 -28 28 -30 -31
leaf_value=-0.013312441247960258 0.0051811114429962573 -0.0059162292444119302 0.0060023073086960385 0.00065976166692823966 0.00030162928200003957 0.0062184862988128881 -0.0059478536016276222 -0.0051395090927936309 0.0049750716762367864 0.0035266954501438652 0.0089367870027158274 -0.0052586268775593999 0.0052012742567779458 0.00038830285355027721 0.0017075636347803705 0.0029206826563097214 -0.00012231801737652177 0.0056600295346721568 -0.0050528328947823803 -0.0082744832419783376 0.0042989087710833705 0.0054692048274620287 -0.0042464655148435259 -0.0012927833647239496 -0.0053907527477141844 -0.0053131799057743959 -0.00010604312107160852 -0.0025391543443581662 0.0038457282891144816 -0.012973371160959321
leaf_weight=182.34193709492683 234.9187445640564 1107.7015905678272 407.05027174949646 13354.766419291496 1390.7185049951077 252.8363451063633 283.34745836257935 259.01793450117111 192.9249415397644 844.6195946931839 81.442745178937912 487.9759076833725 71.593785613775253 20408.39144051075 661.34503793716431 1672.0752166509628 1481.36472427845 203.35006296634674 642.17852109670639 96.648811012506485 976.71759593486786 212.88203656673431 983.8311772942543 11794.456029117107 262.36575442552567 335.62058842182159 1439.9417641162872 589.94771790504456 184.83003398776054 113.86741602420807
leaf_count=521 122 1639 78 3862 1511 359 131 143 76 262 104 690 112 6677 392 403 730 81 885 158 491 91 588 6668 157 157 471 847 214 176
internal_value=-6.33201e-05 -0.00283808 0.000194398 0.000151879 -0.00199377 -0.00307385 -0.000129385 -0.000725934 -0.00116238 0.000312378 -0.00137 -0.0071261 -0.00545106 0.000191541 -0.00127169 0.00091134 0.00105643 -0.000228331 -0.0018452 0.00221051 0.00278327 -0.000353739 -0.00136136 -0.00152019 -0.000915019 -0.0017588 -0.00109031 -0.00284552 -0.00101598 -0.00671824
internal_weight=61211.1 5202.08 56009 55601.9 4346.3 2955.59 40575.1 17263.2 13867.5 23311.9 1847.88 855.779 673.437 22467.3 13632.6 15026.8 3395.7 1947.08 1766.44 349.485 1448.62 471.9 13439.6 12778.3 1743.73 2058.91 1775.56 1416.96 774.778 601.843
internal_count=28796 7216 21580 21502 5717 4206 17237 9539 7846 7698 2567 1499 978 7436 7724 4265 1693 968 2463 517 725 234 7648 7256 887 759 628 1946 1061 866
is_linear=0
shrinkage=0.05


Tree=148
num_leaves=31
num_cat=0
split_feature=7 7 3 4 5 6 4 5 5 4 0 4 3 6 0 6 6 5 6 4 6 4 1 1 0 0 6 4 0 3
split_gain=13.0736 8.3658 6.99083 7.1086 4.47565 4.94476 5.56244 3.80705 3.61521 3.18014 3.11372 3.26417 2.9757 2.89195 4.82053 5.30318 2.98467 2.86422 2.80932 2.55139 2.47432 2.46836 2.36739 2.35636 2.6405 2.49478 2.29012 2.25488 2.09101 2.05908
threshold=6.5000000000000009 1.5000000000000002 1.0000000180025095e-35 533.50000000000011 3.5000000000000004 145.50000000000003 745.50000000000011 1.5000000000000002 4.5000000000000009 567.50000000000011 77.500000000000014 693.50000000000011 1.5000000000000002 138.50000000000003 71.500000000000014 113.50000000000001 158.50000000000003 1.5000000000000002 142.50000000000003 636.50000000000011 197.50000000000003 813.50000000000011 14.500000000000002 7.5000000000000009 20.500000000000004 76.500000000000014 69.500000000000014 643.50000000000011 22.500000000000004 1.0000000180025095e-35
decision_type=2 2 2 2 2 2 2 2 2 2 2 2 2 2 2 2 2 2 2 2 2 2 2 2 2 2 2 2 2 2
left_child=1 7 3 -3 5 18 22 27 10 -6 26 -12 13 14 17 -16 -15 -4 21 -14 28 23 -7 -5 -25 -26 -2 -1 -10 -28
right_child=8 2 12 4 9 6 -8 -9 20 -11 11 -13 19 16 15 -17 -18 -19 -20 -21 -22 -23 -24 24 25 -27 29 -29 -30 -31
leaf_value=-0.0043391538296324349 -0.0013015621807230941 0.0068260209643084312 -0.0059433887358561373 -0.0050471070343330654 0.0047047013218328125 -0.00046964474947412812 -0.0071488501592163875 -0.0041652186234469573 0.0032681196783176784 -0.0010352805937418788 0.004684641021463337 -0.00071483811965930002 0.0073756916470621731 0.0042636198855717641 0.0091011681250814797 -0.0025620356453859286 -0.00030918273968998133 -0.0010410687389287099 -0.010738287289650903 0.0015768776531601603 0.0049624163054534411 -0.011148347994674179 0.0042027097555451948 0.0050540583506281196 -0.0031213967595882098 0.0042131737847472782 -8.9071184817568396e-05 -0.016132970961949794 0.00085126036217483272 0.00082069454327328949
leaf_weight=61.005036860704422 2743.5742400884628 243.24531370401382 346.82001620531082 1251.1273937523365 253.94489526748657 931.87002125382423 257.34689971804619 808.16697430610657 976.95924711227417 4847.8639434278011 752.18779289722443 445.7912255525589 253.06663477420807 675.42287302017212 231.35572445392609 168.40891742706299 756.52274167537689 2114.4940504431725 138.3864198923111 757.399522960186 419.58021283149719 102.33232030272484 382.33706116676331 113.77583128213882 2250.3360996842384 122.2349134683609 18799.36752730608 120.7410831451416 10659.828552603722 9294.361564040184
leaf_count=168 1106 148 305 1402 138 864 263 1915 234 3260 223 177 95 393 150 101 429 1234 128 376 75 118 279 98 2019 113 7453 359 2566 2572
internal_value=-3.81484e-06 -0.00117351 -0.000900816 -0.00162554 -0.00181854 -0.00280123 -0.000426667 -0.00563566 0.000452165 -0.00074957 0.000174416 0.00267539 0.000587958 1.33613e-05 -0.000904722 0.00418781 0.00184773 -0.00173185 -0.00373929 0.00302916 0.00119018 -0.00348704 0.000889665 -0.00327728 -0.0023867 -0.00274352 7.72576e-05 -0.0121742 0.00105417 0.00021191
internal_weight=61279.9 17188.2 16198.3 10894.8 10651.6 5549.75 1571.55 989.913 44091.7 5101.81 32035.3 1197.98 5303.49 4293.02 2861.08 399.765 1431.95 2461.31 3978.19 1010.47 12056.4 3839.81 1314.21 3737.47 2486.35 2372.57 30837.3 181.746 11636.8 28093.7
internal_count=28761 14355 11913 8830 8682 5284 1406 2442 14406 3398 11531 400 3083 2612 1790 251 822 1539 3878 471 2875 3750 1143 3632 2230 2132 11131 527 2800 10025
is_linear=0
shrinkage=0.05


Tree=149
num_leaves=31
num_cat=0
split_feature=7 4 6 1 4 6 3 0 1 2 6 2 3 1 4 0 2 2 2 7 0 2 7 6 4 6 6 0 6 6
split_gain=14.5586 5.69119 5.69212 4.92363 4.22452 4.01804 3.91422 3.48752 4.0338 5.2599 3.45509 3.41351 3.92394 3.28962 3.23336 2.93611 4.23895 3.01575 2.92125 3.27623 4.75537 2.86229 2.95636 2.86234 2.76069 2.61309 2.59701 2.54985 2.43899 2.93204
threshold=2.5000000000000004 673.50000000000011 70.500000000000014 6.5000000000000009 680.50000000000011 78.500000000000014 1.0000000180025095e-35 47.500000000000007 10.500000000000002 10910.500000000002 63.500000000000007 14046.500000000002 1.5000000000000002 18.500000000000004 734.50000000000011 30.500000000000004 11464.500000000002 10207.500000000002 7589.5000000000009 8.5000000000000018 37.500000000000007 17256.500000000004 9.5000000000000018 168.50000000000003 790.50000000000011 56.500000000000007 78.500000000000014 63.500000000000007 142.50000000000003 82.500000000000014
decision_type=2 2 2 2 2 2 2 2 2 2 2 2 2 2 2 2 2 2 2 2 2 2 2 2 2 2 2 2 2 2
left_child=6 18 7 4 -4 -6 14 8 9 -3 -9 12 15 21 -1 16 17 -7 19 28 -21 22 23 -5 -17 -11 -24 -25 29 -2
right_child=1 2 3 13 5 11 -8 10 -10 25 -12 -13 -14 -15 -16 24 -18 -19 -20 20 -22 -23 26 27 -26 -27 -28 -29 -30 -31
leaf_value=-0.0038367779435175501 -0.0059021131137603731 -0.0043956925273321507 -0.0053229250228649348 -0.001147231419782785 0.0052425338705793419 -2.6319594747488431e-05 -0.00070479344582318392 -0.0027180405805785845 -0.0033618578124189795 0.0018300945818915605 -0.008272115405338256 0.00049630887824429802 0.0039262165870458405 0.0024356255613971929 -0.0090219788718176232 -0.0025290874678861128 0.004613212992968089 -0.0079757612119697174 0.00077225676204129208 0.0040628027451288093 -0.0012874796279430337 0.0019115904163925447 0.004911851270475282 0.0030553760516963341 -0.0073445343958015346 0.0099763267119124116 0.00040047721302494392 -0.0023454473585281699 -0.00581080604984586 0.00022900870817771206
leaf_weight=1545.7911039292812 258.8873370885849 198.20322477817535 586.98863577842712 7254.444511950016 256.05385035276413 389.06669092178345 812.45302492380142 909.04056090116501 691.74631989002228 213.80858492851257 404.65901744365692 2138.1548881530762 267.77503007650375 1608.2954585552216 373.24559727311134 2896.8378995060921 339.64532297849655 172.07104152441025 26808.953053295612 643.77531373500824 1170.2595719099045 1871.6678603887558 336.23485577106476 803.30960094928741 331.71800374984741 182.44194757938385 6224.796017408371 300.21591812372208 415.38591229915619 790.15817594528198
leaf_count=2849 170 125 305 3826 158 227 1258 476 325 120 196 1050 98 574 777 1713 179 95 9600 206 392 644 102 388 231 101 1796 143 236 469
internal_value=-4.58168e-05 0.000120878 -0.000387086 -0.00016219 -0.00125341 -0.000901673 -0.00361374 -0.00261687 -0.000766135 0.00225442 -0.00442886 -0.00114241 -0.00193925 0.000275409 -0.00484528 -0.00231961 0.000204509 -0.00246399 0.000599968 -0.000808887 0.00061126 6.84924e-05 -0.000162734 -0.000786346 -0.00302385 0.00558079 0.000631673 0.00158607 -0.00256807 -0.00128405
internal_weight=61196.1 58464.6 28377.2 25777.3 7378.31 6791.32 2731.49 2599.9 1286.2 594.454 1313.7 6535.27 4397.11 18399 1919.04 4129.34 900.783 561.138 30087.4 3278.47 1814.03 16790.7 14919 8357.97 3228.56 396.251 6561.03 1103.53 1464.43 1049.05
internal_count=28829 23945 12872 11529 4056 3751 4884 1343 671 346 672 3593 2543 7473 3626 2445 501 322 11073 1473 598 6899 6255 4357 1944 221 1898 531 875 639
is_linear=0
shrinkage=0.05


Tree=150
num_leaves=31
num_cat=0
split_feature=3 4 6 3 1 6 2 0 6 6 0 6 0 2 6 4 0 1 5 4 5 0 4 6 2 0 2 1 4 4
split_gain=8.39905 6.01865 5.84171 4.39298 4.19174 5.17595 3.56698 3.70832 3.87952 3.38685 3.20654 3.14179 3.08878 3.5876 2.84103 2.52714 2.96844 2.49667 2.63313 4.88793 2.48308 3.77708 3.06962 2.57838 2.59634 2.47399 2.42386 2.85644 2.3991 2.48689
threshold=1.0000000180025095e-35 803.50000000000011 202.50000000000003 2.5000000000000004 16.500000000000004 106.50000000000001 7865.5000000000009 32.500000000000007 120.50000000000001 107.50000000000001 23.500000000000004 87.500000000000014 77.500000000000014 10117.500000000002 70.500000000000014 573.50000000000011 38.500000000000007 1.5000000000000002 3.5000000000000004 670.50000000000011 3.5000000000000004 38.500000000000007 717.50000000000011 127.50000000000001 16448.500000000004 59.500000000000007 18113.500000000004 9.5000000000000018 632.50000000000011 691.50000000000011
decision_type=2 2 2 2 2 2 2 2 2 2 2 2 2 2 2 2 2 2 2 2 2 2 2 2 2 2 2 2 2 2
left_child=1 2 4 11 5 -1 7 8 -7 -8 -10 -2 13 -13 -6 -16 -17 18 19 -15 22 26 -11 24 -23 -4 27 -22 -9 -30
right_child=3 -3 25 -5 14 6 9 28 10 20 -12 12 -14 17 15 16 -18 -19 -20 -21 21 23 -24 -25 -26 -27 -28 -29 29 -31
leaf_value=-0.0015026561120903472 -0.00052367393315738513 -0.0037931467018067844 0.0019125478921784658 0.0059245628291165735 -0.0022993661458004071 0.0078880021584759041 0.0059483073093756535 -0.0058005796763974347 -0.0059461042645038292 -7.35715833921758e-05 0.0023902669544109837 -0.00028463300782408286 0.004392898009291271 0.0014423042829913206 0.0041197480126200529 0.0023062358800962149 -9.7425909802031777e-05 0.0016007043074479808 0.0017313832876863014 -0.0095937214068324075 -0.0028117317456911265 -0.0012336089811908115 -0.0022896165978078735 0.0020058815860976814 0.0037496154664322756 0.0075342408100017369 0.0037525316348734081 0.00038594109539413465 0.00040915778584311698 -0.0037926880783063612
leaf_weight=10893.139209449291 3927.0799410045147 1259.7381052672863 620.75073090195656 417.83416450023651 694.63249453902245 169.63519397377968 243.68393591046333 541.28804594278336 190.6460482776165 6840.850535184145 292.06967914104462 4469.4090029001236 663.87966606020927 197.93259760737419 613.14697819948196 1971.586958438158 3685.5326049625874 10242.160894364119 361.43695858120918 203.47156947851181 1437.4907196462154 1390.0863650739193 2025.3199515640736 4195.9897193610668 321.91603726148605 285.81575816869736 264.15414172410965 1358.3073510229588 643.85956436395645 777.21769833564758
leaf_count=6350 1572 843 266 98 345 107 130 299 120 4021 170 1829 213 101 200 821 1608 3403 135 127 648 635 1409 1638 120 127 81 483 380 521
internal_value=2.44675e-05 -0.000390985 -0.000282364 0.00085031 -0.00037566 -0.00062049 -0.000156092 -0.00188222 0.00138362 9.357e-05 -0.000902139 0.000744646 0.00105328 0.000910002 0.000734637 0.00107075 0.000740285 0.00139517 -0.00136435 -0.00415185 1.35714e-05 0.000600197 -0.000579788 0.00133868 -0.000296589 0.00368491 -0.000825622 -0.00125818 -0.00296789 -0.00188892
internal_weight=61200.1 40716.9 39457.1 20483.2 38550.6 31585.7 20692.5 2614.72 652.351 18077.8 482.716 20065.4 16138.3 15474.4 6964.9 6270.27 5657.12 11005 762.841 401.404 17834.1 8967.94 8866.17 5907.99 1712 906.566 3059.95 2795.8 1962.37 1421.08
internal_count=28800 21322 20479 7478 20086 17112 10762 1597 397 9165 290 7380 5808 5595 2974 2629 2429 3766 363 228 9035 3605 5430 2393 755 393 1212 1131 1200 901
is_linear=0
shrinkage=0.05


Tree=151
num_leaves=31
num_cat=0
split_feature=7 5 1 2 7 3 4 0 0 3 4 2 0 4 4 0 4 4 5 4 2 4 2 4 4 7 3 4 2 1
split_gain=11.8685 7.46161 6.14179 5.89959 5.60971 4.05463 3.76634 3.56685 3.56361 3.46256 3.35882 3.31715 3.42581 3.41996 3.02671 2.9346 3.17639 2.89758 2.80269 4.09113 4.29008 2.68492 2.65826 3.05279 2.65546 3.22193 2.64842 2.60381 2.58717 2.5579
threshold=5.5000000000000009 4.5000000000000009 3.5000000000000004 18562.500000000004 1.5000000000000002 1.0000000180025095e-35 798.50000000000011 44.500000000000007 19.500000000000004 1.0000000180025095e-35 721.50000000000011 9675.5000000000018 40.500000000000007 785.50000000000011 569.50000000000011 77.500000000000014 807.50000000000011 726.50000000000011 1.5000000000000002 669.50000000000011 14551.500000000002 724.50000000000011 14185.500000000002 672.50000000000011 571.50000000000011 10.500000000000002 1.0000000180025095e-35 629.50000000000011 8514.5000000000018 1.5000000000000002
decision_type=2 2 2 2 2 2 2 2 2 2 2 2 2 2 2 2 2 2 2 2 2 2 2 2 2 2 2 2 2 2
left_child=1 2 14 7 -4 6 11 -3 -7 15 -11 12 17 24 -1 16 18 28 22 27 21 -21 23 -6 25 -13 -9 -20 -2 -10
right_child=5 3 4 -5 9 8 -8 26 29 10 -12 13 -14 -15 -16 -17 -18 -19 19 20 -22 -23 -24 -25 -26 -27 -28 -29 -30 -31
leaf_value=0.0031699811279498249 0.0025095561279449945 -0.0019031821518813324 -0.0061147039503894572 0.0090326244922527225 -0.0062876906505338614 0.0051619085823887871 -0.0027772793757544424 0.00024172999724165033 -0.0014649388807216161 0.0015984023217313868 -0.0027504740151002311 0.00063618215316406357 -0.0016150826222854982 0.0046301233922217445 -0.0056159678204614292 0.0047970683484565265 -0.0096692958703184749 -0.0029296467632658535 -0.0012646578657635036 -0.0063726283023865533 0.0010738208937165665 -0.0017530503182853878 -0.0084649551068341679 0.00057171033863816982 0.00017328322147415858 0.0048447518358513755 0.0044327697391677908 0.0025619612973223102 -0.00097097685639872117 0.0010329037102736701
leaf_weight=105.35997822880745 1547.2503261566162 1208.2308138906956 611.82305333018303 200.81572818756104 302.02397301793098 496.81283330917358 1151.823704123497 1116.8284244537354 1099.9675170183182 1706.54485476017 600.12343364953995 1337.105903506279 4669.5592035651207 473.53324890136719 1407.8791107237339 158.64264780282974 135.22454771399498 486.30984115600586 1009.9892455935478 758.53472724556923 480.63771039247513 537.34982517361641 274.98867958784103 350.38024440407753 21277.831015169621 689.15509295463562 568.9966541826725 794.0498748421669 815.23031830787659 15023.875276565552
leaf_count=115 658 943 1553 118 345 131 571 939 408 1137 477 415 2055 200 1802 149 159 255 791 736 430 552 320 430 7853 157 361 678 322 3816
internal_value=7.50265e-06 -0.00137939 -0.00209154 0.000745301 -0.00152062 0.000355959 3.06647e-05 0.000170252 0.000991016 -0.00112521 0.00046696 0.000134009 -0.000781435 0.000423467 -0.00500424 -0.00189005 -0.00211853 0.000585029 -0.00189203 -0.00125754 -0.0029607 -0.00445708 -0.00434172 -0.00260378 0.000337989 0.00206757 0.00165628 0.000419633 0.00130852 0.000862501
internal_weight=61396.9 12328.4 9233.55 3094.87 7720.31 49068.5 32447.8 2894.06 16620.7 7108.49 2306.67 31296 7518.35 23777.6 1513.24 4801.82 4643.18 2848.79 4507.95 3580.56 1776.52 1295.88 927.393 652.404 23304.1 2026.26 1685.83 1804.04 2362.48 16123.8
internal_count=28876 12035 9674 2361 7757 16841 12486 2243 4355 6204 1614 11915 3290 8625 1917 4590 4441 1235 4282 3187 1718 1288 1095 775 8425 572 1300 1469 980 4224
is_linear=0
shrinkage=0.05


Tree=152
num_leaves=31
num_cat=0
split_feature=7 3 5 7 3 1 6 5 4 6 6 6 6 6 1 7 4 4 6 4 4 0 4 4 0 0 6 6 1 6
split_gain=14.0376 6.39577 5.3955 5.57106 4.69133 4.64682 4.01894 3.89304 3.62336 2.93038 2.87719 2.84706 2.46557 2.40045 2.36716 2.86534 2.54576 2.34664 2.52124 2.3788 2.29043 3.57414 3.29146 2.08481 2.35152 2.33942 2.1483 2.05644 2.0138 2.20143
threshold=2.5000000000000004 2.5000000000000004 4.5000000000000009 6.5000000000000009 1.5000000000000002 16.500000000000004 146.50000000000003 4.5000000000000009 693.50000000000011 161.50000000000003 175.50000000000003 69.500000000000014 159.50000000000003 205.50000000000003 10.500000000000002 1.5000000000000002 634.50000000000011 558.50000000000011 120.50000000000001 687.50000000000011 689.50000000000011 51.500000000000007 645.50000000000011 695.50000000000011 48.500000000000007 58.500000000000007 162.50000000000003 91.500000000000014 13.500000000000002 128.50000000000003
decision_type=2 2 2 2 2 2 2 2 2 2 2 2 2 2 2 2 2 2 2 2 2 2 2 2 2 2 2 2 2 2
left_child=4 2 3 5 7 8 -7 14 17 -10 -11 20 -8 -4 15 16 -1 18 -2 -19 21 22 -5 25 -25 26 -16 -17 -9 -30
right_child=1 -3 13 11 -6 6 12 28 9 10 -12 -13 -14 -15 23 27 -18 19 -20 -21 -22 -23 -24 24 -26 -27 -28 -29 29 -31
leaf_value=-0.0034265387282356274 -0.0018136104302313889 0.0063526841004945579 0.00079645699587298853 -0.0046373468339128933 0.0054815394192482547 -0.00038637151549081734 0.0090673544375512952 -0.0027578024735762769 -0.0036790198805610771 0.0047358037928519753 -0.0027694137856650023 0.00028381485900085901 0.0020779281154167896 0.0050123016071180878 -0.0053282059375517488 -0.010087595282735807 -0.012809784265055755 -0.0014938814602482641 0.0057875261326889244 0.0030681012492081916 -0.0032254971840266476 0.0021866259975634162 0.0015323019815960889 -0.0021234611780789818 -0.010084237309654791 0.0033052257723459213 0.0048268445724009082 -0.0031510971955526338 -0.0014381712386213818 0.0082687053736369264
leaf_weight=98.11834055185318 189.00179213285446 412.09739220142365 15521.513760626316 589.34469437599182 136.9148750603199 1436.0001939535141 200.60997354984283 434.95078241825104 2702.0963218212128 221.54522854089737 301.45262014865875 29034.670324206352 340.05776298046112 345.15613949298859 315.36748483777046 139.06158655881882 274.55428540706635 4598.1673666834831 258.02834463119507 304.68825739622116 1055.3714505434036 797.67866170406342 341.40610492229462 178.36849102377892 193.28549435734749 177.71780508756638 62.381749451160431 461.29359394311905 128.25394055247307 107.25733152031898
leaf_count=260 117 85 4699 211 199 877 108 663 2312 173 231 10366 174 81 562 251 771 3249 140 237 490 293 135 339 369 310 103 772 154 121
internal_value=-1.68626e-05 0.000145634 0.000101711 -0.000192799 -0.00353676 -0.00118841 0.000997025 -0.00401709 -0.00169218 -0.00301595 0.000409844 0.000137365 0.00467129 0.000888167 -0.00517291 -0.00689555 -0.0103393 -0.000894175 0.00257381 -0.00121038 -0.00139009 -0.000269397 -0.00237428 -0.00336497 -0.00626361 -0.00142554 -0.00365119 -0.00475781 -0.000741399 0.00298257
internal_weight=61356.4 58648.9 58236.8 42370.1 2707.53 10551.6 1976.67 2570.61 8574.98 3225.09 522.998 31818.5 540.668 15866.7 1900.15 973.028 372.673 5349.89 447.03 4902.86 2783.8 1728.43 930.751 927.121 371.654 555.467 377.749 600.355 670.462 235.511
internal_count=28852 23978 23893 19113 4874 7618 1159 4675 6459 2716 404 11495 282 4780 3737 2054 1031 3743 257 3486 1129 639 346 1683 708 975 665 1023 938 275
is_linear=0
shrinkage=0.05


Tree=153
num_leaves=31
num_cat=0
split_feature=7 3 5 4 5 1 4 7 6 1 4 4 4 4 0 6 6 7 4 4 3 4 0 4 6 4 0 6 6 4
split_gain=13.4367 5.87264 5.88443 5.76844 3.48697 3.34202 2.88881 4.09343 2.8177 2.63269 2.93675 2.66414 2.60714 3.6967 2.59459 2.51127 2.44282 2.33494 2.78718 3.58416 2.31026 2.26741 2.21816 2.73158 2.71602 2.40136 2.89339 2.17967 2.14598 2.49614
threshold=2.5000000000000004 1.0000000180025095e-35 3.5000000000000004 807.50000000000011 3.5000000000000004 11.500000000000002 644.50000000000011 11.500000000000002 83.500000000000014 13.500000000000002 737.50000000000011 719.50000000000011 677.50000000000011 681.50000000000011 78.500000000000014 146.50000000000003 194.50000000000003 1.5000000000000002 650.50000000000011 631.50000000000011 1.0000000180025095e-35 679.50000000000011 70.500000000000014 742.50000000000011 119.50000000000001 735.50000000000011 23.500000000000004 98.500000000000014 90.500000000000014 734.50000000000011
decision_type=2 2 2 2 2 2 2 2 2 2 2 2 2 2 2 2 2 2 2 2 2 2 2 2 2 2 2 2 2 2
left_child=4 2 3 5 17 -2 16 12 -3 10 11 -6 -8 -14 -10 22 -4 18 19 -1 28 -20 23 25 27 26 -15 -24 -19 -30
right_child=1 8 6 -5 9 -7 7 -9 14 -11 -12 -13 13 15 -16 -17 -18 20 21 -21 -22 -23 24 -25 -26 -27 -28 -29 29 -31
leaf_value=-0.0065940259275966227 -0.0012913175825195525 -0.00047354537288936773 0.0010431705053111217 -0.0060550695355245827 -0.0029295374266035353 3.5982677091907914e-05 -0.0017124318146881654 0.0019681393089060438 0.0010258605741513798 0.0016588463777230293 -0.0096282714135750569 0.006856485662348236 0.0054567121057028786 0.003734181287055072 0.0052375142966408954 0.0013301063647231854 0.0054887415697697445 -0.010724991094436975 -0.017098005147104162 0.0095414101224157149 0.00022646207608575643 -0.0079529575515279085 0.0025010932835426054 -0.0028817806682521338 0.0056556168153391179 0.0040942238468242532 -0.0013591809950289236 -0.0043195533297429355 -0.0018575553117332593 -0.01044123603646843
leaf_weight=145.32301703095436 10192.052601516247 3327.7604061365128 6323.3319700360298 511.34014922380447 586.76528403162956 8869.8090219497681 2893.9949925541878 2130.8033819198608 16124.462280213833 432.26939460635185 144.72738075256348 78.8998182117939 303.77094721794128 316.8385174870491 374.16711229085922 2005.0175820589066 324.88943374156952 138.25596237182617 90.541514128446579 45.096582591533661 281.37279480695724 269.60873794555664 261.61383777856827 1537.7616482377052 280.46688932180405 283.50660002231598 2324.2353761196136 212.09464287757874 396.13942733407021 107.72844481468201
leaf_count=370 6185 1138 2018 371 942 4179 1097 517 5003 572 275 129 124 131 104 796 81 253 244 116 378 764 123 755 118 128 993 97 650 199
internal_value=-5.66911e-06 0.000153705 -0.000204236 -0.000814288 -0.00344325 -0.000673702 0.000417728 -2.86747e-05 0.000853676 -0.00149227 -0.00317309 -0.00176962 -0.000437034 5.34438e-05 0.00112138 -0.000173843 0.00126042 -0.00508796 -0.00766523 -0.00277271 -0.00355144 -0.010252 -0.000751899 -0.00117577 0.00175606 -0.000278736 -0.000748152 -0.000552731 -0.00520688 -0.00369277
internal_weight=61314.6 58597.9 38771.5 19573.2 2716.73 19061.9 19198.3 12550.1 19826.4 1242.66 810.392 665.665 10419.3 7525.31 16498.6 7221.54 6648.22 1474.07 550.57 190.42 923.497 360.15 5216.52 4462.34 754.175 2924.58 2641.07 473.708 642.124 503.868
internal_count=28850 23958 17713 10735 4892 10364 6978 4879 6245 1918 1346 1071 4362 3265 5107 3141 2099 2974 1494 486 1480 1008 2345 2007 338 1252 1124 220 1102 849
is_linear=0
shrinkage=0.05


Tree=154
num_leaves=31
num_cat=0
split_feature=7 5 7 2 1 6 3 6 4 1 4 2 2 3 4 2 4 1 4 2 2 6 4 4 4 1 4 6 6 1
split_gain=12.4534 7.18259 5.49994 4.04629 3.9962 9.73453 3.70115 3.53445 3.44176 3.26262 3.08984 2.87994 2.6157 2.50763 3.46653 2.70556 2.37158 2.33065 2.31281 2.62021 3.21423 2.34543 4.48441 2.68434 2.24113 2.23911 2.42397 3.04162 2.17738 2.06957
threshold=5.5000000000000009 3.5000000000000004 1.5000000000000002 18562.500000000004 8.5000000000000018 53.500000000000007 2.5000000000000004 69.500000000000014 650.50000000000011 17.500000000000004 714.50000000000011 5729.5000000000009 19249.000000000004 1.0000000180025095e-35 600.50000000000011 10477.500000000002 610.50000000000011 8.5000000000000018 666.50000000000011 11725.500000000002 16223.500000000002 146.50000000000003 742.50000000000011 700.50000000000011 571.50000000000011 12.500000000000002 745.50000000000011 147.50000000000003 119.50000000000001 5.5000000000000009
decision_type=2 2 2 2 2 2 2 2 2 2 2 2 2 2 2 2 2 2 2 2 2 2 2 2 2 2 2 2 2 2
left_child=1 2 8 4 10 -6 7 11 16 12 -3 -2 -9 25 -15 -16 -1 -18 -7 -20 21 22 23 -21 -11 -4 27 -27 -28 -17
right_child=6 3 13 -5 5 18 -8 9 -10 24 -12 -13 -14 14 15 29 17 -19 19 20 -22 -23 -24 -25 -26 26 28 -29 -30 -31
leaf_value=-0.0078461230354675126 -0.0061902755300900537 -0.00092301870573349275 -0.0037602677705901848 0.0051321038610610903 -0.012271707923971649 0.0026778918238190147 0.0055868672789499817 0.00025344997407632187 -0.010165453964966311 0.0048728016570616798 -0.005122581818980225 -0.00068180802479054668 0.0023012078397142573 0.0045372108614814806 -0.0043151843013780793 0.0037300310358182169 -0.0059164997611296476 0.0092529183575120483 -0.0021664520418799701 0.00044403940482299519 -0.0038127359575995112 0.0083355325897250115 -0.0059607196779867819 0.0087341907710222454 0.001327133228480564 -0.0019426276475000847 -0.00094841140017452917 0.0033529239396504901 -0.010155177445505715 -0.0013142391166497177
leaf_weight=91.266974657773972 252.15958952903748 1560.2616672515869 2380.2746285498142 347.11364364624023 139.35831129550934 1474.1617960333824 341.92381310462952 37390.290223956108 361.43400421738625 489.86490023136139 608.93047174811363 4021.1273342370987 1627.3214221000671 282.63520520925522 548.40380495786667 276.61746025085449 42.299472630023956 63.082812249660492 776.60261881351471 201.79395234584808 199.84270191192627 177.89947122335434 140.44537749886513 189.19386723637581 4939.5179636478424 1022.4306630790234 121.43619447946548 369.02740037441254 136.29467356204987 767.59430056810379
leaf_count=232 118 1386 2791 232 122 1006 56 13182 1021 94 632 1547 457 185 488 263 117 154 685 141 135 133 116 145 1358 949 135 296 145 556
internal_value=4.65892e-05 -0.00137752 -0.00252468 -0.000102684 -0.000434964 0.000661005 0.000402988 0.000366607 -0.00726916 0.000498657 -0.00210191 -0.00100685 0.000338857 -0.00207626 -0.000565844 -0.00147146 -0.00194588 0.00316405 0.00123136 -3.3592e-05 0.00178826 0.00336625 0.00170276 0.00445553 0.00164704 -0.00277918 -0.00136318 -0.000538199 -0.00581718 2.20159e-05
internal_weight=61340.6 12278.4 6462.8 5815.6 5468.49 3299.3 49062.2 48720.3 558.083 44447 2169.19 4273.29 39017.6 5904.71 1875.25 1592.62 196.649 105.382 3159.94 1685.78 909.175 709.333 531.433 390.988 5429.38 4029.46 1649.19 1391.46 257.731 1044.21
internal_count=28877 12065 7332 4733 4501 2483 16812 16756 1524 15091 2018 1665 13639 5808 1492 1307 503 271 2361 1355 670 535 402 286 1452 4316 1525 1245 280 819
is_linear=0
shrinkage=0.05


Tree=155
num_leaves=31
num_cat=0
split_feature=7 5 5 3 6 4 4 1 7 2 2 2 1 6 6 4 5 2 1 4 2 2 2 7 3 3 3 2 2 2
split_gain=12.4139 6.55669 5.22564 4.44958 4.34834 3.6876 5.12007 4.94229 3.38952 3.54618 4.16968 3.14231 3.46388 3.03498 2.82305 2.76358 2.66095 3.29207 2.36306 2.33761 2.3017 4.21063 3.96993 2.23211 2.17052 2.15515 2.13648 2.71934 2.12364 2.00471
threshold=3.5000000000000004 1.5000000000000002 1.5000000000000002 1.5000000000000002 109.50000000000001 731.50000000000011 724.50000000000011 3.5000000000000004 11.500000000000002 6562.5000000000009 6847.5000000000009 15547.500000000002 18.500000000000004 75.500000000000014 91.500000000000014 650.50000000000011 2.5000000000000004 14320.500000000002 18.500000000000004 653.50000000000011 17256.500000000004 16909.500000000004 17683.000000000004 1.5000000000000002 1.5000000000000002 1.0000000180025095e-35 1.0000000180025095e-35 10341.000000000002 18269.000000000004 9186.5000000000018
decision_type=2 2 2 2 2 2 2 2 2 2 2 2 2 2 2 2 2 2 2 2 2 2 2 2 2 2 2 2 2 2
left_child=1 14 5 4 16 6 13 -7 9 -4 -11 12 23 -2 -1 26 17 -3 19 -17 21 -21 -22 -6 -15 28 -12 -28 -24 -10
right_child=2 3 8 -5 11 7 -8 -9 29 10 15 -13 -14 24 -16 18 -18 -19 -20 20 22 -23 25 -25 -26 -27 27 -29 -30 -31
leaf_value=-0.011893106274642767 -0.0038532601658193433 -0.011615412059088857 -0.0014928265514945697 0.0052694591931375812 -0.0055915896816474756 -0.009262778101737713 0.0072205182250704219 -0.001867053379289799 -0.00023811371441151134 0.0055068586027313422 0.00040012469030381603 0.0027640987958964447 0.0068915475467367995 -0.00058648989271884258 -0.0048809351912029973 -0.0034018425266866582 -0.0030289150852535378 -0.00030819745657838829 0.001903729707830423 -0.000181290165475107 0.005757542350037663 -0.005226926196945837 -0.004247768118025309 -0.0012611134783969695 0.0033501478319589982 0.0025144957115600173 0.0037636526219341007 0.0010119659898825543 0.00035492130433460858 0.0017550688979025763
leaf_weight=185.5264795422554 681.73134082555771 215.68273690342903 2819.6247455477715 224.26199489831924 369.06745916604996 273.0224221944809 210.60984826087952 1308.6718379259109 1579.8365527391434 387.32700592279434 9578.115103662014 520.05257391929626 113.49015593528748 5063.3641809821129 634.13829579949379 550.6961886882782 1204.1091019511223 91.757831394672394 1443.9085544347763 17616.051612496376 418.48107320070267 423.41885769367218 332.82321316003799 1535.9711050391197 376.16113471984863 784.45682913064957 1190.8543320894241 3649.2069441080093 1014.525525867939 6261.2062965631485
leaf_count=347 401 374 1310 219 906 217 119 835 442 178 3473 624 131 2699 1130 204 1623 138 468 7397 145 152 134 1694 118 208 341 871 395 1440
internal_value=-8.66438e-06 -0.00237173 0.00020643 -0.0015862 -0.00196581 -0.000984121 -0.00044467 -0.00314366 0.000402505 0.000217061 0.000346006 -0.000701616 -0.00159452 -0.000708401 -0.0064681 0.000291984 -0.00408896 -0.00824069 -5.32718e-05 -0.000186936 -0.00010095 -0.00029972 0.00130505 -0.00210007 -0.000314258 0.000431012 0.000832787 0.00168899 -0.000782039 0.00135348
internal_weight=61058.2 5094.06 55964.1 4274.39 4050.13 7913.56 6331.87 1581.69 48050.5 40209.5 37389.9 2538.58 2018.53 6121.26 819.665 37002.5 1511.55 307.441 22584.4 21140.5 20589.8 18039.5 2550.29 1905.04 5439.53 2131.81 14418.2 4840.06 1347.35 7841.04
internal_count=28733 7186 21547 5709 5490 4389 3337 1052 17158 15276 13966 3355 2731 3218 1477 13788 2135 512 9103 8635 8431 7549 882 2600 2817 737 4685 1212 529 1882
is_linear=0
shrinkage=0.05


Tree=156
num_leaves=31
num_cat=0
split_feature=1 5 6 0 4 3 4 3 0 6 2 6 4 2 4 2 1 6 2 4 4 6 6 1 6 2 6 0 0 6
split_gain=4.96673 4.44755 4.42962 4.45744 3.8861 4.22926 2.91245 2.90224 2.9567 2.74664 3.56192 4.68726 4.60243 3.75363 2.99227 2.68979 2.59542 2.54748 2.53352 2.51428 6.60358 2.42576 3.74136 2.48062 2.36341 2.36884 2.43448 2.57381 2.50487 2.39933
threshold=11.500000000000002 1.5000000000000002 113.50000000000001 18.500000000000004 622.50000000000011 1.5000000000000002 567.50000000000011 1.0000000180025095e-35 25.500000000000004 70.500000000000014 15069.500000000002 201.50000000000003 627.50000000000011 15341.500000000002 807.50000000000011 11382.500000000002 1.0000000180025095e-35 94.500000000000014 7865.5000000000009 638.50000000000011 626.50000000000011 75.500000000000014 79.500000000000014 18.500000000000004 118.50000000000001 19728.000000000004 129.50000000000003 64.500000000000014 62.500000000000007 163.50000000000003
decision_type=2 2 2 2 2 2 2 2 2 2 2 2 2 2 2 2 2 2 2 2 2 2 2 2 2 2 2 2 2 2
left_child=1 -1 3 -3 5 -2 17 8 -4 -6 11 12 -11 -12 21 -16 -10 -5 -18 20 -20 -14 -23 -24 -21 26 28 -28 -26 -29
right_child=4 2 7 6 9 -7 -8 -9 16 10 13 -13 14 -15 15 -17 18 -19 19 24 -22 22 23 -25 25 -27 27 29 -30 -31
leaf_value=-0.0018944106383043753 0.001122352453812384 0.006593052751309645 -0.0022410727668461263 -0.0006233052929695863 -0.0017135497286427778 0.0061587420862371789 -0.0013660254879674927 0.0012309721922468082 -0.0028930219912760664 -0.0054543262943105826 0.0056899170558425919 0.0051931700335568452 0.0038534521419995847 0.00096797256888245416 -0.00029478463367809305 -0.0079925219477747778 -0.0018106796845566476 0.0052440623565251539 0.00074799677922322318 0.0036665313950758993 0.0072971206014377666 -0.0050714244574937058 -0.00024617638396461674 0.0017909569256674821 -0.00099255772614777063 0.0051137392393121907 -0.00071841514537241552 0.0039168407319408981 -0.0067568531595943743 -0.0010207833087955297
leaf_weight=4780.9328765571117 6514.0447950959206 189.35585975646973 1509.6382847130299 439.97428670525551 1929.4232987165451 445.33357432484627 10224.504487544298 5368.3317611515522 658.72719833254814 418.06583467125893 462.00451490283012 401.36650717258453 397.45188200473785 4727.2503055632114 228.25019544363022 225.69685617089272 1172.9652099907398 319.21974712610245 2035.01062977314 421.11474105715752 474.68769407272339 369.47357451915741 10901.803356826305 1731.7661633193493 578.93901601433754 198.71085575222969 2830.6758068799973 690.52831193804741 279.43143418431282 382.21672737598419
leaf_count=3557 2277 89 769 196 949 86 5518 1985 379 169 178 160 174 1674 131 121 701 125 888 241 210 159 4797 676 349 75 1492 373 159 192
internal_value=-6.28832e-05 -0.00048582 -0.00024335 -0.00101304 0.000415996 0.00144463 -0.00114417 0.000274678 -0.000182356 8.7504e-05 0.000262451 -0.000135719 -0.000285576 0.00138837 -0.000129606 -0.004122 0.000137289 0.00184376 0.000357511 0.000679791 0.00198671 5.63834e-06 -0.000111974 3.30668e-05 7.03147e-05 -0.000234981 -0.000458185 7.19698e-05 -0.00286905 0.00215758
internal_weight=61306.9 32555 27774 11173.1 28751.9 6959.38 10983.7 16601 11232.6 21792.6 19863.1 14673.9 14272.5 5189.25 13854.4 453.947 9723.01 759.194 9064.28 7891.32 2509.7 13400.5 13003 12633.6 5381.62 4960.5 4761.79 3903.42 858.37 1072.75
internal_count=28849 17298 13741 5928 11551 2363 5839 7813 5828 9188 8239 6387 6227 1852 6058 252 5059 321 4680 3979 1098 5806 5632 5473 2881 2640 2565 2057 508 565
is_linear=0
shrinkage=0.05


Tree=157
num_leaves=31
num_cat=0
split_feature=7 5 2 1 6 3 2 5 0 2 2 1 6 3 5 1 0 0 2 1 6 1 2 2 5 7 6 2 0 1
split_gain=12.335 7.29471 4.11755 3.81945 4.37191 3.21078 3.41684 3.76102 3.2946 4.25206 3.87819 3.10361 4.00925 6.65636 3.21722 2.87544 2.82784 3.74046 2.77476 3.30311 3.6307 3.07055 3.04696 2.76231 3.75405 2.60153 2.34159 2.33717 2.29036 2.27451
threshold=4.5000000000000009 1.5000000000000002 14809.500000000002 3.5000000000000004 202.50000000000003 1.0000000180025095e-35 4583.5000000000009 3.5000000000000004 26.500000000000004 14926.500000000002 19249.000000000004 12.500000000000002 155.50000000000003 1.5000000000000002 4.5000000000000009 1.5000000000000002 19.500000000000004 52.500000000000007 17353.500000000004 5.5000000000000009 98.500000000000014 16.500000000000004 11186.500000000002 8843.5000000000018 2.5000000000000004 1.5000000000000002 100.50000000000001 13910.500000000002 76.500000000000014 16.500000000000004
decision_type=2 2 2 2 2 2 2 2 2 2 2 2 2 2 2 2 2 2 2 2 2 2 2 2 2 2 2 2 2 2
left_child=1 25 11 -2 5 6 -5 8 9 -8 -10 28 13 -13 -14 -4 -7 18 19 22 21 27 -18 -19 29 -1 -27 -21 -3 -25
right_child=3 2 15 4 -6 16 7 -9 10 -11 -12 12 14 -15 -16 -17 17 23 -20 20 -22 -23 -24 24 -26 26 -28 -29 -30 -31
leaf_value=-0.011124543023498669 -0.00073972383768448685 -0.0032294034490838496 -0.0058726523179590262 -0.0033181421049392986 0.0037087598986064751 0.0048585621829200405 0.0028093980815390523 0.00072014541219575512 -0.00093905784628979549 -0.0023453374249904641 0.0035174320762867413 -0.0022987976577275196 0.0011968068379619129 0.010655283946857582 0.010917234028561786 0.001392919986487649 0.0067256122484354759 0.0039117319017376116 0.0026523248148448766 -0.0024619532041618101 0.00015675495662587058 0.0010738552345922708 0.00010661780622302913 0.0022524036390323809 0.00038239328083498859 -0.0078937754355923196 -0.0029260586157667796 -0.007228465406462492 0.0028697990089511607 0.0067515135550581893
leaf_weight=164.17698839306831 8136.3109834194183 2928.2594837844372 147.7057119011879 732.17934465408325 998.66756570339203 449.67925238609314 1488.8563764095306 14059.032742023468 11534.014601111412 547.05744183063507 509.75956296920776 1608.9324337542057 299.69947120547295 105.67979854345322 118.89276102185249 1744.705854177475 310.57005381584167 1176.0204381942749 947.90730309486389 996.99061095714569 4624.5860412120819 451.68303191661835 395.01308262348175 1266.5393807888031 3817.678241610527 336.5713130235672 803.53531587123871 346.57515859603882 162.46036142110825 360.97906589508057
leaf_count=501 3772 3595 186 363 286 121 721 4290 5463 226 205 1602 288 66 81 1651 114 377 203 303 1159 107 121 440 820 458 1011 92 189 104
internal_value=-2.44553e-05 -0.00180246 -0.00117243 0.000257235 0.000437437 0.000363213 5.39216e-05 0.000141664 -0.000435969 0.0014243 -0.000750434 -0.00189631 -0.000429354 -0.00150038 0.0039577 0.000825831 0.000952846 0.000833324 0.000110892 -0.0002272 -0.000584093 -0.00249253 0.00302004 0.00171419 0.00123958 -0.00523997 -0.00439258 -0.00369148 -0.00290881 0.00325029
internal_weight=61570.7 8420.62 7116.34 53150.1 45013.8 44015.1 28870.9 28138.7 14079.7 2035.91 12043.8 5223.92 2133.2 1714.61 418.592 1892.41 15144.2 14694.5 8073.33 7125.42 6419.83 1795.25 705.583 6621.22 5445.2 1304.28 1140.11 1343.57 3090.72 1627.52
internal_count=28915 9628 7658 19287 15515 15229 11268 10905 6615 947 5668 5821 2037 1668 369 1837 3961 3840 2099 1896 1661 502 235 1741 1364 1970 1469 395 3784 544
is_linear=0
shrinkage=0.05


Tree=158
num_leaves=31
num_cat=0
split_feature=7 3 5 7 2 4 6 4 5 4 4 7 1 4 6 3 2 7 2 6 2 2 6 6 4 2 4 4 2 1
split_gain=10.4347 5.79276 5.30205 4.01257 5.49451 3.64058 3.40461 3.20531 3.09695 2.97163 3.7035 2.97286 2.77314 3.64567 2.54438 2.70842 2.66116 2.47664 2.43634 2.18798 2.04477 3.46114 1.99859 2.73293 1.99334 1.89521 2.36198 1.79058 4.27411 2.15629
threshold=2.5000000000000004 1.5000000000000002 1.5000000000000002 9.5000000000000018 6562.5000000000009 522.50000000000011 75.500000000000014 745.50000000000011 4.5000000000000009 681.50000000000011 656.50000000000011 1.5000000000000002 3.5000000000000004 727.50000000000011 156.50000000000003 1.0000000180025095e-35 17885.500000000004 9.5000000000000018 18727.000000000004 61.500000000000007 14702.500000000002 12362.500000000002 202.50000000000003 188.50000000000003 734.50000000000011 9626.5000000000018 742.50000000000011 736.50000000000011 11619.500000000002 9.5000000000000018
decision_type=2 2 2 2 2 2 2 2 2 2 2 2 2 2 2 2 2 2 2 2 2 2 2 2 2 2 2 2 2 2
left_child=8 2 6 4 -4 -6 -2 27 19 10 11 -10 13 20 16 -16 17 -14 -9 -1 21 -8 23 -5 -3 -11 -27 -7 -29 -30
right_child=1 24 3 22 5 7 12 18 9 25 -12 -13 14 -15 15 -17 -18 -19 -20 -21 -22 -23 -24 -25 -26 26 -28 28 29 -31
leaf_value=-0.010533389098821629 -0.0041539171466662295 0.0025396924185651665 -0.002962477502145457 0.00066628851280754167 0.0044784064066250668 -4.2116431268712387e-05 -0.0008621059721269763 -0.0019274191966626381 -0.0075354098025782294 -0.01008680020683243 0.011946633140544621 0.0033763101050855817 -0.002447561518004467 -0.0085950147121265832 6.8313903551395455e-05 0.0053029858358543706 0.003148079270237115 2.0306648344595369e-05 0.0031564673077578626 -0.0037233217264037669 0.0025511763878053816 -0.008875915637596413 0.0039447965981170303 -0.0027359216836151997 -0.00061734283967726381 0.0024596276201106588 -0.0081147199650428992 -0.0026970314838101941 0.00094952856043187955 0.0070823302345377542
leaf_weight=125.91043621301651 921.38714897632599 2926.6733865141869 1799.5327224135399 19405.34439766407 426.5094883441925 19909.510572135448 496.51274353265762 3314.1433228254318 89.627209544181824 88.180640399456024 84.29433736205101 205.63310497999191 2327.7942004203796 243.31274062395096 859.52131807804108 346.8044912815094 353.85774457454681 1804.8600703477859 253.70070260763168 1864.4037427306175 215.48228007555008 184.91414523124695 446.58276271820068 608.78065085411072 603.00870430469513 142.91528916358948 83.759383231401443 293.68928956985474 236.62860518693924 363.50423163175583
leaf_count=270 614 683 1082 5276 148 9082 357 1935 189 133 110 191 1679 209 487 148 179 730 115 3668 138 128 95 145 197 200 138 171 128 155
internal_value=-0.000103235 3.70166e-05 -8.94134e-05 0.00011021 -0.000294745 -0.000101152 -0.00130083 -0.000181297 -0.00315106 -0.000276046 0.002703 6.40227e-05 -0.000916113 -0.00316682 -0.000465318 0.00157322 -0.00101344 -0.00136977 -0.00156592 -0.00415414 -0.00169426 -0.00303676 0.000636618 0.000562802 0.00200035 -0.00386726 -0.00144774 5.61706e-05 0.00224547 0.00466421
internal_weight=61026.8 58342.1 54812.4 47057.9 26597.2 24797.7 7754.45 24371.2 2684.72 694.41 379.555 295.26 6833.06 1140.22 5692.84 1206.33 4486.51 4132.65 3567.84 1990.31 896.909 681.427 20460.7 20014.1 3529.68 314.855 226.675 20803.3 893.822 600.133
internal_count=28780 23881 23001 18332 12816 11734 4669 11586 4899 961 490 380 4055 832 3223 635 2588 2409 2050 3938 623 485 5516 5421 880 471 338 9536 454 283
is_linear=0
shrinkage=0.05


Tree=159
num_leaves=31
num_cat=0
split_feature=7 7 4 4 3 1 6 5 4 4 0 0 4 6 3 0 1 4 6 4 5 0 4 0 0 4 1 3 1 6
split_gain=11.1644 4.86478 4.13668 4.83484 4.11329 2.95157 3.87817 3.87643 2.72424 2.58363 2.54356 2.5254 2.96959 2.43949 2.64347 2.18994 2.50354 2.15253 2.09453 3.79149 2.04843 2.29063 2.41765 2.26205 2.15892 2.26988 2.04467 2.36067 2.04059 2.03403
threshold=2.5000000000000004 8.5000000000000018 617.50000000000011 610.50000000000011 1.5000000000000002 7.5000000000000009 74.500000000000014 1.5000000000000002 637.50000000000011 553.50000000000011 77.500000000000014 63.500000000000007 674.50000000000011 91.500000000000014 1.0000000180025095e-35 46.500000000000007 14.500000000000002 624.50000000000011 58.500000000000007 678.50000000000011 4.5000000000000009 39.500000000000007 709.50000000000011 21.500000000000004 77.500000000000014 788.50000000000011 16.500000000000004 1.0000000180025095e-35 15.500000000000002 64.500000000000014
decision_type=2 2 2 2 2 2 2 2 2 2 2 2 2 2 2 2 2 2 2 2 2 2 2 2 2 2 2 2 2 2
left_child=2 4 3 13 5 7 11 -2 -6 -8 18 12 -7 -1 -15 16 -14 -12 19 -3 23 -22 -23 -11 25 -25 27 29 -24 -20
right_child=1 10 -4 -5 8 6 9 -9 -10 20 17 -13 15 14 -16 -17 -18 -19 26 -21 21 22 28 24 -26 -27 -28 -29 -30 -31
leaf_value=-0.0079102098499923314 -0.0038866022558755129 0.00074240932386459841 -0.0041409457255976575 0.01267606782676855 0.005210416865225144 -0.0011375213977975124 0.003158230508764025 -0.00081993067441965865 0.00077783648425222118 0.0024696749900669696 0.0060062119010984476 0.0009438395000463545 -2.7211448072681922e-05 -0.0019207270720406735 0.007327945879835639 -0.0097337110587779416 -0.0075566686683083764 0.0014412494418722076 0.0042107229142451519 -0.0042254271731756096 -0.00063433430009333859 0.00088750073734049329 0.0063106345451524994 -0.00052316263553137631 0.0032201477078329134 -0.004100075763912474 0.0014592459484077287 0.0010990778242653371 0.00083402251782500013 -3.2824426009176641e-05
leaf_weight=103.43367078900337 1210.4477861523628 948.31490254402161 2114.7198556959629 73.322905689477921 486.02378195524216 751.31658399105072 687.80716145038605 6930.6377455592155 1208.649084687233 661.19783169031143 369.70402407646179 467.54165494441986 227.80371618270874 266.27626571059227 108.84028390049934 225.23187744617462 214.21214842796326 856.47351384162903 287.53455281257629 645.5108015537262 1355.6558658480644 1681.7822257876396 468.85186362266541 8504.0371790528297 363.64397364854813 467.93918472528458 5515.7174685001373 7898.6921647787094 266.91825497150421 15762.342815995216
leaf_count=188 1142 288 3954 122 132 383 251 4319 445 358 82 268 157 458 152 146 132 253 118 256 503 584 202 4643 187 316 1284 1872 111 5465
internal_value=2.89968e-05 0.000173306 -0.00313492 0.000720085 -0.000333184 -0.000498067 -0.000110623 -0.0012759 0.00204908 0.000167564 0.000584024 -0.00224305 -0.00329341 -0.0011118 0.000762781 -0.00572092 -0.00367618 0.00281763 0.000495841 -0.0012696 1.81817e-05 0.00101081 0.00193334 -0.000356478 -0.000556641 -0.000709719 0.00059134 0.000391448 0.00432386 4.3199e-05
internal_weight=61130.6 58464 2666.59 551.873 26179.7 24485 16343.9 8141.09 1694.67 14457.8 32284.3 1886.11 1418.56 478.55 375.117 667.248 442.016 1226.18 31058.1 1593.83 13770 3773.21 2417.55 9996.82 9335.62 8971.98 29464.3 23948.6 735.77 16049.9
internal_count=28771 23897 4874 920 14279 13702 8241 5461 577 7155 9618 1086 818 798 610 435 289 335 9283 544 6904 1400 897 5504 5146 4959 8739 7455 313 5583
is_linear=0
shrinkage=0.05


Tree=160
num_leaves=31
num_cat=0
split_feature=3 4 6 5 0 2 2 4 2 4 0 4 1 2 1 2 0 0 0 2 6 6 4 2 4 0 1 2 2 5
split_gain=5.79822 4.82732 3.42321 3.42512 3.23955 4.08091 3.24316 3.06406 3.44268 2.99461 2.88395 2.79647 2.70581 2.69582 2.53156 3.00603 2.61616 2.54606 2.51044 2.43642 2.43158 2.83851 2.41648 2.38149 2.34133 2.99454 4.40996 2.71602 2.80534 2.55522
threshold=1.0000000180025095e-35 807.50000000000011 155.50000000000003 3.5000000000000004 26.500000000000004 14809.500000000002 15341.500000000002 635.50000000000011 12979.500000000002 593.50000000000011 76.500000000000014 690.50000000000011 11.500000000000002 4819.5000000000009 6.5000000000000009 7345.5000000000009 45.500000000000007 63.500000000000007 18.500000000000004 17256.500000000004 81.500000000000014 104.50000000000001 711.50000000000011 8627.0000000000018 712.50000000000011 57.500000000000007 3.5000000000000004 6354.5000000000009 7589.5000000000009 3.5000000000000004
decision_type=2 2 2 2 2 2 2 2 2 2 2 2 2 2 2 2 2 2 2 2 2 2 2 2 2 2 2 2 2 2
left_child=1 2 3 4 7 -6 -7 9 -9 -1 -8 -10 -11 -4 22 17 23 -16 -2 24 -21 -22 -5 -17 25 29 -27 -26 -29 -20
right_child=18 -3 13 14 5 6 10 8 11 12 -12 -13 -14 -15 15 16 -18 -19 19 20 21 -23 -24 -25 27 26 -28 28 -30 -31
leaf_value=-0.00043398321380476993 0.0048497951880979839 -0.0036492455777650348 -0.0043786690747621764 -0.0002571053648667832 -0.0018171335752303619 0.0036335054741781871 -0.00089987433451088963 0.0013291099304452777 -0.0067629396565729574 0.0018909074203717416 0.0053226363973824277 -0.00015608768536232899 0.0096639152245082665 0.00082856955834219922 -0.00065371394541669826 0.0040772695378075386 0.0014637589113781944 -0.0063583483432526431 -0.00069383470459489561 -0.0016696495602900746 0.0065521521514914326 0.0018553965903572861 -0.0028967278655505501 -0.00046200648155366835 0.0032559603133847067 -0.0021800300831400768 0.0023657715214846571 -0.0058466811263817448 -0.00057456858294124542 0.0010550428823450867
leaf_weight=313.58522635698318 355.46947428584099 1076.4862575232983 256.71623286604881 3194.6723662018776 10055.565645068884 560.38114181160927 2898.1097121238708 984.3883590400219 312.73653098940849 215.19322067499161 198.99242374300957 328.29172521829605 233.37946489453316 7814.3772469460964 744.55385792255402 309.61857163906097 5349.3276200294495 265.28190457820892 4114.2833607196808 356.223527520895 404.69810131192207 1568.3166731894016 1190.0127932429314 4327.5282330214977 432.61180275678635 613.70725846290588 4083.4657101333141 268.66732195019722 4147.6503140330315 4241.9522903263569
leaf_count=159 137 729 142 1621 6690 326 1621 664 172 144 99 215 110 3656 355 157 2031 141 1739 127 127 445 695 1607 203 301 1314 140 1780 1149
internal_value=7.45465e-07 -0.000345642 -0.000255729 -0.000491254 -0.001001 -0.00129693 0.000133255 0.000698734 -0.000527803 0.00331451 -0.000500071 -0.00337935 0.00593498 0.000662944 4.23372e-05 0.000447395 0.000710279 -0.00215231 0.000684352 0.000611165 0.00213234 0.00281878 -0.000973504 -0.000158923 0.000413248 0.000761752 0.00177184 -0.000524931 -0.000895298 0.000193964
internal_weight=61216.2 40629.2 39552.7 31481.6 16100.6 13713 3657.48 2387.57 1625.42 762.158 3097.1 641.028 448.573 8071.09 15381 10996.3 9986.47 1009.84 20587 20231.6 2329.24 1973.01 4384.69 4637.15 17902.3 13053.4 4697.17 4848.93 4416.32 8356.24
internal_count=28796 21334 20605 16807 10200 8736 2046 1464 1051 413 1720 387 254 3798 6607 4291 3795 496 7462 7325 699 572 2316 1764 6626 4503 1615 2123 1920 2888
is_linear=0
shrinkage=0.05


Tree=161
num_leaves=31
num_cat=0
split_feature=7 1 0 5 1 5 2 6 6 0 6 7 6 3 3 7 0 2 6 0 5 2 0 6 1 5 6 6 2 2
split_gain=12.053 5.44251 4.70893 5.03865 3.63473 3.44049 3.09682 4.85285 4.42827 3.73164 2.99523 2.65906 2.75791 2.56032 2.46855 2.79146 2.54792 2.59919 2.33376 2.85515 2.26426 4.16307 2.84507 3.16238 2.19041 2.10967 2.09833 2.0706 2.03908 1.9601
threshold=5.5000000000000009 9.5000000000000018 78.500000000000014 1.5000000000000002 18.500000000000004 4.5000000000000009 13698.500000000002 117.50000000000001 141.50000000000003 53.500000000000007 53.500000000000007 2.5000000000000004 139.50000000000003 1.5000000000000002 2.5000000000000004 11.500000000000002 19.500000000000004 14320.500000000002 127.50000000000001 53.500000000000007 4.5000000000000009 16909.500000000004 49.500000000000007 103.50000000000001 3.5000000000000004 3.5000000000000004 83.500000000000014 171.50000000000003 10871.500000000002 7731.5000000000009
decision_type=2 2 2 2 2 2 2 2 2 2 2 2 2 2 2 2 2 2 2 2 2 2 2 2 2 2 2 2 2 2
left_child=1 5 3 18 14 11 9 -8 -9 28 25 12 -1 20 15 16 -2 -18 19 -3 22 27 -12 26 -13 -5 -24 -22 -7 -17
right_child=4 2 -4 10 -6 6 7 8 -10 -11 13 24 -14 -15 -16 29 17 -19 -20 -21 21 -23 23 -25 -26 -27 -28 -29 -30 -31
leaf_value=-0.0077151838204890539 0.0023596290443699593 -0.008964355314229823 0.0089181352012408562 -0.00054301283349194403 0.0019657817111691615 -0.0022363147349245128 -0.0026002707988870728 0.01408216602765746 0.0012054000527159442 0.0012352739182380757 0.00053071901532963407 -0.0044184320584266029 -0.0018275699416014021 0.0047376336378157592 0.0046124995030615941 -0.0010920859821700662 -0.00037823311966135999 0.00053309467111834028 -0.0012600482164343417 -0.0015567996749185798 -0.00018332401297335661 0.0084652172886999031 -0.0019044819823725899 -0.00087980364435863597 -0.001667507321465464 -0.0091767657922708409 -0.0084764936222917753 0.0060147711674678689 -0.0087178008981613989 0.0012733174743450478
leaf_weight=598.92201060056686 1099.7137171030045 340.37382379174232 130.38041311502457 133.82056385278702 3142.3718074560165 265.56956467032433 233.92871129512787 125.92700463533401 142.11820894479752 418.19270196557045 1932.1778588891029 1139.1009795665741 297.80413600802422 289.17473119497299 315.87780332565308 992.11451363563538 24215.746734261513 11558.467027068138 443.37493246793747 210.54924237728119 1164.4919483661652 189.22054103016853 213.74247816205025 1183.7426891028881 1983.8735989928246 150.13576796650887 281.2978807091713 152.37953770160675 223.44337710738182 7470.5251315832138
leaf_count=1329 393 421 104 131 838 241 188 98 113 375 1726 1143 613 163 52 323 9459 3747 514 258 837 101 213 1047 1752 133 265 100 189 1917
internal_value=-3.10063e-05 -0.00143364 -0.00049275 -0.000676309 0.000320947 -0.00261474 -0.000488861 0.0026622 0.00725487 -0.0022324 -0.000102473 -0.00336001 -0.0057599 0.000160433 0.000207729 0.000177039 -1.09162e-05 -8.37877e-05 -0.00396027 -0.00613337 -9.82332e-05 0.00153035 -0.000777496 -0.00228317 -0.0026709 -0.00510792 -0.00563891 0.000533878 -0.00519788 0.00099601
internal_weight=61038.6 12243.7 6814.86 6684.48 48794.8 5428.88 1409.18 501.974 268.045 907.206 5690.18 4019.7 896.726 5406.23 45652.4 45336.6 36873.9 35774.2 994.298 550.923 5117.05 1506.09 3610.96 1678.78 3122.97 283.956 495.04 1316.87 489.013 8462.64
internal_count=28783 12054 6013 5909 16729 6041 1204 399 211 805 4716 4837 1942 4452 15891 15839 13599 13206 1193 679 4289 1038 3251 1525 2895 264 478 937 430 2240
is_linear=0
shrinkage=0.05


Tree=162
num_leaves=31
num_cat=0
split_feature=7 4 3 2 7 4 1 3 2 0 2 6 7 1 1 3 4 6 0 6 2 4 6 2 2 4 4 6 0 6
split_gain=11.6368 6.21016 7.90785 5.73711 4.03237 2.8357 2.64842 2.89162 2.62883 2.42639 3.3129 4.50167 2.34638 2.63826 2.23449 2.38205 2.41888 2.78962 2.9929 2.64236 2.44218 2.19196 2.39581 2.08347 3.51469 1.97747 3.16658 2.80904 3.09919 3.25035
threshold=5.5000000000000009 737.50000000000011 1.5000000000000002 7272.5000000000009 1.5000000000000002 637.50000000000011 17.500000000000004 2.5000000000000004 11725.500000000002 65.500000000000014 6247.5000000000009 103.50000000000001 2.5000000000000004 15.500000000000002 3.5000000000000004 1.0000000180025095e-35 730.50000000000011 96.500000000000014 53.500000000000007 104.50000000000001 8888.5000000000018 706.50000000000011 118.50000000000001 9720.5000000000018 9626.5000000000018 622.50000000000011 632.50000000000011 171.50000000000003 60.500000000000007 179.50000000000003
decision_type=2 2 2 2 2 2 2 2 2 2 2 2 2 2 2 2 2 2 2 2 2 2 2 2 2 2 2 2 2 2
left_child=1 2 3 9 -5 -4 7 23 -7 10 11 -1 13 -3 -6 16 17 20 19 -19 -16 -17 -23 24 -2 -25 -27 -28 29 -29
right_child=6 12 5 4 14 8 -8 -9 -10 -11 -12 -13 -14 -15 15 21 -18 18 -20 -21 -22 22 -24 25 -26 26 27 28 -30 -31
leaf_value=-0.0079903544821403015 -0.00028347274304648605 -0.0087268789428176213 0.010202454262175271 -0.0045569896283537484 -0.002385402174208922 -0.0027485856364452043 0.0013425338970187699 0.0049386739689972758 0.0058633239921602473 -0.0092577979161170675 -0.0076899499660313233 0.0029755892122821179 -0.0029025890658849955 0.00034146406758061974 0.0034848487404483559 0.0021575894641013946 0.0054818105946100645 0.0044942480879887059 0.0015336469370579437 -0.0020590567270518377 -0.0038113621927530678 -0.0072210410753735773 0.0015487698581993191 0.0010776076120504034 -0.0063314622905633654 -0.0021145656160606709 0.00010807073848612894 0.0061304925474968139 -0.0007262669440483094 0.0015629427434848331
leaf_weight=139.55772116780281 10262.451315999031 385.03609946370125 176.98246291279793 648.6691617667675 1258.6959777474403 144.92307636141777 6008.3756289482117 322.49461102485657 228.06808543205261 237.61408844590187 274.22332486510277 284.12304830551147 1712.5258671045303 101.30814903974533 128.91097384691238 1591.5155853629112 153.40926969051361 168.80651128292084 1458.4883413314819 1732.5269576013088 1039.5899136662483 141.97911077737808 172.4919998049736 7820.3186280727386 245.97515958547592 1435.1939758062363 20332.965850651264 568.47990202903748 806.95355033874512 1237.1075608730316
leaf_count=170 4156 823 105 1645 1276 118 1613 53 135 257 301 326 1476 182 133 965 147 153 1186 1441 950 102 125 2191 106 462 7366 191 248 377
internal_value=1.56534e-05 -0.00136761 -0.000837663 -0.00117754 -0.00076829 0.00499035 0.000359194 0.000221894 0.00251723 -0.00489379 -0.00340798 -0.000636522 -0.003773 -0.00683789 -0.000455075 -8.62535e-05 -0.000692898 -0.000902084 -0.000170219 -0.00147723 -0.00300643 0.00140387 -0.00241067 0.000186278 -0.000425041 0.000385775 0.000163864 0.000306375 0.00184974 0.00300101
internal_weight=61219.8 12179.4 9980.58 9430.6 8495.08 549.974 49040.3 43031.9 372.991 935.518 697.904 423.681 2198.87 486.344 7846.41 6587.72 4681.73 4528.32 3359.82 1901.33 1168.5 1905.99 314.471 42709.4 10508.4 32201 24380.7 22945.5 2612.54 1805.59
internal_count=28779 12016 9535 9177 8123 358 16763 15150 253 1054 797 496 2481 1005 6478 5202 4010 3863 2780 1594 1083 1192 227 15097 4262 10835 8644 8182 816 568
is_linear=0
shrinkage=0.05


Tree=163
num_leaves=31
num_cat=0
split_feature=7 5 4 2 6 3 6 6 2 2 6 6 3 4 4 1 4 6 5 4 4 6 5 5 4 2 7 5 4 4
split_gain=9.19259 4.98551 4.06288 4.3435 3.77444 3.70169 2.66709 2.5733 3.38624 2.73311 2.5568 2.50162 2.35906 2.32887 3.14316 2.32292 2.30347 2.27812 2.14114 2.03486 2.30525 1.99095 2.30375 2.47163 1.89416 2.83142 2.02258 2.97224 3.36798 3.32131
threshold=4.5000000000000009 1.5000000000000002 682.50000000000011 14551.500000000002 202.50000000000003 2.5000000000000004 194.50000000000003 69.500000000000014 18727.000000000004 6562.5000000000009 137.50000000000003 160.50000000000003 1.5000000000000002 819.50000000000011 839.50000000000011 18.500000000000004 684.50000000000011 157.50000000000003 4.5000000000000009 593.50000000000011 622.50000000000011 51.500000000000007 1.5000000000000002 2.5000000000000004 545.50000000000011 10871.500000000002 9.5000000000000018 2.5000000000000004 667.50000000000011 656.50000000000011
decision_type=2 2 2 2 2 2 2 2 2 2 2 2 2 2 2 2 2 2 2 2 2 2 2 2 2 2 2 2 2 2
left_child=1 10 12 6 5 7 -4 9 13 -2 19 -10 15 24 -15 -3 -6 -12 21 -1 -21 -11 -23 -24 25 -9 27 28 29 -26
right_child=4 2 3 -5 16 -7 -8 8 11 18 17 -13 -14 14 -16 -17 -18 -19 -20 20 -22 22 23 -25 26 -27 -28 -29 -30 -31
leaf_value=0.0004908181224538452 -0.0052816183819294638 -0.00062714950871416272 -0.0039690662144006425 0.00045324893478058552 0.0048085428323941283 0.0051223320599521373 0.0050437147984013636 0.0046131061836874043 0.0012787993436894421 0.00011591494372105126 0.0023875282868476098 0.0055963147830194902 0.0048939405589587502 -0.0055649398297828254 0.00077600830692541316 0.0047963556013894369 0.0003262877436677118 -0.0048061356392583802 0.0011978495531978592 -0.015128402726714358 -0.0060153808867861843 -0.0060982154526002148 0.0018218717259612953 -0.0027956294184160258 -0.00062525457368827354 0.00018408253518755434 0.00042565426303852881 0.00012373482025908623 -0.0021852099056388764 0.0039567367610582075
leaf_weight=104.66000327467918 352.98366576433182 3487.2984304726124 2138.0428847968578 925.54086607694626 696.74518179893494 365.58985221385956 85.361420303583145 579.09737610816956 2246.4323232769966 1320.8964541554451 211.26662188768387 394.40497159957886 230.45966362953186 420.46631973981857 365.1591522693634 209.27831557393074 486.97001534700394 229.73431745171547 1098.8540312051773 77.312712728977203 677.69099679589272 347.01738965511322 393.97943872213364 1096.0515196323395 2629.7294729351997 957.48878943920135 20146.569902181625 14807.838739097118 3601.3867179751396 465.50403368473053
leaf_count=144 177 3616 2660 976 189 58 94 175 650 573 313 112 148 196 178 166 172 348 336 129 1075 203 192 427 1363 241 5731 5660 2265 251
internal_value=-7.12167e-05 -0.00160995 -0.00108698 -0.00242494 0.000173025 0.000108973 -0.00362305 7.31922e-05 0.000184637 -0.00105374 -0.00445507 0.00192361 -1.41146e-05 8.02022e-05 -0.00261766 -0.000320103 0.00296458 -0.00135993 -0.000703154 -0.00604285 -0.00694856 -0.00136464 -0.0024292 -0.00157471 0.000129279 0.00185326 6.56781e-05 -0.000271568 -0.00114568 6.38487e-05
internal_weight=61149.8 8376.65 7075.98 3148.95 52773.2 51589.5 2223.4 51223.9 46614.1 4609.78 1300.66 2640.84 3927.04 43973.2 785.625 3696.58 1183.72 441.001 4256.8 859.664 755.004 3157.94 1837.05 1490.03 43187.6 1536.59 41651 21504.5 6696.62 3095.23
internal_count=28818 9669 7660 3730 19149 18788 2754 18730 16822 1908 2009 762 3930 16060 374 3782 361 661 1731 1348 1204 1395 822 619 15686 416 15270 9539 3879 1614
is_linear=0
shrinkage=0.05


Tree=164
num_leaves=31
num_cat=0
split_feature=7 5 0 3 2 6 5 0 2 6 1 2 7 2 0 1 6 2 6 0 2 2 1 2 6 7 0 0 2 2
split_gain=9.15288 4.61437 3.75667 3.69439 3.0672 2.63996 2.77606 3.80661 2.60387 2.5649 2.55434 2.97589 2.7749 5.37481 2.3567 2.32568 2.20991 2.26403 2.19732 2.27328 2.19446 2.11035 1.95375 2.50694 3.71577 1.95428 5.3547 3.08716 2.59403 1.949
threshold=2.5000000000000004 1.5000000000000002 32.500000000000007 1.0000000180025095e-35 6847.5000000000009 97.500000000000014 3.5000000000000004 36.500000000000007 10381.500000000002 205.50000000000003 16.500000000000004 19249.000000000004 6.5000000000000009 7272.5000000000009 54.500000000000007 12.500000000000002 174.50000000000003 6661.5000000000009 151.50000000000003 74.500000000000014 14001.500000000002 10986.500000000002 3.5000000000000004 11806.500000000002 102.50000000000001 7.5000000000000009 53.500000000000007 60.500000000000007 15502.500000000002 13956.500000000002
decision_type=2 2 2 2 2 2 2 2 2 2 2 2 2 2 2 2 2 2 2 2 2 2 2 2 2 2 2 2 2 2
left_child=3 2 4 -1 -2 15 7 -7 18 10 11 12 13 -3 -13 -5 17 -12 19 -4 -8 -9 -10 24 -24 26 -25 -28 -29 -11
right_child=1 9 8 5 -6 6 20 21 22 29 16 14 -14 -15 -16 -17 -18 -19 -20 -21 -22 -23 23 25 -26 -27 27 28 -30 -31
leaf_value=-0.0040669441115517612 0.0074788537159846263 -0.0043043928107205755 -0.0045520800758329892 -0.008806174064950786 0.00037136786456659849 0.0069615614421991382 0.0082563937960406768 -0.011725608417999378 -0.0033544186165789993 0.0043889482164066809 -0.0016478361487209485 0.003714661373651275 0.00026252423815778829 -0.00032426897717426507 -9.6914168097681364e-05 0.0016235234180837872 -0.0017436756087805011 0.0014818544686717372 1.602019031195625e-05 0.0018558495802638974 -0.0010268561900585401 -0.0013774495666363433 -0.0033045248091821051 -0.0071433517439914683 0.0044892793162560965 -0.0001445009564109247 0.0063821343415019285 -0.0053945138666121857 0.0029259765653353951 -0.00024823897003848239
leaf_weight=1856.7288251519203 165.59305244684219 945.19466942548752 1395.6572290658951 134.18134960532188 1821.3828182220459 89.64850264787674 194.94851234555244 80.130303859710693 654.25379848480225 672.5257203578949 623.34379899501801 1001.9644628763199 29234.662678599358 8267.7017500400543 681.29390358924866 88.83751505613327 662.75110042095184 7918.7051978111267 460.85202276706696 153.64370912313461 94.528247207403183 127.92186495661736 216.03047960996628 418.41208899021149 523.55941641330719 1972.8768548965454 153.78996378183365 228.9712860584259 158.52861219644547 341.72698700428009
leaf_count=3636 104 739 951 248 1038 162 264 148 464 216 250 312 9390 5272 210 122 182 2378 278 102 116 213 138 322 279 793 120 186 116 100
internal_value=2.71316e-05 0.000157346 -0.000933215 -0.00283765 0.0009637 -2.04626e-05 0.00173851 -0.00165162 -0.00152804 0.000337632 0.000286464 0.000114159 2.40681e-05 -0.000732609 0.00217194 -0.0046516 0.00103767 0.00125347 -0.003015 -0.00391661 0.00522496 -0.00536299 -0.000837156 -0.000388667 0.00221275 -0.00104474 -0.00289537 0.000388277 -0.00199055 0.00282656
internal_weight=61340.3 58673.4 8323.55 2666.93 1986.98 810.196 587.177 297.701 6336.58 50349.9 49335.6 40130.8 38447.6 9212.9 1683.26 223.019 9204.8 8542.05 2010.15 1549.3 289.477 208.052 4326.42 3672.17 739.59 2932.58 959.702 541.29 387.5 1014.25
internal_count=28849 23940 4891 4909 1142 1273 903 523 3749 19049 18733 15923 15401 6011 522 370 2810 2628 1331 1053 380 361 2418 1954 417 1537 744 422 302 316
is_linear=0
shrinkage=0.05


Tree=165
num_leaves=31
num_cat=0
split_feature=7 6 7 3 2 4 0 2 1 4 0 6 4 1 4 0 6 4 4 4 4 2 4 1 6 3 2 2 2 3
split_gain=8.06658 4.11196 4.27265 3.3914 3.74433 3.47733 3.56639 3.28905 3.06385 4.11187 3.3184 2.76776 2.74567 2.45353 2.34242 2.35077 2.19524 2.88162 2.72908 3.8682 2.79774 2.22487 2.12772 2.03442 3.05554 2.09339 1.97008 1.96692 1.94294 1.9131
threshold=1.5000000000000002 202.50000000000003 6.5000000000000009 1.0000000180025095e-35 6939.0000000000009 665.50000000000011 76.500000000000014 17463.500000000004 18.500000000000004 661.50000000000011 21.500000000000004 134.50000000000003 815.50000000000011 16.500000000000004 624.50000000000011 56.500000000000007 70.500000000000014 786.50000000000011 749.50000000000011 766.50000000000011 772.50000000000011 13064.500000000002 655.50000000000011 11.500000000000002 134.50000000000003 1.5000000000000002 15069.500000000002 12279.500000000002 11262.500000000002 1.0000000180025095e-35
decision_type=2 2 2 2 2 2 2 2 2 2 2 2 2 2 2 2 2 2 2 2 2 2 2 2 2 2 2 2 2 2
left_child=11 2 3 5 22 7 12 8 9 10 -2 -1 16 -4 -13 29 -7 18 -18 27 -21 -19 -5 -6 25 -25 28 -20 -26 -16
right_child=1 -3 13 4 23 6 -8 -9 -10 -11 -12 14 -14 -15 15 -17 17 21 19 20 -22 -23 -24 24 26 -27 -28 -29 -30 -31
leaf_value=-0.0066763201099346789 0.0041940131338167475 0.0027962512083017743 8.3296668451585056e-05 -0.0081559372098613785 -0.00020616010806522034 -0.0051461307659853919 0.0032028725825030109 0.0037218308249132464 0.0044855692552945598 0.0056499546006919636 -0.0017642468014487907 0.006339277339172382 -0.0079197425770742014 0.0010505753961218029 -0.0030024527819935295 -0.0095001695830374596 -0.0015427887252209081 -0.00089250939583788861 -0.01204483657472555 0.0048303171281431113 -0.0045468776263276845 0.0077103061177717803 -0.0011628080349394708 -0.00034821579831602551 0.0028220907965121863 0.004510155864687301 0.00063278564636074907 -0.0048022770586041855 0.0090455253866143902 0.0089516064309124975
leaf_weight=592.1904111802578 249.79948562383652 1352.0109243094921 35233.22913736105 182.92688745260239 2491.5622887909412 538.53211525082588 305.00706300139427 474.58773624897003 271.1937535405159 219.8218996822834 3622.368670374155 81.813257724046707 212.89778938889503 8054.5318331718445 123.70106792449951 97.853130698204041 3590.0665463507175 169.19586113095284 187.72837403416634 126.43468680977821 214.4717925786972 135.21997439861298 268.31223401427269 1186.6321422457695 227.83692675828934 272.67068487405777 225.82627284526825 187.24732786417007 278.96851372718811 45.883955478668213
leaf_count=1580 192 501 12055 121 1631 525 259 292 166 176 2790 188 222 2082 332 249 3086 175 188 116 207 113 203 621 109 108 87 166 128 106
internal_value=-1.80648e-06 6.992e-05 7.36763e-06 -0.000700961 0.000352166 -0.00121574 -0.00205628 -0.000231163 -0.000661134 -0.00100223 -0.00137987 -0.00459435 -0.00235545 0.000263278 -0.00106415 -0.00332897 -0.00212537 -0.00177252 -0.00210489 -0.00492376 -0.00106908 0.00292882 -0.00399774 0.000771265 0.0018823 0.000559571 0.00451699 -0.0084282 0.00624775 0.00023191
internal_weight=61220.5 60279.1 58927.1 15639.3 5134.74 10504.6 5666.8 4837.77 4363.18 4091.99 3872.17 941.442 5361.79 43287.8 349.251 267.438 5148.9 4610.36 4305.95 715.882 340.906 304.416 451.239 4683.5 2191.93 1459.3 732.632 374.976 506.805 169.585
internal_count=28774 26319 25818 11681 3008 8673 5057 3616 3324 3158 2982 2455 4798 14137 875 687 4576 4051 3763 677 323 288 324 2684 1053 729 324 354 237 438
is_linear=0
shrinkage=0.05


Tree=166
num_leaves=31
num_cat=0
split_feature=7 5 3 5 0 2 4 2 1 3 1 4 0 2 1 1 7 2 0 7 2 5 1 4 0 4 1 0 1 4
split_gain=9.73563 4.99888 4.43958 4.57033 4.75085 3.95466 3.68218 3.18884 2.95966 2.51519 2.38232 2.35667 2.80591 2.77226 3.40999 2.21468 2.19296 2.79017 3.06639 3.52494 2.86144 2.46789 2.22326 2.17535 2.07477 2.03991 4.1536 2.28912 2.5855 1.89874
threshold=2.5000000000000004 4.5000000000000009 2.5000000000000004 1.5000000000000002 32.500000000000007 4819.5000000000009 781.50000000000011 13411.500000000002 18.500000000000004 1.5000000000000002 13.500000000000002 641.50000000000011 74.500000000000014 16097.500000000002 8.5000000000000018 16.500000000000004 11.500000000000002 5171.5000000000009 22.500000000000004 5.5000000000000009 10066.500000000002 3.5000000000000004 14.500000000000002 738.50000000000011 33.500000000000007 669.50000000000011 6.5000000000000009 56.500000000000007 5.5000000000000009 713.50000000000011
decision_type=2 2 2 2 2 2 2 2 2 2 2 2 2 2 2 2 2 2 2 2 2 2 2 2 2 2 2 2 2 2
left_child=1 9 3 4 -2 -6 15 8 16 -1 23 -9 -13 14 -14 -7 17 29 19 20 -19 -18 -23 -3 -10 -20 27 28 -27 -5
right_child=2 10 -4 7 5 6 -8 11 24 -11 -12 12 13 -15 -16 -17 21 18 25 -21 -22 22 -24 -25 -26 26 -28 -29 -30 -31
leaf_value=-0.004728543692501982 0.0011087146543717621 9.0378667637429914e-05 0.0051446870815289678 -0.0038115262802670929 -0.008815746728317515 -0.0016519183073670637 -0.0061275422705790008 0.0014625730636606646 -0.0010659098821416242 0.0031471786855847717 0.0047132258887263023 0.00010282217391605786 0.00029326531561123768 -0.00018913786869711237 0.007395243961603847 0.00086451355547422111 -0.00070059423097863002 -0.0081846187492457378 3.2835593948631868e-05 0.0027642891143168651 0.00075180307324994354 0.00084282238480059548 0.0040687633853885739 -0.0091572988334289226 0.0027916406978569642 -0.0028812767049176801 -0.00029879009037081338 -0.00089552121367121389 -0.0082782172432380712 0.00019236553415773565
leaf_weight=1855.6547815799713 1945.0242593884468 375.20600390434265 430.37367755174637 972.98763030767441 190.46407574415207 4556.1729115843773 401.03256857395172 6842.4276072382927 465.00167405605316 107.23307088017464 236.94684290885925 12497.950763821602 276.6441034078598 513.39020526409149 434.45192289352417 1081.9739780426025 1676.4288446903229 144.19050639867783 10075.576569139957 1473.1701298952103 236.50302505493164 1893.1066625118256 743.99538373947144 76.569843053817749 1392.0615083575249 1521.7795501947403 6944.4231790304184 1278.5295966267586 259.8022785782814 425.63173019886017
leaf_count=3796 1131 551 85 486 137 2792 290 1980 139 163 270 4496 124 164 135 503 548 108 3931 521 165 444 138 142 464 908 3113 760 154 227
internal_value=-4.88769e-05 -0.00301234 8.50506e-05 4.76634e-05 -0.00104848 -0.001722 -0.00149828 0.000226632 -0.000106513 -0.00429829 0.000652689 0.000704577 0.000326616 0.00261081 0.0046323 -0.00116901 -0.000236307 -0.000427778 -0.000289709 0.00165596 -0.00263293 0.000799391 0.00175294 -0.00147698 0.00182572 -0.00046934 -0.000975082 -0.00250982 -0.00366829 -0.00259305
internal_weight=61324.7 2651.61 58673.1 58242.7 8174.67 6229.64 6039.18 50068.1 29503.2 1962.89 688.723 20564.9 13722.4 1224.49 711.096 5638.15 27646.1 23332.6 21934 1853.86 380.694 4313.53 2637.1 451.776 1857.06 20080.1 10004.5 3060.11 1781.58 1398.62
internal_count=28865 4922 23943 23858 4853 3722 3585 19005 12106 3959 963 6899 4919 423 259 3295 11503 10373 9660 794 273 1130 582 693 603 8866 4935 1822 1062 713
is_linear=0
shrinkage=0.05


Tree=167
num_leaves=31
num_cat=0
split_feature=7 5 5 4 1 4 4 1 2 0 7 0 7 1 2 7 0 2 5 3 0 2 7 4 0 7 4 4 4 2
split_gain=8.35026 4.38508 4.3078 3.50609 2.79526 2.64213 3.59324 3.0132 2.57821 3.41502 2.83026 2.80425 2.81362 2.55825 4.58667 3.46497 2.80193 2.53351 2.47033 2.39937 2.15083 2.55367 1.98126 5.52719 1.9765 2.0477 1.89101 4.22527 2.85019 2.22743
threshold=2.5000000000000004 1.5000000000000002 4.5000000000000009 553.50000000000011 18.500000000000004 731.50000000000011 724.50000000000011 3.5000000000000004 5729.5000000000009 22.500000000000004 9.5000000000000018 53.500000000000007 7.5000000000000009 15.500000000000002 16766.500000000004 4.5000000000000009 59.500000000000007 7434.5000000000009 3.5000000000000004 2.5000000000000004 44.500000000000007 10559.000000000002 7.5000000000000009 680.50000000000011 45.500000000000007 6.5000000000000009 681.50000000000011 656.50000000000011 617.50000000000011 9769.5000000000018
decision_type=2 2 2 2 2 2 2 2 2 2 2 2 2 2 2 2 2 2 2 2 2 2 2 2 2 2 2 2 2 2
left_child=2 3 -1 -2 8 6 13 -7 9 -3 11 22 -13 15 20 16 -5 -9 -12 -10 21 -15 23 -11 25 -19 27 28 -4 -28
right_child=1 4 26 5 -6 7 -8 17 19 10 18 12 -14 14 -16 -17 -18 24 -20 -21 -22 -23 -24 -25 -26 -27 29 -29 -30 -31
leaf_value=-0.0040377071478272242 0.0039684560966333701 -0.0074822145735540585 0.0043165787396514908 -0.0084252151710718856 0.0016606777421743141 -0.0075863655510502379 0.0055219165761861526 -0.007300100202177565 0.0001930180066304725 -0.0038632040803443855 0.0043420137620821548 -0.0080625362491400353 -0.00033384524238065199 0.0057826666602312816 0.0072547504442032193 -0.0010959531804892494 -0.00024540252912109365 -0.0035663387782062838 -0.00094396368993738308 0.0045374778444865959 -0.0022423177292578852 -0.00097265395959150562 -0.0040121549913491455 0.0080277719081126141 -0.002956308495610958 0.0032176433248605162 -0.0090628141705724787 0.012576037753334525 -0.0054634819110953277 0.00026536005726847389
leaf_weight=1928.6673900932074 340.30470418930054 216.17507940530777 171.55104538798332 307.85080564022064 3233.3025510311127 292.87417510151863 220.74923038482666 193.96246147155762 44586.259024500847 202.70855802297592 370.22716975212097 328.03058874607086 183.70781135559082 243.36915463209152 233.76126182079315 4103.9362707138062 158.64065164327621 159.90273070335388 548.45445156097412 320.0899715423584 692.87804400920868 329.0492485165596 225.77581202983856 188.6962588429451 660.63313919305801 365.45917141437531 88.796140909194946 86.886076331138611 131.67554166913033 229.13272976875305
leaf_count=3917 143 92 211 383 941 254 135 139 17002 129 146 240 83 122 90 2175 188 157 152 57 336 144 96 136 437 192 139 117 183 345
internal_value=-6.05477e-05 6.30819e-05 -0.00281318 -0.00100159 0.000238475 -0.00121399 -0.000744313 -0.00298009 0.000140989 -0.0015054 -0.000874399 -0.00255132 -0.00528803 -0.000972218 0.000820181 -0.00156011 -0.00564349 -0.00200248 0.00118628 0.000223985 -0.000368594 0.00189944 -0.000282157 0.00186944 -0.00113608 0.00115282 0.000522355 0.00285505 6.96069e-05 -0.00233996
internal_weight=61343.5 58706.8 2636.71 8303.37 50403.4 7963.07 6290.23 1672.83 47170.1 2263.78 2047.6 1128.92 511.738 6069.49 1499.06 4570.43 466.491 1379.96 918.682 44906.3 1265.3 572.418 617.181 391.405 1186 525.362 708.042 390.113 303.227 317.929
internal_count=28881 23969 4912 4895 19074 4752 3573 1179 18133 1074 982 684 323 3438 692 2746 571 925 298 17059 602 266 361 265 786 349 995 511 394 484
is_linear=0
shrinkage=0.05


Tree=168
num_leaves=31
num_cat=0
split_feature=7 7 3 2 5 4 3 4 2 4 5 6 0 4 4 4 2 2 4 2 6 0 2 2 4 2 6 4 0 4
split_gain=9.38839 4.18183 3.80174 3.76001 3.46348 3.22223 3.12549 3.08 2.67519 2.65549 2.96328 2.39721 3.1715 2.26942 2.49433 2.23302 2.30796 2.25768 2.69758 2.69137 2.33728 2.16052 2.25006 2.42357 2.14588 2.0434 2.02958 1.99323 2.08039 2.07511
threshold=2.5000000000000004 8.5000000000000018 1.0000000180025095e-35 17463.500000000004 1.5000000000000002 833.50000000000011 1.0000000180025095e-35 719.50000000000011 4317.5000000000009 533.50000000000011 3.5000000000000004 194.50000000000003 22.500000000000004 714.50000000000011 702.50000000000011 595.50000000000011 10521.500000000002 9435.5000000000018 698.50000000000011 9186.5000000000018 127.50000000000001 77.500000000000014 13613.500000000002 10341.000000000002 683.50000000000011 16370.500000000002 137.50000000000003 736.50000000000011 53.500000000000007 719.50000000000011
decision_type=2 2 2 2 2 2 2 2 2 2 2 2 2 2 2 2 2 2 2 2 2 2 2 2 2 2 2 2 2 2
left_child=4 2 5 13 25 8 27 -5 -2 -10 11 12 24 14 -4 26 17 19 20 -17 -19 -3 23 -23 -11 -1 -14 29 -29 -6
right_child=1 21 3 7 6 -7 -8 -9 9 10 -12 -13 15 -15 -16 16 -18 18 -20 -21 -22 22 -24 -25 -26 -27 -28 28 -30 -31
leaf_value=-0.0057951016300920718 -0.0051745589517789813 0.00035294049070594348 0.0002636275736905438 0.001459256085103676 -0.0032742280970799922 -0.0075146657599801997 0.00058531053722326242 0.0074413984610440277 0.0032399000730349218 0.0039988633291902212 -0.00010049439380488992 0.0030515856471432447 -0.0058646963244378117 -0.0013870381506914931 0.0041462236862006068 -0.0026238493725905844 -0.00095936171890258085 -0.012299068064444292 -0.001836521590946277 0.0048908810771233577 -0.0035614613406801964 0.0038219919725320491 0.005139438769618419 -0.0019624609676338117 -0.0015716050720400974 -0.016008611642475291 -0.00073922389186325264 -0.011109036052958062 -0.0022579964094969723 0.0038754923789285512
leaf_weight=359.8792227357626 338.34135764837265 31498.432260334492 5304.2907947301865 696.12131768465042 1131.9859919846058 179.03966110944748 686.6138624548912 311.42836493253708 420.3901304602623 402.38477718830109 8087.7453067302704 286.9352895617485 611.66694986820221 2004.9289628267288 448.65506881475449 1294.7291883826256 4545.4729217886925 187.5469297170639 256.60269546508789 131.22411930561066 129.30343109369278 340.29920649528503 485.5064789056778 387.02390956878662 303.12593591213226 56.685141950845718 282.27431946992874 156.70292195677757 115.19068893790245 111.47977796196938
leaf_count=860 263 9387 2129 220 2050 149 1033 122 177 259 3929 184 389 1044 201 1086 3212 160 221 105 96 111 106 113 224 124 159 345 247 220
internal_value=-7.4589e-05 5.55756e-05 -0.000414845 0.000434771 -0.00300411 -0.000841455 -0.00221319 0.00330831 -0.000772304 -0.000684375 -0.000784243 -0.00144013 -0.00159838 6.15721e-05 0.00056642 -0.00190224 -0.00158208 -0.00299779 -0.00564722 -0.0019323 -0.00873334 0.000432677 0.00250351 0.000743963 0.00160549 -0.00718493 -0.00424626 -0.00348119 -0.0073592 -0.00263324
internal_weight=61552 58933.5 26222.2 8765.42 2618.54 17456.8 2201.97 1007.55 17277.7 16939.4 16519 8431.27 8144.33 7757.87 5752.95 7438.82 6544.88 1999.41 573.453 1425.95 316.85 32711.3 1212.83 727.323 705.511 416.564 893.941 1515.36 271.894 1243.47
internal_count=28925 24046 14329 3716 4879 10613 3895 342 10464 10201 10024 6095 5911 3374 2330 5428 4880 1668 477 1191 256 9717 330 224 483 984 548 2862 592 2270
is_linear=0
shrinkage=0.05


Tree=169
num_leaves=31
num_cat=0
split_feature=7 5 6 3 2 2 3 4 6 4 4 6 0 6 0 0 4 6 7 2 0 5 7 4 4 2 2 7 4 0
split_gain=7.70142 5.35662 3.55291 3.76039 3.27618 3.16748 3.08001 3.60309 2.93609 3.65438 2.8612 2.69341 3.6004 2.9846 2.52271 3.19297 2.39024 2.33793 2.73562 2.66282 2.5985 2.35003 2.26798 2.21607 2.11611 2.04079 2.00697 1.91306 2.47397 1.85671
threshold=4.5000000000000009 1.5000000000000002 70.500000000000014 1.5000000000000002 7653.5000000000009 9046.5000000000018 1.0000000180025095e-35 807.50000000000011 109.50000000000001 718.50000000000011 602.50000000000011 115.50000000000001 52.500000000000007 124.50000000000001 41.500000000000007 66.500000000000014 669.50000000000011 62.500000000000007 7.5000000000000009 13742.500000000002 53.500000000000007 4.5000000000000009 1.5000000000000002 736.50000000000011 569.50000000000011 16097.500000000002 13956.500000000002 11.500000000000002 819.50000000000011 45.500000000000007
decision_type=2 2 2 2 2 2 2 2 2 2 2 2 2 2 2 2 2 2 2 2 2 2 2 2 2 2 2 2 2 2
left_child=1 10 4 27 -2 -3 7 8 9 25 29 -10 13 -13 -5 -16 -12 19 -19 21 -21 -6 -18 -15 -8 -7 -26 28 -4 -1
right_child=2 5 3 14 17 6 24 -9 11 -11 16 12 -14 23 15 -17 22 18 -20 20 -22 -23 -24 -25 26 -27 -28 -29 -30 -31
leaf_value=-0.0050578338043611344 -0.0044388100530060263 -0.0029699419102398048 0.0001743363803356819 0.0038617685181318012 0.00047657198875709168 -0.0024668212741992598 0.0072074570050895265 -0.010464354376951802 0.0058136115898999793 -0.0075390966668854812 -0.0085190197914105561 0.0043708610082512766 0.0020478671604704925 -0.0041519942655635382 -0.00060614905199914647 0.0039010400565367997 -0.01127360129628939 -0.0059927262507334014 -0.00088901124915731228 -0.0033823329241126315 0.0013685144770973091 0.0048182877955924124 -0.0025487045195223337 0.0022153596309576625 0.0023698702489210271 0.0030063441439959794 -0.0010580250970485807 0.00097242599575995774 -0.0028962906165438153 0.0052081039929480696
leaf_weight=70.809238851070404 617.93618148565292 1402.1477080583572 36576.730657041073 1211.1797871589661 1268.4820407032967 811.62864249944687 142.02451768517494 100.94041010737419 195.80407103896141 306.53258368372917 386.26028218865395 152.3966016471386 904.11431193351746 853.59426990151405 1176.5620880126953 589.96936500072479 84.835387960076332 361.00050312280655 962.81351327896118 739.03343206644058 471.41399759054184 413.18755853176117 610.39756453037262 162.69406679272652 968.78079169988632 215.5512358546257 763.52768996357918 7978.159205198288 667.94405651092529 116.52152118086815
leaf_count=108 302 1723 14166 251 584 965 96 149 226 427 596 190 1010 930 257 126 286 194 329 275 169 133 854 207 868 229 594 2068 341 157
internal_value=3.24528e-05 -0.00138881 0.000253505 0.000383105 -0.00103879 -0.000845553 -0.000311504 -0.0011474 -0.000886334 -0.00274804 -0.00437726 0.000208166 -0.000321344 -0.00215421 0.00210417 0.000899119 -0.00536544 -0.000540443 -0.00228078 0.000256165 -0.00153209 0.00154334 -0.00361335 -0.00313267 0.00134004 -0.00131829 0.000859 0.000269781 0.000119268 0.00132768
internal_weight=61283 8248.56 53034.4 48200.5 4833.87 6979.74 5577.59 3703.26 3602.32 1333.71 1268.82 2268.6 2072.8 1168.68 2977.71 1766.53 1081.49 4215.93 1323.81 2892.12 1210.45 1681.67 695.233 1016.29 1874.33 1027.18 1732.31 45222.8 37244.7 187.331
internal_count=28810 9615 19195 17209 1986 7614 5891 4333 4184 1621 2001 2563 2337 1327 634 383 1736 1684 523 1161 444 717 1140 1137 1558 1194 1462 16575 14507 265
is_linear=0
shrinkage=0.05


Tree=170
num_leaves=31
num_cat=0
split_feature=5 3 2 0 2 4 0 2 0 3 6 6 4 2 4 4 2 0 6 4 2 1 1 2 4 4 6 6 4 2
split_gain=5.39396 4.08377 3.93369 3.55872 3.94262 3.70994 2.52351 2.24025 2.29688 2.19485 2.19867 3.44118 2.57132 2.37552 2.32268 2.27155 2.15306 2.08293 2.62722 1.99643 3.84448 2.24976 2.22892 2.04267 5.22502 2.13382 1.89446 2.91992 1.81404 1.86318
threshold=1.5000000000000002 1.0000000180025095e-35 3710.5000000000005 32.500000000000007 7196.0000000000009 781.50000000000011 62.500000000000007 19085.500000000004 20.500000000000004 1.5000000000000002 151.50000000000003 148.50000000000003 762.50000000000011 10477.500000000002 731.50000000000011 687.50000000000011 21148.500000000004 58.500000000000007 88.500000000000014 689.50000000000011 12741.500000000002 8.5000000000000018 9.5000000000000018 14809.500000000002 649.50000000000011 620.50000000000011 202.50000000000003 209.50000000000003 587.50000000000011 17885.500000000004
decision_type=2 2 2 2 2 2 2 2 2 2 2 2 2 2 2 2 2 2 2 2 2 2 2 2 2 2 2 2 2 2
left_child=2 16 -1 4 -4 9 -7 8 -3 10 11 12 13 17 15 -12 26 18 -5 20 21 -15 -21 25 -25 -22 -2 -28 -6 -30
right_child=1 7 3 5 28 6 -8 -9 -10 -11 14 -13 -14 19 -16 -17 -18 -19 -20 22 23 -23 -24 24 -26 -27 27 -29 29 -31
leaf_value=-0.0089744793063922367 -0.00023470379988656007 0.0033267908359586535 0.0077571751976235328 -0.010653879944737557 0.0048644176753463017 -0.0087798658327723402 -0.00084893600394135051 0.0032583532228588046 0.00054863036407523387 0.0021168360166942727 -0.00026465210652014382 -0.0097108556085064319 0.0041430635109584394 -0.00076854129777707868 -0.005050886216300423 0.0047624517748108483 0.0029491158920165847 -0.0015441285582098114 -0.0038080006504994687 -0.006000772902926263 -0.00056395746092690344 0.0052511947541216235 -0.0010461907839739704 -0.0034933944245335025 0.0054943102987733182 -0.0072459344590322695 0.0066564708715602348 0.00015718303314591877 -0.00094786029923325387 0.0045432628734853684
leaf_weight=157.68109482526779 33293.946059495211 779.58361709117889 185.66004484891891 190.47101366519928 181.85686227679253 286.61508798599243 154.29312700033188 882.95133137702942 16291.736998647451 447.18899822235107 822.32111322879791 142.21072733402252 174.30424882471561 259.7594333589077 176.960913002491 309.20814824104309 559.78784188628197 556.14876586198807 530.41528359055519 390.36582842469215 206.05549404025078 385.63240200281143 542.40254300832748 445.25954213738441 253.92783868312836 284.36023247241974 254.08331069350243 540.29287761449814 1522.104759067297 171.92936152219772
leaf_count=128 16428 269 124 161 96 238 128 245 5479 197 486 89 150 203 136 210 194 425 400 337 122 226 344 258 159 196 95 221 1041 91
internal_value=-9.49051e-07 0.000190514 -0.00114841 -0.00100524 0.000806773 -0.00157487 -0.00600449 0.000802518 0.000675499 -0.00125559 -0.00152158 -0.00206089 -0.00180304 -0.00205928 0.000276005 0.00110908 -0.000126619 -0.00384315 -0.0056168 -0.00123621 -0.000278789 0.00282835 -0.0031197 -0.0019645 -0.000229279 -0.0044384 -0.000177128 0.002236 0.00011888 -0.00039056
internal_weight=61379.5 52602.4 8777.13 8619.45 2061.55 6557.9 440.908 17954.3 17071.3 6116.99 5669.8 4361.31 4219.1 4044.8 1308.49 1131.53 34648.1 1277.04 720.886 2767.76 1834.99 645.392 932.768 1189.6 699.187 490.416 34088.3 794.376 1875.89 1694.03
internal_count=28876 22931 5945 5817 1352 4465 366 5993 5748 4099 3902 3070 2981 2831 832 696 16938 986 561 1845 1164 429 681 735 417 318 16744 316 1228 1132
is_linear=0
shrinkage=0.05


Tree=171
num_leaves=31
num_cat=0
split_feature=7 5 3 1 4 4 4 6 1 0 0 4 0 6 7 6 4 6 6 0 6 5 0 6 5 6 1 6 6 6
split_gain=7.30843 5.67859 3.57086 2.73313 2.68865 2.51145 2.66114 2.24539 2.79316 3.0255 2.4035 3.22513 2.23378 2.86983 2.70891 2.88448 2.155 2.11358 2.40925 3.92375 2.02876 2.02044 2.8052 2.12607 1.9496 1.9464 6.14858 5.3356 2.38399 1.86169
threshold=4.5000000000000009 1.5000000000000002 1.5000000000000002 12.500000000000002 673.50000000000011 602.50000000000011 619.50000000000011 141.50000000000003 6.5000000000000009 71.500000000000014 73.500000000000014 619.50000000000011 74.500000000000014 138.50000000000003 2.5000000000000004 154.50000000000003 803.50000000000011 83.500000000000014 86.500000000000014 47.500000000000007 124.50000000000001 1.5000000000000002 26.500000000000004 80.500000000000014 3.5000000000000004 119.50000000000001 14.500000000000002 128.50000000000003 98.500000000000014 118.50000000000001
decision_type=2 2 2 2 2 2 2 2 2 2 2 2 2 2 2 2 2 2 2 2 2 2 2 2 2 2 2 2 2 2
left_child=1 5 3 12 25 29 -7 8 9 16 -11 -12 14 -14 -3 -16 -2 21 19 -19 -13 -10 24 -24 -23 26 -5 -27 -28 -1
right_child=7 2 -4 4 -6 6 -8 -9 17 10 11 20 13 -15 15 -17 -18 18 -20 -21 -22 22 23 -25 -26 27 28 -29 -30 -31
leaf_value=-0.0044934899286500412 -0.00085428399027548873 -0.0042755168010879105 0.0037298331531179126 0.012151867917203735 -0.00146556164529325 -0.014319412437902149 -0.0046254179622884474 0.00075961669742171094 -0.0027220865140991915 0.005266750319125383 0.0054718078865368617 0.00032440983437694048 -0.0015081193784468659 0.0080702538367401298 -0.00042390853342915124 -0.0047293612001139121 -0.0054303009294948863 -6.4308590499016107e-05 0.00047096393418507378 0.0072612848153233364 -0.0055950831045222067 0.0053188462717448266 -0.00023485573388892802 -0.0037133200770938443 0.00049706792849908514 -0.0093293289745572348 -0.0016769110099373555 0.0018515361487666812 0.0053826190659785741 0.0056123594973511645
leaf_weight=83.596518516540527 8335.7729630470276 1140.9111177921295 416.67982175946236 160.89285242557526 1309.7238611876965 76.119049251079559 1012.1834625005722 16735.783994913101 861.71104425191879 332.26989662647247 231.01492083072662 522.78643101453781 214.39769786596298 123.10210376977921 1886.88084679842 490.05208963155746 265.47809249162674 387.64452993869781 19436.582872271538 345.89622038602829 200.16447627544403 358.23139369487762 4063.9316853284836 492.51880478858948 505.40281331539154 129.03278887271881 321.78153184056282 616.54819858074188 190.32245677709579 100.19176104664803
leaf_count=125 3903 2232 291 160 1366 119 1626 5539 471 146 91 272 271 128 1691 418 158 126 6442 130 92 145 1373 152 145 113 284 499 159 132
internal_value=6.49416e-05 -0.00131739 -0.000758955 -0.00104305 0.00016797 -0.00439047 -0.00530344 0.000280395 5.96941e-05 -0.000657299 0.00160446 0.000328869 -0.00190005 0.00198557 -0.00227284 -0.00131156 -0.000995523 0.000327699 0.000577123 0.00339003 -0.00131453 -0.000473172 -0.000115629 -0.000610852 0.00249712 0.00167615 0.00362555 -8.34625e-05 0.00094675 0.00101569
internal_weight=61347.6 8272.42 7000.33 6583.65 2728.3 1272.09 1088.3 53075.2 36339.4 9887.49 1286.24 953.966 3855.34 337.5 3517.84 2376.93 8601.25 26451.9 20170.1 733.541 722.951 6281.8 5420.08 4556.45 863.634 1418.58 672.997 745.581 512.104 183.788
internal_count=28799 9614 7612 7321 2581 2002 1745 19185 13646 4662 601 455 4740 399 4341 2109 4061 8984 6698 256 364 2286 1815 1525 290 1215 603 612 443 257
is_linear=0
shrinkage=0.05


Tree=172
num_leaves=31
num_cat=0
split_feature=7 5 4 1 3 4 3 4 7 4 6 6 0 1 4 4 4 1 0 1 0 7 0 1 5 5 6 1 0 6
split_gain=7.79238 5.55095 3.80043 3.56035 3.473 3.2969 2.87349 2.45335 4.2187 2.40749 2.40476 3.52632 3.27222 3.1375 2.93937 2.25657 2.23706 3.01663 2.51293 2.2632 2.2544 2.5537 3.30345 2.09254 2.87086 2.59377 2.08947 3.05135 2.62672 3.1006
threshold=4.5000000000000009 1.5000000000000002 602.50000000000011 2.5000000000000004 1.0000000180025095e-35 798.50000000000011 1.0000000180025095e-35 646.50000000000011 1.5000000000000002 751.50000000000011 145.50000000000003 142.50000000000003 53.500000000000007 16.500000000000004 644.50000000000011 792.50000000000011 715.50000000000011 16.500000000000004 24.500000000000004 4.5000000000000009 38.500000000000007 2.5000000000000004 24.500000000000004 11.500000000000002 4.5000000000000009 2.5000000000000004 156.50000000000003 6.5000000000000009 71.500000000000014 92.500000000000014
decision_type=2 2 2 2 2 2 2 2 2 2 2 2 2 2 2 2 2 2 2 2 2 2 2 2 2 2 2 2 2 2
left_child=1 2 -1 -3 5 26 10 -4 -9 -6 11 16 -12 14 -14 -11 19 18 -18 -5 21 -21 -23 24 -22 -25 27 28 -2 -30
right_child=4 3 7 6 9 -7 -8 8 -10 15 12 -13 13 -15 -16 -17 17 -19 -20 20 23 22 -24 25 -26 -27 -28 -29 29 -31
leaf_value=0.0021634870178024027 -0.0013811904765023797 -0.0039849533768620861 -0.010259504696174827 0.0043192397760453052 0.0010088148752694611 -0.0026351998278674907 0.0010386622472848747 -0.013970371560505082 -0.0031135703746017983 -0.0018174002688016431 -0.0015805613557303743 -0.010889614597832352 0.0075702124630936899 0.011729447904468046 -0.0013626988978852981 0.0014667502016998879 0.0030806277985615249 0.0021060555385598065 -0.0069177371451739633 -0.0036768192699725664 -0.0075485196448703291 -0.003081690010609154 0.0062506788243220455 0.0048259149840640296 0.0005696772663724433 -0.0024134032538039455 0.00080708226707538696 0.00016016516954182257 0.0060336584670397765 -0.00028983085687814812
leaf_weight=185.23490998148918 6629.5421705245972 813.17148512601852 223.06475049257278 193.83498373627663 15705.501302063465 1207.5300108194351 2099.1244915425777 101.29945439100266 766.72656247019768 1551.3736152648926 688.21041241288185 107.6067136824131 141.97759780287743 98.471738010644913 262.07498478889465 789.09293466806412 71.659179031848907 157.78538611531258 510.84418877959251 193.83101251721382 352.99403062462807 140.24552041292191 292.79332011938095 156.80228412151337 157.48687216639519 586.63816013932228 6798.9404562115669 19360.185201406479 262.45083296298981 741.66338783502579
leaf_count=259 3367 1107 358 256 4175 640 1741 346 1055 529 764 121 141 85 315 281 95 184 730 349 480 111 228 200 159 581 2403 7293 135 370
internal_value=-4.83837e-07 -0.00142492 -0.00445829 -0.000873853 0.000222444 -6.80574e-05 -0.000466625 -0.00558247 -0.00438057 0.000785875 -0.00123482 -0.00200651 0.000659199 0.00372657 0.00177618 -0.000710142 -0.00166693 -0.00402657 -0.00568774 -0.000824941 -0.0013551 0.00109318 0.00322826 -0.00257907 -0.005044 -0.000886527 2.36753e-05 -0.000173642 -0.00102023 0.00136297
internal_weight=61348.2 8301.88 1276.33 7025.55 53046.3 35000.3 6212.38 1091.09 868.026 18046 4113.26 2922.52 1190.73 502.524 404.053 2340.47 2814.91 740.289 582.503 2074.63 1880.79 626.87 433.039 1253.92 510.481 743.44 33792.8 26993.8 7633.66 1004.11
internal_count=28858 9665 2018 7647 19193 14208 6540 1759 1401 4985 4799 3494 1305 541 456 810 3373 1009 825 2364 2108 688 339 1420 639 781 13568 11165 3872 505
is_linear=0
shrinkage=0.05


Tree=173
num_leaves=31
num_cat=0
split_feature=7 1 6 7 1 6 1 5 5 6 0 6 4 6 3 4 4 4 7 4 4 0 4 0 4 0 1 3 1 4
split_gain=7.60998 3.60785 4.45878 2.96662 2.90063 2.9328 2.4991 2.62979 2.21476 2.57389 2.63134 2.18213 2.16164 2.1393 2.54562 2.13483 2.67163 4.2846 2.11356 2.05721 2.4028 1.94249 1.98705 1.92373 1.76579 1.74968 1.71086 1.65544 3.33067 1.87311
threshold=3.5000000000000004 10.500000000000002 54.500000000000007 1.5000000000000002 16.500000000000004 205.50000000000003 4.5000000000000009 1.5000000000000002 1.5000000000000002 156.50000000000003 30.500000000000004 183.50000000000003 798.50000000000011 200.50000000000003 1.0000000180025095e-35 619.50000000000011 683.50000000000011 736.50000000000011 8.5000000000000018 685.50000000000011 638.50000000000011 30.500000000000004 632.50000000000011 76.500000000000014 742.50000000000011 41.500000000000007 1.0000000180025095e-35 1.0000000180025095e-35 14.500000000000002 825.50000000000011
decision_type=2 2 2 2 2 2 2 2 2 2 2 2 2 2 2 2 2 2 2 2 2 2 2 2 2 2 2 2 2 2
left_child=1 3 -3 6 5 8 7 -1 9 10 18 15 -6 14 -4 -11 -17 -18 -2 20 -16 -8 -23 25 -21 -5 -9 29 -29 -10
right_child=4 2 13 23 12 -7 21 26 27 11 -12 -13 -14 -15 19 16 17 -19 -20 24 -22 22 -24 -25 -26 -27 -28 28 -30 -31
leaf_value=-0.014609564570080001 -0.0017118896944418591 -0.010259028086120002 -0.0015159346354651267 -0.00091915354490035176 0.0010255238396391173 0.0027751452574513828 -0.0018916246728804206 -0.0099286319781633926 -0.00012340340761354688 0.0071444584514555711 -0.0019967515428169435 -0.0030803615155594157 -0.0030063852430264612 0.0079704618027451237 0.00090010681676590547 -0.0026032514918483216 0.0084478850700488595 -0.0020483028038108604 0.0027681784983500219 -0.003800575216233601 0.008342193614936785 -0.003638122260831786 -0.015141974589912194 0.0042504168624152294 0.0042203252549771449 -0.0040210180093799381 0.0021314284410628467 0.00084062558938269381 -0.0014771126745197498 -0.0036689908562414146
leaf_weight=39.140089556574821 471.50680989027023 113.24455305933952 1584.9301292598248 765.36656150221825 10160.593451440334 914.70890414714813 56.675401777029037 36.911182641983032 25299.66392660141 186.09030568599701 4108.1766744852066 229.89664614200592 343.67599523067474 79.268952041864395 242.91304084658623 283.45163679122925 217.8672137260437 175.5852062702179 596.06970274448395 204.48254281282425 195.95158717036247 49.549003124237061 154.84205782413483 103.16481396555901 103.27167946100235 1119.7483276724815 144.65503230690956 11135.614188969135 1800.6905272006989 378.06693148612976
leaf_count=137 351 161 2245 1018 3077 300 156 106 10515 86 2465 127 154 83 218 145 117 112 262 207 194 127 445 127 122 1480 392 3252 424 207
internal_value=-2.16818e-05 -0.00189227 -0.000562829 -0.00325078 0.000144244 -2.76328e-05 -0.00677096 -0.00285436 -8.47534e-05 -0.000956479 -0.00142204 0.00124836 0.000893609 -0.000107365 -0.000381998 0.0024015 0.0010976 0.00376377 0.000789508 0.00202513 0.00422297 -0.0100821 -0.0123532 -0.00239781 -0.00110904 -0.00276164 -0.0003203 5.67636e-05 0.000518004 -0.000175607
internal_weight=61295.8 4994.11 2524.06 2470.05 56301.7 45797.4 481.773 220.706 44882.7 6268.64 5175.75 1092.89 10504.3 2410.82 2331.55 862.994 676.904 393.452 1067.58 746.619 438.865 261.066 204.391 1988.28 307.754 1885.11 181.566 38614 12936.3 25677.7
internal_count=28812 7218 3230 3988 21594 18363 1363 635 18063 3665 3078 587 3231 3069 2986 460 374 229 613 741 412 728 572 2625 329 2498 498 14398 3676 10722
is_linear=0
shrinkage=0.05


Tree=174
num_leaves=31
num_cat=0
split_feature=3 5 1 0 2 6 2 0 4 0 0 4 6 4 4 6 6 2 4 6 2 1 2 4 5 2 1 2 0 6
split_gain=5.82213 5.08087 3.79831 4.1556 5.60646 3.96911 3.80893 3.41601 3.29545 3.06572 3.02557 3.0302 3.53698 2.81984 2.7561 2.58102 3.26183 2.45507 2.35889 2.31354 2.70208 2.29175 2.23877 2.27601 2.21877 2.19999 2.19269 2.45063 2.87251 2.08674
threshold=1.5000000000000002 3.5000000000000004 2.5000000000000004 76.500000000000014 14702.500000000002 162.50000000000003 12486.500000000002 72.500000000000014 514.50000000000011 37.500000000000007 27.500000000000004 694.50000000000011 68.500000000000014 781.50000000000011 646.50000000000011 174.50000000000003 151.50000000000003 21148.500000000004 740.50000000000011 125.50000000000001 10381.500000000002 14.500000000000002 12778.500000000002 702.50000000000011 1.5000000000000002 4583.5000000000009 12.500000000000002 15235.500000000002 22.500000000000004 143.50000000000003
decision_type=2 2 2 2 2 2 2 2 2 2 2 2 2 2 2 2 2 2 2 2 2 2 2 2 2 2 2 2 2 2
left_child=1 2 9 5 6 8 21 -7 -4 18 19 14 -13 15 -12 16 22 25 -1 20 -10 -5 -11 -24 -21 -3 -22 28 -28 -14
right_child=-2 17 3 4 -6 7 -8 -9 10 13 11 12 29 -15 -16 -17 -18 -19 -20 24 26 -23 23 -25 -26 -27 27 -29 -30 -31
leaf_value=-0.00107312339795097 0.0018719010988162176 -0.00236717305711158 0.0052262757734308982 0.0042379548003290204 0.0074494287499276418 0.0013574142477956143 -0.004754867095012035 -0.004764357198855363 -0.001184511661130294 -0.0014051965186680114 -0.001376488017678069 -0.0057230389637649946 -0.0012026853015921477 -0.0098499283220274941 0.00026683752690868353 -0.0077888102213884251 0.0026326490432735873 0.0036010236487261284 0.0050416607411627309 0.0020501063615244609 0.00082105143998287451 -0.001834194427777719 -0.0068244795830849766 -0.0005377373618049129 -0.0026511546075496713 0.00031975656533170986 0.0029002477245553219 0.00077183670930178173 0.01095691026094563 -0.0036314645272398378
leaf_weight=949.22821164131165 3758.262801527977 783.54233095049858 221.25703808665276 467.88100150227547 377.95828950405121 3408.2213526964188 271.49008196592331 244.20744886994362 676.68288576602936 917.85933052003384 5860.7131701409817 594.04719015955925 4607.0993161648512 150.2069153636694 4518.6298960149288 228.86712720990181 298.5953528881073 555.74532234668732 189.14713296294212 353.43088200688362 789.46393872797489 232.65855884552002 530.41453689336777 197.59975768625736 865.71847358345985 27468.265245914459 221.78535941243172 255.84836229681969 220.75563848018646 1094.4531619548798
leaf_count=664 1088 364 104 291 161 1796 142 123 433 724 2960 451 2983 146 2574 144 199 141 158 223 466 112 337 152 419 10480 108 112 115 668
internal_value=-3.47928e-05 -0.000159304 -0.000629618 -0.000416931 0.00228209 -0.000569179 0.00027285 0.000948102 -0.000842443 -0.00218286 -0.000909384 -0.00118601 -0.00205145 -0.00322433 -0.000661069 -0.00276641 -0.00217527 0.000309975 -5.71194e-05 0.000453817 0.00143502 0.00222131 -0.00304752 -0.00511811 -0.00128826 0.000245237 0.0026264 0.00466718 0.00691921 -0.00166891
internal_weight=61310 57551.8 28744.2 25282.3 1349.99 23932.3 972.03 3652.43 20279.9 3461.92 20058.6 16674.9 6295.6 2323.54 10379.3 2173.34 1944.47 28807.6 1138.38 3383.69 2164.54 700.54 1645.87 728.014 1219.15 28251.8 1487.85 698.389 442.541 5701.55
internal_count=28838 27750 16765 14241 706 13535 545 1919 11616 2524 11512 9636 4102 1702 5534 1556 1412 10985 822 1876 1234 403 1213 489 642 10844 801 335 223 3651
is_linear=0
shrinkage=0.05


Tree=175
num_leaves=31
num_cat=0
split_feature=7 5 2 1 7 1 3 0 4 3 2 4 2 2 4 0 4 2 0 0 3 0 2 0 7 1 0 4 4 4
split_gain=6.40387 4.7276 4.55703 3.3621 3.63553 2.89906 2.56354 3.74758 2.39567 2.19545 2.79456 2.28479 1.99759 3.24254 1.97558 2.10881 2.08952 2.0587 1.97794 1.95277 2.60772 3.03975 2.21307 2.88982 2.2627 4.89641 3.44026 2.2221 2.96985 1.95924
threshold=5.5000000000000009 4.5000000000000009 18562.500000000004 3.5000000000000004 1.5000000000000002 10.500000000000002 1.0000000180025095e-35 38.500000000000007 561.50000000000011 1.0000000180025095e-35 7865.5000000000009 701.50000000000011 12448.500000000002 13910.500000000002 533.50000000000011 76.500000000000014 815.50000000000011 12323.500000000002 71.500000000000014 22.500000000000004 1.0000000180025095e-35 21.500000000000004 13956.500000000002 76.500000000000014 11.500000000000002 13.500000000000002 50.500000000000007 645.50000000000011 672.50000000000011 622.50000000000011
decision_type=2 2 2 2 2 2 2 2 2 2 2 2 2 2 2 2 2 2 2 2 2 2 2 2 2 2 2 2 2 2
left_child=1 3 6 -1 5 12 -3 -8 -2 14 -11 -12 -5 -14 -6 16 18 -17 -16 20 21 -10 24 -24 29 27 -27 -26 -29 -21
right_child=8 2 -4 4 9 -7 7 -9 19 10 11 -13 13 -15 15 17 -18 -19 -20 22 -22 -23 23 -25 25 26 -28 28 -30 -31
leaf_value=-0.0037750903227102383 0.0016546732499601537 -0.0008698978700162562 0.0079431541064412092 -0.013872289359663219 0.004904015687432782 -0.0021628742178577747 -0.0020191187340597907 0.0045461058759114249 -0.00051617527915929346 -0.0038972089376028136 0.0023930674342023763 -0.0012223837521260477 0.0074442521638518862 -0.011051969023562581 -0.0013683752770885474 -0.001402261603460791 -0.0089729725232082034 0.0079284762760779837 -0.0052897500257914447 0.00056921530007371325 0.0030874130758152003 0.0036916100355522587 0.00042548248716229198 0.0034558896533279679 -0.0022642830244631409 0.00073903767848996355 0.0051294504483925113 0.0040252533667451754 -0.00041926050859774575 -0.00061387158989063698
leaf_weight=1448.6438065469265 3043.353994846344 1911.5696735680103 202.91452783346176 118.64587660133839 119.39482915401459 355.15137913823128 330.99305129051208 633.18349185585976 2066.7878993749619 317.69454079866409 1282.0356177091599 662.94228711724281 37.182188451290131 65.324863821268082 3887.3205654025078 125.92306026816368 100.90631201863289 111.42404216527939 350.57164558768272 4358.5284553766251 1316.4173619747162 541.70848172903061 14272.563897550106 832.59222507476807 1041.4366772174835 907.37348306179047 877.87474942207336 478.26131772994995 1755.4277662038803 17753.170042216778
leaf_count=1918 768 1647 120 360 83 921 208 399 782 261 810 520 111 190 3842 126 126 91 345 1450 328 194 4391 230 283 210 207 140 595 7235
internal_value=4.29694e-05 -0.000989583 0.000701317 -0.00156908 -0.00114493 -0.00496129 0.000190328 0.00229232 0.000295875 -0.00082885 0.000450576 0.00116075 -0.00945529 -0.00434287 -0.00144538 -0.00161104 -0.00186208 0.00297811 -0.00169276 0.00020637 0.00127322 0.000357659 0.000107327 0.000592518 -0.000162394 0.000791371 0.00289797 -0.000356922 0.000532367 -0.000380668
internal_weight=61307.3 12061.8 3078.66 8983.16 7534.52 576.304 2875.75 964.177 49245.5 6958.21 2262.67 1944.98 221.153 102.507 4695.54 4576.15 4338.8 237.347 4237.89 46202.1 3924.91 2608.5 42277.2 15105.2 27172.1 5060.37 1785.25 3275.13 2233.69 22111.7
internal_count=28891 12078 2374 9704 7786 1582 2254 607 16813 6204 1591 1330 661 301 4613 4530 4313 217 4187 16045 1304 976 14741 4621 10120 1435 417 1018 735 8685
is_linear=0
shrinkage=0.05


Tree=176
num_leaves=31
num_cat=0
split_feature=5 4 2 0 1 3 1 0 6 2 0 1 1 4 1 0 1 4 0 3 5 5 6 6 2 6 6 6 0 6
split_gain=5.08932 2.80793 3.77656 2.74534 3.22318 3.00654 2.68945 5.12758 2.55428 2.32843 2.45624 3.1841 3.22633 2.40833 2.341 2.20845 3.36486 2.79349 2.58907 2.89127 2.03935 2.00786 3.88543 3.30142 2.41434 2.11859 1.92758 1.86038 1.84667 1.77482
threshold=4.5000000000000009 727.50000000000011 11464.500000000002 77.500000000000014 8.5000000000000018 2.5000000000000004 5.5000000000000009 34.500000000000007 194.50000000000003 7509.5000000000009 34.500000000000007 6.5000000000000009 14.500000000000002 724.50000000000011 1.5000000000000002 59.500000000000007 17.500000000000004 637.50000000000011 64.500000000000014 1.0000000180025095e-35 2.5000000000000004 2.5000000000000004 148.50000000000003 145.50000000000003 12033.500000000002 127.50000000000001 207.50000000000003 119.50000000000001 21.500000000000004 157.50000000000003
decision_type=2 2 2 2 2 2 2 2 2 2 2 2 2 2 2 2 2 2 2 2 2 2 2 2 2 2 2 2 2 2
left_child=1 3 6 5 -5 9 7 -3 21 10 11 27 20 -11 -12 16 17 -16 -17 -20 -13 22 -4 24 -23 -26 -2 -1 -8 -24
right_child=26 2 8 4 -6 -7 28 -9 -10 13 14 12 -14 -15 15 18 -18 -19 19 -21 -22 23 29 -25 25 -27 -28 -29 -30 -31
leaf_value=0.0088231753846922164 0.00068494681177680026 0.0014022453940675244 -0.00038918247727022569 -0.0012420347568787122 0.0039663990341642528 0.0057914786555522749 -0.0067055937406691876 -0.0068771120718347321 0.0051687359953107893 -8.831735163867334e-05 -0.0068463149174306532 -0.00060699750979648732 0.0025670719295754953 0.0035085906828078196 -0.0070627208097372432 0.0044814871969762592 0.0022863877198947492 -0.0021062435581300286 -0.0038637671141928663 0.0025728046043032552 -0.0080394733062206375 0.0043794725945557906 -0.0097481276816853042 0.0031405214498637039 -0.00020088069740499751 -0.0039533761619754458 0.0045019625909988436 0.0013369896073304984 -0.0011806209799718149 -0.003418820530127771
leaf_weight=151.54918682575226 16486.889735043049 259.23020920157433 1736.9008341282606 451.51549503207207 868.18625646829605 212.27439957857132 160.01172783970833 671.22867825627327 213.34754800796509 29350.128555059433 241.89579194784164 181.65103521943092 304.78526985645294 472.86569851636887 467.17019692063332 254.17293730378151 254.46556723117828 726.135821595788 450.74054279923439 284.65002936124802 187.6139994263649 224.24796470999718 155.82378973066807 818.74060240387917 1607.9008316099644 490.99705484509468 337.52422839403152 183.44237813353539 2759.1433759629726 382.99064421653748
leaf_count=109 5683 200 1205 248 324 47 99 553 102 14198 171 121 146 253 255 153 117 469 302 120 104 131 108 369 786 232 87 115 1773 255
internal_value=2.06814e-05 -0.000259263 -0.00102266 -5.27342e-05 0.00218441 -0.00014028 -0.0022296 -0.00457044 -0.000197539 -0.000177855 -0.001363 0.000739545 -0.00124052 -3.12857e-05 -0.00215485 -0.00168924 -0.00293355 -0.00404667 0.000131235 -0.00137234 -0.00438325 -0.000408865 -0.00153988 0.000410348 -0.00055184 -0.00107871 0.000761522 0.00472372 -0.00148347 -0.00524924
internal_weight=61348.2 44523.8 9480.56 35043.2 1319.7 33723.5 3849.61 930.459 5630.95 33511.3 3688.27 1009.04 674.05 29823 2679.23 2437.34 1447.77 1193.31 989.564 735.391 369.265 5417.6 2275.72 3141.89 2323.15 2098.9 16824.4 334.992 2919.16 538.814
internal_count=28835 23065 5813 17252 572 16680 2625 753 3188 16633 2182 595 371 14451 1587 1416 841 724 575 422 225 3086 1568 1518 1149 1018 5770 224 1872 363
is_linear=0
shrinkage=0.05


Tree=177
num_leaves=31
num_cat=0
split_feature=7 7 2 4 1 6 2 4 0 5 6 6 0 6 6 6 0 1 5 0 4 1 2 2 4 0 6 2 4 6
split_gain=7.45437 2.56168 3.29825 3.16785 2.44364 3.52596 2.26916 2.33924 2.48187 2.39111 2.12349 2.22483 4.54267 3.72647 3.58018 2.97228 2.12263 2.14211 2.80329 2.0869 2.88249 2.0361 2.01477 3.72649 1.80372 1.80357 2.85334 2.87045 2.99659 2.77681
threshold=2.5000000000000004 9.5000000000000018 5308.5000000000009 745.50000000000011 3.5000000000000004 217.50000000000003 5171.5000000000009 733.50000000000011 25.500000000000004 4.5000000000000009 61.500000000000007 134.50000000000003 62.500000000000007 128.50000000000003 119.50000000000001 168.50000000000003 65.500000000000014 13.500000000000002 4.5000000000000009 66.500000000000014 761.50000000000011 8.5000000000000018 5854.0000000000009 6562.5000000000009 845.50000000000011 47.500000000000007 165.50000000000003 11955.500000000002 695.50000000000011 168.50000000000003
decision_type=2 2 2 2 2 2 2 2 2 2 2 2 2 2 2 2 2 2 2 2 2 2 2 2 2 2 2 2 2 2
left_child=6 2 -2 4 10 22 21 9 -9 25 -4 12 13 14 -12 -13 24 18 -18 -10 -21 -1 -6 -24 -5 29 27 -27 -29 -8
right_child=1 -3 3 16 5 -7 7 8 19 -11 11 15 -14 -15 -16 -17 17 -19 -20 20 -22 -23 23 -25 -26 26 -28 28 -30 -31
leaf_value=-0.002957992710897599 -0.0026908173576145251 0.00050564419002521971 0.0032043942313914838 -0.0016128708168052363 0.004385510091949609 0.0067389816909649916 -0.0026241535329021466 0.0033256224251458893 -0.0093617845633164522 0.00065943209993584177 -0.0012738415296833674 0.0016619822466324187 -0.005998673465968136 -0.0080905506161155615 0.0051553817137765696 -0.002795494502050298 0.00027685275333007813 -0.0023952133923833001 0.0072109380987382945 -0.0099484927796950548 0.0065497846888616512 0.010731637928339744 -0.0043391835286463549 0.00032491705960395727 -0.0068213848048329423 -0.0073419053360648055 -0.012933268388654341 0.0018746470512070214 -0.0087782123830865717 0.0067185682529044251
leaf_weight=50.294283911585808 1239.9243303537369 25620.774498939514 285.37123471498489 3340.3119665980339 296.08305788040161 213.82245308160782 589.95424942672253 62.156170815229416 323.2588504999876 545.33975782990456 1252.3655011057854 1089.038940012455 602.74261158704758 164.28979557752609 261.80064964294434 569.58021992444992 507.84434288740158 376.65955531597137 204.43066293001175 50.400609403848648 55.769693776965141 59.053618311882019 436.79669553041458 21902.918347895145 174.92341983318329 300.21684557199478 96.67117503285408 271.49580019712448 87.221693366765976 91.923903822898865
leaf_count=106 797 7192 190 2054 169 80 1188 129 695 740 804 630 409 107 164 293 364 190 98 102 122 114 249 10019 119 643 180 523 171 173
internal_value=1.47247e-05 0.000130728 -0.000161068 -6.20532e-05 0.000144133 0.000348396 -0.00261355 -0.00292504 -0.00601259 -0.00215957 -0.00096051 -0.00126219 -0.00227533 -0.00093826 -0.000162223 0.000131257 -0.00127453 0.00065436 0.00226701 -0.00736422 -0.00128219 0.00443513 0.000288029 0.000233722 -0.00187205 -0.00322902 -0.00491146 -0.0037346 -0.000715582 -0.00136466
internal_weight=61123.4 58539.7 32918.9 31679 27074.8 22849.6 2583.76 2474.41 491.585 1982.82 4225.19 3939.82 2281.2 1678.46 1514.17 1658.62 4604.17 1088.93 712.275 429.429 106.17 109.348 22635.8 22339.7 3515.24 1437.48 755.606 658.934 358.717 681.878
internal_count=28814 23928 16736 15939 13114 10517 4886 4666 1048 3618 2597 2407 1484 1075 968 923 2825 652 462 919 224 220 10437 10268 2173 2878 1517 1337 694 1361
is_linear=0
shrinkage=0.05


Tree=178
num_leaves=31
num_cat=0
split_feature=7 1 3 6 0 6 6 7 3 6 0 5 6 5 4 4 6 0 5 6 4 4 6 0 7 0 4 0 1 4
split_gain=5.36142 3.80884 3.24899 2.76888 3.44243 2.66305 2.60343 2.54252 2.35899 2.38654 2.3084 3.07176 2.10323 2.60048 3.17931 3.04033 2.80931 2.05396 1.97393 2.74383 2.14557 3.98193 2.02985 3.1276 3.02069 2.69838 2.34491 2.13694 1.97655 1.96428
threshold=2.5000000000000004 3.5000000000000004 2.5000000000000004 90.500000000000014 68.500000000000014 83.500000000000014 204.50000000000003 11.500000000000002 1.5000000000000002 94.500000000000014 30.500000000000004 4.5000000000000009 70.500000000000014 1.5000000000000002 675.50000000000011 634.50000000000011 53.500000000000007 21.500000000000004 1.5000000000000002 164.50000000000003 728.50000000000011 641.50000000000011 134.50000000000003 57.500000000000007 5.5000000000000009 51.500000000000007 619.50000000000011 71.500000000000014 2.5000000000000004 662.50000000000011
decision_type=2 2 2 2 2 2 2 2 2 2 2 2 2 2 2 2 2 2 2 2 2 2 2 2 2 2 2 2 2 2
left_child=3 18 6 4 5 10 7 12 9 -5 -1 -12 13 -3 15 -15 -17 -9 19 20 21 -2 23 25 -25 28 -26 -24 -20 -23
right_child=1 2 -4 8 -6 -7 -8 17 -10 -11 11 -13 -14 14 -16 16 -18 -19 22 -21 -22 29 27 24 26 -27 -28 -29 -30 -31
leaf_value=0.0017656393285164136 -0.0044990339399131911 -0.0044220794834665305 0.0048961741259413247 0.0072632113860056375 0.0035998297015947716 -0.014236374038085123 0.0027711558122354312 -0.002236819904073966 0.0056903233500832477 -0.0021340581423936419 -0.010733508868956085 0.0021703116591764641 0.00015307456985884599 -0.00093789764121089486 -0.0022395830962493898 7.6802139551474611e-05 0.0059542376998077406 0.0012216377228425317 -3.2789721147797559e-05 -0.0081898206172005932 -0.0056995820132517338 0.0071933308210111171 -3.3370701686816081e-05 -0.0076455543639071455 0.0019000467087978595 0.003513378454229501 -0.0030841335058577213 0.0039068733618890187 -0.0032315365100709483 0.00036543218938158605
leaf_weight=90.242850676178932 368.9087387919426 502.27405840158463 378.46370780467987 70.10989049077034 87.938079416751862 103.84322728216648 999.98474878072739 455.90461111068726 111.40386149287224 1859.4234423935413 187.99984504282475 61.112068802118301 36759.967586517334 1073.6095337867737 1562.6603264212608 393.47841995954514 420.67987072467804 7358.6700930595398 1955.9231314659119 189.3092035651207 258.76016557216644 146.7713611125946 2522.5950189828873 282.24404340982437 304.90870785713196 416.33378154039383 1043.9118195772171 398.45297819375992 641.27113610506058 373.09437930583954
leaf_count=174 244 353 68 135 178 202 325 110 159 3502 434 102 15122 403 789 159 178 1789 995 127 226 98 1125 262 116 231 480 178 321 291
internal_value=1.3416e-05 0.000111144 0.000281096 -0.00222104 -0.00543687 -0.00722991 0.00024583 0.000193792 -0.00138415 -0.00179261 -0.00508591 -0.00756795 3.52304e-05 -0.00106072 -0.000571406 0.000809481 0.0031137 0.00101987 -0.000841579 -0.00261276 -0.00169271 -0.000526137 -0.000528613 -0.00117811 -0.00294172 -0.000223554 -0.00195743 0.000504108 -0.00082259 0.00229312
internal_weight=61380.3 58808.2 49905.7 2572.07 531.136 443.198 49527.2 48527.2 2040.94 1929.53 339.355 249.112 40712.7 3952.7 3450.43 1887.77 814.158 7814.57 8902.48 1336.84 1147.53 888.774 7565.64 4644.59 1631.06 3013.53 1348.82 2921.05 2597.19 519.866
internal_count=28876 23990 19296 4886 1090 912 19228 18903 3796 3637 710 536 17004 1882 1529 740 337 1899 4694 986 859 633 3708 2405 858 1547 596 1303 1316 389
is_linear=0
shrinkage=0.05


Tree=179
num_leaves=31
num_cat=0
split_feature=7 1 4 2 2 6 4 4 0 2 0 2 4 0 4 1 1 0 6 2 2 4 2 7 0 0 4 2 0 1
split_gain=5.53831 3.52878 3.32583 3.05684 3.42829 2.85466 2.64893 3.09028 2.70937 2.42764 2.31929 2.28406 2.35851 5.18213 4.04219 3.82857 2.91866 2.8574 2.26368 2.8348 2.98445 3.21587 3.26773 2.64961 2.07081 2.03255 4.69368 4.32463 4.74769 3.60569
threshold=4.5000000000000009 16.500000000000004 569.50000000000011 12078.500000000002 12404.500000000002 198.50000000000003 622.50000000000011 624.50000000000011 77.500000000000014 16223.500000000002 19.500000000000004 15600.500000000002 605.50000000000011 55.500000000000007 602.50000000000011 12.500000000000002 8.5000000000000018 70.500000000000014 104.50000000000001 14551.500000000002 15125.500000000002 676.50000000000011 15890.500000000002 7.5000000000000009 38.500000000000007 52.500000000000007 706.50000000000011 18881.500000000004 33.500000000000007 2.5000000000000004
decision_type=2 2 2 2 2 2 2 2 2 2 2 2 2 2 2 2 2 2 2 2 2 2 2 2 2 2 2 2 2 2
left_child=2 5 -1 -4 -5 6 8 -8 9 11 -9 12 14 15 17 -14 -15 -2 19 -12 -21 -22 -23 -24 -7 27 29 -6 -29 -27
right_child=1 -3 3 4 25 24 7 10 -10 -11 18 -13 13 16 -16 -17 -18 -19 -20 20 21 22 23 -25 -26 26 -28 28 -30 -31
leaf_value=0.0022902358631492737 0.00058645349992517343 0.0010861981725227726 -0.0025023482375315775 0.0050463902855644935 -0.002715300380953222 0.0052406426447060787 -0.0045575332261326108 0.0020537794797830088 0.0043982592729807689 0.0022642311215683177 -0.0014627803241154492 -0.0034976665983461643 -0.0018112331928236726 0.0086840499513238436 -0.0054603121994890773 0.0041068425796888727 0.0022690906134574299 -0.003042887324241799 2.0611314384507508e-05 0.0040789493207528541 0.001890022075316058 -0.0059865542127705614 -0.0042268127221887072 0.0010463851771410797 0.00094207544196843538 -0.0056685155858957502 -0.0034969437767600102 0.0115332186813276 -0.002914913310772484 0.0033493601440972077
leaf_weight=643.44841474294662 4461.8057576417923 9907.2124037146568 3623.4290726780891 261.0821376144886 1849.5100426077843 422.34915012121201 411.90363031625748 1102.9256678819656 467.02552491426468 1612.9332089424133 6858.1132811903954 410.18960571289062 929.70589286088943 328.22774958610535 343.33296024799347 387.05966067314148 385.63225090503693 617.35824680328369 20340.141325056553 461.80645209550858 1010.5059947371483 350.26807022094727 334.91158312559128 825.10003316402435 832.31991142034531 125.25605982542038 510.96173933148384 118.25374791026115 109.51727065443993 963.49625343084335
leaf_count=598 1444 2864 4644 296 2142 131 146 414 128 430 3151 133 362 133 121 121 123 195 7833 184 341 136 183 266 262 169 636 110 113 960
internal_value=4.78845e-05 0.000235682 -0.00116064 -0.00145429 -0.000489976 3.92374e-05 -3.15679e-05 -0.000254935 0.000680449 0.000497221 -0.000198284 0.00013477 0.000334684 0.00178815 -0.000209611 -7.16309e-05 0.00521864 0.000145317 -0.000280583 -0.000903135 0.000383703 -0.000293264 -0.00175407 -0.000476061 0.00238907 -0.000883082 0.000456504 -0.0019147 0.00458624 0.00231189
internal_weight=61005.8 52800.8 8204.95 7561.51 3938.08 42893.6 41638.9 31695.7 9943.27 9476.25 31283.8 7863.31 7453.12 2030.63 5422.5 1316.77 713.86 5079.16 30180.8 9840.71 2982.59 2520.79 1510.28 1160.01 1254.67 3677 1599.71 2077.28 227.771 1088.75
internal_count=28769 19101 9668 9070 4426 16237 15844 12654 3190 3062 12508 2632 2499 739 1760 483 256 1639 12094 4261 1110 926 585 449 393 4130 1765 2365 223 1129
is_linear=0
shrinkage=0.05


Tree=180
num_leaves=31
num_cat=0
split_feature=7 1 5 6 7 7 3 4 4 0 3 6 4 6 4 4 4 0 0 6 0 0 6 4 6 4 6 1 5 0
split_gain=4.83375 3.56709 2.90059 3.42825 2.94 2.59685 3.39538 2.76935 2.50884 2.36204 2.91614 2.17944 2.23413 2.20863 2.15928 3.73179 2.03854 2.93184 1.85036 2.62375 2.26268 2.1317 2.12744 1.78353 1.77085 2.78809 4.72024 1.73434 1.71595 2.21484
threshold=4.5000000000000009 12.500000000000002 2.5000000000000004 87.500000000000014 1.5000000000000002 11.500000000000002 2.5000000000000004 815.50000000000011 558.50000000000011 63.500000000000007 1.0000000180025095e-35 70.500000000000014 553.50000000000011 72.500000000000014 796.50000000000011 775.50000000000011 687.50000000000011 72.500000000000014 59.500000000000007 157.50000000000003 22.500000000000004 43.500000000000007 145.50000000000003 720.50000000000011 152.50000000000003 689.50000000000011 165.50000000000003 5.5000000000000009 4.5000000000000009 78.500000000000014
decision_type=2 2 2 2 2 2 2 2 2 2 2 2 2 2 2 2 2 2 2 2 2 2 2 2 2 2 2 2 2 2
left_child=1 2 3 27 -4 6 7 11 -3 18 -11 16 -13 -14 15 -10 17 -2 19 20 -5 -21 -22 -18 -7 26 -26 -1 29 -15
right_child=5 8 4 9 -6 24 -8 -9 14 10 -12 12 13 28 -16 -17 23 -19 -20 21 22 -23 -24 -25 25 -27 -28 -29 -30 -31
leaf_value=-0.0042838762278554696 -0.00083993573029530479 0.0054076605810870091 -0.0053094279275187842 0.0079174239228462766 -0.00060736689638926471 0.00056292431422365417 0.0051249648510180218 -0.002878640861665999 -0.00028952579894906929 -0.0094256809302901388 0.00016211073812579768 0.0018411090024890232 0.0040172447231160806 -0.00026605309298475681 -0.0061186678176783117 0.009509246766571779 -0.0044496911639113207 0.004572461023403836 0.0052417670400334597 -0.0030362417095851032 -0.0028871529978271174 -0.013465443547784384 0.005443827423604445 -0.0010103046021626009 0.0075210433844437111 -0.00012752069503757068 0.0011268625604364787 -0.012143005746605838 0.00056602532056853369 0.0030762248213409425
leaf_weight=124.11544018983841 2103.0183494091034 208.35451433062553 376.54002436995506 70.236108332872391 2838.3407130241394 7293.5813553333282 320.48895859718323 842.80062848329544 2954.3916055560112 233.71183867752552 120.04141004383564 1816.6224336624146 346.6623882651329 26081.686608195305 149.64781409502029 100.47028309106827 677.14859932661057 283.99692970514297 94.775595769286156 128.48148345947266 489.92548725008965 79.198707759380341 90.839745089411736 850.16304206848145 491.49453949928284 748.93496215343475 699.25684607028961 161.59215489029884 9992.0101325511932 505.27691870927811
leaf_count=229 828 156 982 117 2734 1905 53 432 2954 395 147 508 146 11012 183 108 328 107 147 197 776 122 141 434 109 204 154 271 2761 208
internal_value=-1.6868e-05 -0.00114504 -0.00202257 -0.00376729 -0.00115809 0.000157944 -2.63115e-06 -4.04096e-05 9.1152e-05 -0.00268287 -0.00617219 1.56677e-05 0.000129269 4.50525e-05 -0.000254523 3.27426e-05 -0.00110871 -0.000195992 -0.00138825 -0.00212003 -0.000558962 -0.00701341 -0.00158407 -0.00253519 0.000920015 0.00226274 0.00376612 -0.00872889 7.40761e-06 -0.000202534
internal_weight=61273.8 8220.66 4807.8 1592.92 3214.88 53053.1 43819.9 43499.4 3412.86 1307.21 353.753 42656.6 38742.3 36925.6 3204.51 3054.86 3914.33 2387.02 953.457 858.682 651.001 207.68 580.765 1527.31 9233.27 1939.69 1190.75 285.708 36579 26587
internal_count=28848 9659 6258 2542 3716 19189 16817 16764 3401 2042 542 16332 14635 14127 3245 3062 1697 935 1500 1353 1034 319 917 762 2372 467 263 500 13981 11220
is_linear=0
shrinkage=0.05


Tree=181
num_leaves=31
num_cat=0
split_feature=6 3 4 2 0 5 2 2 6 1 4 6 6 4 4 6 2 0 1 2 4 4 1 1 2 6 6 6 2 2
split_gain=4.35584 3.30555 3.16547 3.16733 2.85079 2.7464 3.14284 2.15404 2.20613 2.53647 2.14422 2.35153 2.61647 2.115 3.12593 2.97328 2.23079 1.86596 2.05789 1.99983 1.74618 1.68685 1.64938 1.62505 2.205 1.62051 2.77727 1.59053 1.55144 2.34038
threshold=70.500000000000014 1.5000000000000002 687.50000000000011 7589.5000000000009 30.500000000000004 4.5000000000000009 18562.500000000004 16766.500000000004 51.500000000000007 16.500000000000004 553.50000000000011 94.500000000000014 114.50000000000001 634.50000000000011 672.50000000000011 59.500000000000007 11806.500000000002 78.500000000000014 8.5000000000000018 2182.5000000000005 611.50000000000011 622.50000000000011 10.500000000000002 13.500000000000002 11843.500000000002 114.50000000000001 160.50000000000003 196.50000000000003 15069.500000000002 12653.000000000002
decision_type=2 2 2 2 2 2 2 2 2 2 2 2 2 2 2 2 2 2 2 2 2 2 2 2 2 2 2 2 2 2
left_child=2 5 7 -4 22 10 27 8 9 -1 11 -2 -13 20 15 -15 -17 19 -19 -12 -10 -3 -5 24 -14 -23 -27 -7 29 -6
right_child=1 21 3 4 28 6 -8 -9 13 -11 17 12 23 14 -16 16 -18 18 -20 -21 -22 25 -24 -25 -26 26 -28 -29 -30 -31
leaf_value=0.00055687715277386637 -0.0029780509638656777 0.0035646810220874023 -0.0079078400748308023 0.0050376425078343112 -0.0036641409308422498 0.00025393999834768546 0.0032779419037547541 -0.003681928526504662 -0.001177366469774182 0.006233381572185873 -0.0049650418862312636 0.0062074772394638137 0.002696021237697663 -0.0018757339702093997 -0.0046583720869438081 0.0090100102967236445 0.0014428034970159875 -0.0015109014906103319 0.0042110879528012386 -0.00035279469356485092 -0.005857544141106087 0.0026314273976068012 -0.0012283962786719079 0.0034424543452739719 -0.0027338109297533877 -0.0012461053055116459 0.0031950217926179853 0.0031261543109222835 -0.0054197702613085494 0.0012109940383314051
leaf_weight=931.61062702536583 258.56686556339264 811.79275867342949 268.88988073170185 185.82439370453358 748.87346610426903 12843.254989266396 992.627969622612 435.04296168684959 602.48862615227699 249.49580261111259 236.60628190636635 318.97677537798882 337.87114551663399 239.61454783380032 200.78436699509621 193.5620641708374 196.0256749689579 240.1540734320879 454.53992822766304 35088.800897181034 297.81167194247246 935.88316738605499 241.51653057336807 466.897670596838 418.6381433904171 1212.7297710776329 495.99834737181664 500.7973501086235 497.17934569716454 366.73982092738152
leaf_count=495 126 176 201 125 483 4551 262 187 276 95 154 129 158 113 111 117 92 149 201 18577 170 301 125 142 161 360 129 146 265 223
internal_value=-6.08629e-05 7.3576e-05 -0.0013829 -0.00280697 -0.00213467 -2.56561e-05 0.000563643 -0.000400293 9.00742e-05 0.00175598 -0.000249039 0.00143464 0.00217439 -0.00104708 0.000773556 0.00250694 0.00520248 -0.000333221 0.00223301 -0.000383687 -0.00272553 0.001571 0.00149632 0.00112285 -0.000308747 0.000959024 4.30358e-05 0.000361733 -0.00309678 -0.00206152
internal_weight=61269.6 55614.1 5655.46 2309.02 2040.13 52157.7 14336.7 3346.44 2911.39 1181.11 37821.1 1800.95 1542.38 1730.29 829.987 629.202 389.588 36020.1 694.694 35325.4 900.3 3456.4 427.341 1223.41 756.509 2644.61 1708.73 13344.1 1612.79 1115.61
internal_count=28800 25722 3078 1422 1221 24756 4959 1656 1469 590 19797 716 590 879 433 322 209 19081 350 18731 446 966 250 461 319 790 489 4697 971 706
is_linear=0
shrinkage=0.05


Tree=182
num_leaves=31
num_cat=0
split_feature=7 5 7 6 6 1 4 0 4 6 4 0 7 0 6 0 0 0 5 4 0 0 6 0 6 0 4 1 4 4
split_gain=5.1619 4.8417 2.85626 4.00918 3.71551 3.80622 3.15049 2.19693 2.85281 1.97763 1.90254 4.35268 2.40365 1.85277 1.82323 1.79451 2.45988 3.15339 1.71624 1.69853 1.60413 1.5826 1.57916 2.96939 2.12793 4.25145 3.75294 2.98367 2.50578 3.12263
threshold=1.5000000000000002 4.5000000000000009 8.5000000000000018 162.50000000000003 164.50000000000003 2.5000000000000004 553.50000000000011 44.500000000000007 666.50000000000011 109.50000000000001 715.50000000000011 19.500000000000004 5.5000000000000009 49.500000000000007 91.500000000000014 56.500000000000007 67.500000000000014 74.500000000000014 1.5000000000000002 662.50000000000011 61.500000000000007 25.500000000000004 99.500000000000014 76.500000000000014 122.50000000000001 58.500000000000007 701.50000000000011 7.5000000000000009 642.50000000000011 657.50000000000011
decision_type=2 2 2 2 2 2 2 2 2 2 2 2 2 2 2 2 2 2 2 2 2 2 2 2 2 2 2 2 2 2
left_child=9 2 3 6 -5 -6 14 8 -7 13 22 -12 21 -1 -2 19 20 -18 -11 -9 -17 -13 23 -8 25 26 28 -27 -24 -30
right_child=1 -3 -4 4 5 7 10 15 -10 18 11 12 -14 -15 -16 16 17 -19 -20 -21 -22 -23 24 -25 -26 27 -28 -29 29 -31
leaf_value=-0.0031086519034027073 -0.0019447729645080359 0.00073919340088802945 0.00010645121360150117 0.0064823848704398728 -0.0044968026088236385 -8.4230206143059801e-05 -0.001958142443800505 0.00042751713786901664 0.0049610229629518908 -0.0080519167599163426 0.0066694871170403947 0.0008743246642484271 -0.0013234158637074572 -0.01061569069467385 0.0036122844301443163 0.00035386797754361686 -0.0050048083847646823 0.0028522189031676571 -0.00080531024886984753 -0.0054565861924681033 0.0060950107002972521 -0.0041474311798830148 0.0032451819647390996 0.0041725683333691385 -0.0010815886722321526 -0.005890366810302472 0.0083204982869186234 -0.00010957838116188042 -0.0056727620600281132 0.001095350133020383
leaf_weight=163.43921588361263 201.00948441028595 16496.888101637363 23586.649388968945 273.06130382418633 351.65440306067467 507.17244884371758 3712.1046018600464 231.62095332145691 626.0429555773735 98.346887648105621 139.68807193636894 173.1275680065155 2633.3870810270309 165.33490604162216 555.5252850651741 220.38560247421265 279.95722916722298 234.81399977207184 482.85138842463493 260.67639020085335 271.63125878572464 1672.9657516479492 828.15522384643555 208.60750046372414 4486.7547324597836 330.00863516330719 209.65458896756172 689.73365715146065 224.46685355901718 707.82149568200111
leaf_count=463 102 5208 7707 169 263 259 2563 113 387 322 104 191 1477 470 273 123 170 118 1207 166 159 1788 508 130 2833 260 150 406 151 479
internal_value=-4.70242e-05 9.55465e-06 -0.000266412 -0.000705484 0.000899803 0.000388941 -0.0010172 0.00104164 0.00270301 -0.00378467 -0.00116613 -0.00202213 -0.00229317 -0.00688381 0.00213579 -0.000214257 0.000995434 -0.00142081 -0.00203154 -0.00268817 0.00352342 -0.00367649 -0.000819208 -0.00163195 -0.000393008 0.000640321 0.00199681 -0.00198036 0.00124371 -0.000534207
internal_weight=61023.5 60113.6 43616.7 20030 3257.02 2983.96 16773 2632.3 1133.22 909.972 16016.5 4619.17 4479.48 328.774 756.535 1499.09 1006.79 514.771 581.198 492.297 492.017 1846.09 11397.3 3920.71 7476.6 2989.84 1970.1 1019.74 1760.44 932.288
internal_count=28719 26257 21049 13342 1927 1758 11415 1495 646 2462 11040 3560 3456 933 375 849 570 288 1529 279 282 1979 7480 2693 4787 1954 1288 666 1138 630
is_linear=0
shrinkage=0.05


Tree=183
num_leaves=31
num_cat=0
split_feature=7 5 7 4 1 0 2 6 4 7 0 5 4 6 0 2 2 6 2 5 2 4 0 6 6 4 5 4 1 2
split_gain=5.22683 3.42631 3.54019 3.87815 3.21543 4.8413 2.55446 3.03208 2.55261 3.47558 2.92992 2.27101 2.37682 1.88753 1.78264 1.77879 2.58185 4.59517 2.62789 2.43414 3.90657 3.72139 2.14897 2.09864 5.11725 2.40036 2.85595 1.81824 1.81298 2.1527
threshold=1.5000000000000002 4.5000000000000009 8.5000000000000018 842.50000000000011 18.500000000000004 65.500000000000014 9851.5000000000018 203.50000000000003 696.50000000000011 5.5000000000000009 49.500000000000007 1.5000000000000002 643.50000000000011 117.50000000000001 77.500000000000014 16766.500000000004 12894.500000000002 117.50000000000001 13107.500000000002 3.5000000000000004 11343.500000000002 658.50000000000011 67.500000000000014 88.500000000000014 105.50000000000001 605.50000000000011 3.5000000000000004 678.50000000000011 7.5000000000000009 10830.500000000002
decision_type=2 2 2 2 2 2 2 2 2 2 2 2 2 2 2 2 2 2 2 2 2 2 2 2 2 2 2 2 2 2
left_child=11 2 3 4 6 13 -2 8 15 10 -10 12 -1 -6 -4 16 17 19 -18 21 -21 -8 28 -17 -25 -26 -27 -23 -19 -30
right_child=1 -3 14 -5 5 -7 7 -9 9 -11 -12 -13 -14 -15 -16 23 18 22 -20 20 -22 27 -24 24 25 26 -28 -29 29 -31
leaf_value=-0.00096206560009473 -0.0018146891592242952 0.00061045369219329829 9.5630798279875692e-05 -0.0085561680163256434 -0.0023863251665853353 0.0074538252038838949 -0.0049329934460033576 0.0047454519323864783 -0.0012943921316936546 -0.0004188701251095918 -0.0052055229676521517 -0.002719155980688353 -0.014242290217135332 0.0020306533625051907 0.0023773145060695978 -0.0019822978486083182 -0.0063378260667742749 0.00075784453351513672 -0.00096489666334742064 0.0064924181542631403 -0.0027765662357601209 0.0050486855208504849 -0.001109384496311584 0.0087513427095791876 0.0045810887922979699 -0.0028244072543331545 0.0044076227042417525 -0.0021503241608206288 0.00047961267511375833 0.0057912972852251785
leaf_weight=52.373131930828094 4833.8930888473988 16600.026214003563 22762.381868183613 156.70034855604172 429.97931572794914 289.62530809640884 693.59728437662125 272.19195139408112 1004.8917580246925 2918.8384652733803 914.70830488204956 768.87906208634377 94.455687627196312 552.86839383840561 889.49071264266968 347.96740821003914 243.35585543513298 543.24228563904762 3509.416134595871 213.90931975841522 242.60069018602371 172.36791232228279 385.75236305594444 253.12227833271027 290.71394431591034 497.61739006638527 188.11851722002029 178.57976785302162 260.77805840969086 710.30700367689133
leaf_count=164 3690 5237 7486 134 241 149 508 150 1025 1509 947 1982 336 264 263 195 154 388 2045 112 138 145 237 133 140 290 84 149 146 370
internal_value=-5.80577e-05 -1.17633e-06 -0.000233209 -0.000721006 -0.000659459 0.00177248 -0.000825157 -0.000479595 -0.000584402 -0.00150562 -0.00315808 -0.00380728 -0.0095053 9.82997e-05 0.000181439 -7.3916e-05 -0.000409042 0.000588723 -0.00131331 -0.00147902 0.00156665 -0.00281011 0.00222223 0.00144583 0.00241598 0.000773688 -0.000840438 0.00138547 0.00307091 0.00436488
internal_weight=61272.7 60357 43757 20105.1 19948.4 1272.47 18676 13842.1 13569.9 4838.44 1919.6 915.708 146.829 982.848 23651.9 8731.45 7153.91 3401.13 3752.77 1501.05 456.51 1044.54 1900.08 1577.54 1229.57 976.45 685.736 350.948 1514.33 971.085
internal_count=28811 26329 21092 13343 13209 654 12555 8865 8715 3481 1972 2482 500 505 7749 5234 4392 2193 2199 1052 250 802 1141 842 647 514 374 294 904 516
is_linear=0
shrinkage=0.05


Tree=184
num_leaves=31
num_cat=0
split_feature=7 3 5 4 2 7 2 0 1 0 0 0 2 4 4 4 4 1 4 2 4 5 2 1 2 4 1 2 4 7
split_gain=5.88657 3.8658 3.96458 3.5945 3.16213 2.82377 2.42057 2.2578 2.11074 2.1816 2.7566 2.49505 2.48937 2.47326 1.85256 3.93007 1.82101 3.59814 3.10806 1.73127 2.01842 1.7083 2.06791 2.55914 2.12528 1.73481 1.68283 3.67018 2.49237 1.86715
threshold=1.5000000000000002 2.5000000000000004 1.5000000000000002 807.50000000000011 4042.0000000000005 4.5000000000000009 11993.500000000002 75.500000000000014 3.5000000000000004 71.500000000000014 68.500000000000014 74.500000000000014 5171.5000000000009 733.50000000000011 602.50000000000011 645.50000000000011 770.50000000000011 11.500000000000002 796.50000000000011 19249.000000000004 553.50000000000011 1.5000000000000002 15502.500000000002 17.500000000000004 14551.500000000002 643.50000000000011 5.5000000000000009 10691.500000000002 719.50000000000011 11.500000000000002
decision_type=2 2 2 2 2 2 2 2 2 2 2 2 2 2 2 2 2 2 2 2 2 2 2 2 2 2 2 2 2 2
left_child=21 2 3 4 -2 7 8 14 9 10 12 -11 -4 -14 -6 -16 26 18 -18 20 -7 25 23 24 -23 -1 27 28 -10 -28
right_child=1 -3 6 -5 5 19 -8 -9 16 11 -12 -13 13 -15 15 -17 17 -19 -20 -21 -22 22 -24 -25 -26 -27 29 -29 -30 -31
leaf_value=-0.0018713252032925753 -0.0074415780227350264 0.0047573982310425153 -0.0065765551313620553 -0.0068512016546810953 0.0015802317843068522 0.0034937597042337012 0.00050280734056007751 0.0052540535287691759 0.0039396366778272152 0.006040660002281195 -0.007641694550669916 -0.00099559353888103389 -0.00025905117767866529 -0.0040337151165200334 -0.011477616912137377 -0.0028961834373861955 -0.0072613880219082527 0.00056422067853806812 -0.00044788577161362827 0.0033662536116339163 -0.00065613652584959779 -0.0044452283678200928 0.002194281764283411 0.0059145457209303261 -0.015843602182917881 -0.012898019585783219 -0.00023848048381340818 -0.002191776453444063 -0.0012188000269007023 0.0012145000495314079
leaf_weight=56.625289469957352 175.41148453950882 434.31730687618256 216.40621948242188 253.08621165156364 138.20785823464394 307.17058134078979 27901.388615816832 74.792280107736588 1114.0501720607281 202.46242800354958 189.0901326239109 333.56169971823692 2193.7130867242813 540.98112118244171 168.51851904392242 640.58485504984856 389.91620653867722 828.95275202393532 293.25658157467842 308.55967134237289 6354.1630131006241 502.84446024894714 151.71953600645065 55.295682549476624 44.515357106924057 96.385576888918877 13875.116399824619 483.71089923381805 296.47869780659676 2630.1880475282669
leaf_count=177 133 91 132 208 160 114 10442 93 558 112 109 180 1185 346 237 900 221 401 179 137 3364 1337 370 129 115 347 6038 234 177 616
internal_value=-2.92254e-06 5.7184e-05 2.31097e-05 -0.000982685 -0.000800835 -0.000655081 0.000187596 -0.00310935 -0.000185258 -0.00128603 -0.00178926 0.00166208 -0.00141427 -0.00100576 -0.00376966 -0.00468351 1.7973e-05 -0.00164997 -0.00433665 -0.000295174 -0.000464775 -0.0040002 -0.00302314 -0.00433663 -0.00537223 -0.00881733 0.000155049 0.00156655 0.00285539 -6.94207e-06
internal_weight=61251.5 60344.1 59909.8 8420.49 8167.41 7992 51489.3 1022.1 23587.9 3676.21 3140.19 536.024 2951.1 2734.69 947.311 809.103 19911.7 1512.13 683.173 6969.89 6661.33 907.386 754.375 602.655 547.36 153.011 18399.5 1894.24 1410.53 16505.3
internal_count=28842 26367 26276 5346 5138 5005 20930 1390 10488 2064 1772 292 1663 1531 1297 1137 8424 801 400 3615 3478 2475 1951 1581 1452 524 7623 969 735 6654
is_linear=0
shrinkage=0.05


Tree=185
num_leaves=31
num_cat=0
split_feature=3 0 4 2 1 4 4 0 0 1 6 6 4 4 2 6 6 0 0 0 2 0 1 4 2 4 1 4 4 1
split_gain=2.98963 2.80886 2.73908 2.66675 2.64607 5.00186 3.69564 3.48128 4.43826 4.96086 5.67191 3.57655 5.37491 3.21164 2.95388 2.98157 2.75178 2.65421 2.60889 2.4697 2.37988 2.35819 4.11171 2.87672 3.37803 2.54397 2.10666 2.0462 3.5213 2.01341
threshold=1.0000000180025095e-35 18.500000000000004 803.50000000000011 10430.500000000002 2.5000000000000004 661.50000000000011 642.50000000000011 52.500000000000007 44.500000000000007 5.5000000000000009 93.500000000000014 120.50000000000001 658.50000000000011 604.50000000000011 11382.500000000002 103.50000000000001 151.50000000000003 40.500000000000007 58.500000000000007 70.500000000000014 13536.500000000002 45.500000000000007 12.500000000000002 693.50000000000011 9851.5000000000018 599.50000000000011 7.5000000000000009 622.50000000000011 666.50000000000011 7.5000000000000009
decision_type=2 2 2 2 2 2 2 2 2 2 2 2 2 2 2 2 2 2 2 2 2 2 2 2 2 2 2 2 2 2
left_child=2 -2 3 21 5 6 13 8 9 11 27 12 -6 -3 18 -16 -13 -12 -7 -4 -19 22 -1 24 -24 -23 -10 -11 -29 -5
right_child=1 4 19 29 7 14 -8 -9 26 10 17 16 -14 -15 15 -17 -18 20 -20 -21 -22 25 23 -25 -26 -27 -28 28 -30 -31
leaf_value=-0.0010904164916976063 0.0050106635482153198 0.0033623524048470039 -0.0034347072565851853 -0.0004866289394079553 0.0007359782935461045 -0.0034163795506021635 0.0071330073880215396 0.001420148709576662 -0.0047181309087479259 -0.005887400927665363 0.00040449350988099703 -0.0015699251023090031 0.011618397494834643 -0.0034170818904082148 0.003094432154547383 -0.0036363843650171926 0.0051764443159911513 0.00095076669263240295 -0.011234899734765385 0.0032259410333056945 0.0063620175775653438 -0.0037217589629910623 0.0041812158953296848 -0.00074789776724627126 -0.0024061778443473666 -0.00098053546031524885 -0.0010870047933186112 0.0023003393097511642 -0.0034498234253597959 0.00043395270467899108
leaf_weight=3342.6220851242542 343.49947914481163 328.11171427369118 1051.6693119555712 8789.1055707633495 195.57803216576576 261.52477087080479 223.70123916864395 8076.3707992732525 509.66792252659798 353.71386507153511 4311.6842544972897 361.14524221420288 270.25052556395531 373.61907112598419 243.52076044678688 507.24580930173397 259.95052692294121 428.62631261348724 180.22172547876835 160.39803645014763 386.32588839530945 997.27555659413338 1153.031549885869 766.15250344574451 234.13368117809296 5593.5893167704344 1846.9176625907421 396.24610099196434 811.52726897597313 18319.123166203499
leaf_count=2128 128 146 728 5265 87 162 108 2810 215 109 1369 147 146 173 120 244 101 149 111 118 95 506 548 445 95 3438 600 131 316 8057
internal_value=3.78893e-05 0.000526999 -0.000212305 -0.000139913 0.000451227 -0.00122148 0.0015368 0.000645795 2.85228e-05 0.000604661 9.55131e-05 0.00373758 0.00704942 -0.000247188 -0.003362 -0.00145316 0.00125367 0.000899105 -0.00660614 -0.00255328 0.00351596 -0.00075756 7.25128e-06 0.00171117 0.00306936 -0.00139531 -0.00187232 -0.00254282 -0.00156331 0.000135479
internal_weight=61076.5 20669.4 40407.1 39195 20325.9 2117.95 925.432 18208 10131.6 7775.05 6688.12 1086.92 465.829 701.731 1192.51 750.767 621.096 5126.64 441.746 1212.07 814.952 12086.8 5495.94 2153.32 1387.17 6590.86 2356.59 1561.49 1207.77 27108.2
internal_count=28795 7467 21328 20482 7339 1064 427 6275 3465 2650 2169 481 233 319 637 364 248 1613 273 846 244 7160 3216 1088 643 3944 815 556 447 13322
is_linear=0
shrinkage=0.05


Tree=186
num_leaves=31
num_cat=0
split_feature=7 1 6 2 0 1 5 3 6 2 2 2 2 6 0 1 3 0 0 7 2 6 6 2 1 6 2 2 2 7
split_gain=5.30339 2.9173 2.93607 3.61006 3.16912 3.57711 3.06591 3.06587 4.19288 3.16858 2.59251 2.57401 2.79811 2.53753 3.00367 2.88548 2.98349 2.46679 2.35938 2.24755 2.22847 2.22294 2.54421 2.14957 2.30485 2.38412 2.27858 2.14292 3.23169 2.10217
threshold=2.5000000000000004 16.500000000000004 102.50000000000001 12611.500000000002 63.500000000000007 8.5000000000000018 2.5000000000000004 1.0000000180025095e-35 78.500000000000014 17090.500000000004 7865.5000000000009 18113.500000000004 13411.500000000002 90.500000000000014 69.500000000000014 1.0000000180025095e-35 1.0000000180025095e-35 30.500000000000004 45.500000000000007 9.5000000000000018 15951.500000000002 81.500000000000014 94.500000000000014 9435.5000000000018 2.5000000000000004 96.500000000000014 11068.500000000002 11343.500000000002 9720.5000000000018 9.5000000000000018
decision_type=2 2 2 2 2 2 2 2 2 2 2 2 2 2 2 2 2 2 2 2 2 2 2 2 2 2 2 2 2 2
left_child=13 2 3 6 5 7 10 8 9 -5 29 12 -7 14 17 -15 -17 -1 -9 20 -10 -6 -23 -12 -25 26 -26 28 -8 -2
right_child=1 -3 -4 4 21 11 27 18 19 -11 23 -13 -14 15 -16 16 -18 -19 -20 -21 -22 22 -24 24 25 -27 -28 -29 -30 -31
leaf_value=-0.00078977128292943204 -0.0082267299033567855 0.00088377068618179962 0.00023570001281814315 0.0044863485943166794 0.00020155866154809193 0.0012104468442316416 -0.0012495530571674631 0.0057611210999279879 -0.007485396560702632 -0.0029100488433565002 0.00089868279216608494 0.0017507967347213033 -0.0031312418684569174 -0.010332232661395647 0.0037014177610134816 -0.0022865131137165761 0.0019571779711282443 -0.0091708637131918316 0.00034547962084471547 0.00040664483679541666 -0.00063642038045406784 0.0059998250606775926 0.00055562844072441114 0.002210995949780691 -0.005475042026487225 -0.009022807120651977 -0.00042724605659557116 -0.0025474826194858569 0.0017129807355338066 -0.0021147136906483183
leaf_weight=120.63481935858727 349.34423476457596 10934.142560839653 33451.073781102896 535.55078792572021 830.97544479370117 460.83459025621414 2438.5369781255722 477.27412807941437 305.58349484205246 198.45600074529648 487.79638421535492 474.03952807188034 1905.7035416960716 86.224542587995529 78.862465247511864 1350.766750857234 597.31707915663719 322.51056991517544 347.57055312395096 348.70943808555603 194.27231657505035 530.34325242042542 360.45059651136398 181.21126812696457 423.68014055490494 186.63257652521133 473.32148826122284 1198.2883296012878 1478.7746331691742 235.53183543682098
leaf_count=234 297 3581 13716 307 356 183 1136 169 214 95 314 159 712 189 161 2689 931 691 133 126 118 218 145 138 263 111 302 515 606 119
internal_value=4.9975e-05 0.000146887 -2.14131e-05 -0.000617737 0.000200278 -0.000410413 -0.0013827 0.00100756 -0.00028062 0.00248656 -0.00288291 -0.00161216 -0.00228579 -0.00217949 -0.00528933 -0.00138149 -0.000985322 -0.00688933 0.00347909 -0.00267422 -0.0048235 0.00206168 0.00379689 -0.00192099 -0.00300842 -0.00388124 -0.00281147 -0.000697198 -0.000131204 -0.0057654
internal_weight=61364.4 58808.1 47874 14422.9 6969.76 5247.99 7453.12 2407.42 1582.57 734.007 2337.52 2840.58 2366.54 2556.32 522.008 2034.31 1948.08 443.145 824.845 848.565 499.856 1721.77 890.794 1752.64 1264.85 1083.63 897.002 5115.6 3917.31 584.876
internal_count=28928 24033 20452 6736 2935 2216 3801 1162 860 402 1544 1054 895 4895 1086 3809 3620 925 302 458 332 719 363 1128 814 676 565 2257 1742 416
is_linear=0
shrinkage=0.05


Tree=187
num_leaves=31
num_cat=0
split_feature=7 3 1 4 5 7 0 4 2 4 4 0 5 0 4 3 5 0 2 0 0 2 2 2 2 4 7 1 0 0
split_gain=5.56759 3.21965 2.87652 2.94177 2.84663 2.26763 2.92156 2.25207 2.20417 2.96693 2.57877 2.35823 2.10274 2.02954 3.58615 2.25128 1.9807 1.91389 2.34338 1.91316 2.20446 1.82016 1.70787 2.09431 1.88483 1.93992 1.67316 3.58587 2.4067 1.91425
threshold=4.5000000000000009 1.5000000000000002 3.5000000000000004 573.50000000000011 4.5000000000000009 11.500000000000002 24.500000000000004 641.50000000000011 8888.5000000000018 577.50000000000011 646.50000000000011 61.500000000000007 3.5000000000000004 77.500000000000014 704.50000000000011 2.5000000000000004 3.5000000000000004 23.500000000000004 7589.5000000000009 44.500000000000007 57.500000000000007 13064.500000000002 14233.500000000002 16097.500000000002 13282.500000000002 603.50000000000011 1.5000000000000002 10.500000000000002 31.500000000000004 59.500000000000007
decision_type=2 2 2 2 2 2 2 2 2 2 2 2 2 2 2 2 2 2 2 2 2 2 2 2 2 2 2 2 2 2
left_child=1 2 3 -1 5 13 -7 -3 19 -10 21 -12 -9 15 -15 17 -13 18 -2 -8 -21 -11 24 -24 25 -20 27 28 -4 -28
right_child=4 7 26 -5 -6 6 8 12 9 10 11 16 -14 14 -16 -17 -18 -19 22 20 -22 -23 23 -25 -26 -27 29 -29 -30 -31
leaf_value=0.0047694509100744235 -0.0030043226046932263 0.0080838452280058946 0.00091650918181315148 -0.004331201202318646 0.00083827001242712867 -0.0021093541306221853 0.0024403845792120727 -0.0032943447806474454 0.0055051651784016834 -0.0025523032417215791 0.0011299391858157896 0.0023968694874217425 0.004437046167033539 0.0036374600315169162 -0.0023109068120082741 0.00459056681496241 0.007066810176534319 -0.00040771827048756708 0.0053542148800421437 -0.0056951807271232689 -7.0084008028773056e-05 0.0011156012480655834 -0.0027465710121167266 0.0018771629638251637 0.0062412761107568408 0.00077427063263488163 -0.001357709075989232 -0.00033947837169871862 -0.010267360775056248 0.0005842333265057457
leaf_weight=96.287959724664688 341.35255950689316 141.28108695149422 62.146120846271515 1141.5712238848209 14516.391903400421 739.4395112991333 308.03475868701935 174.13577151298523 456.57689452171326 614.98511230945587 2101.3741109371185 622.56358349323273 177.67869484424591 844.84603863954544 361.92691761255264 239.63427042961121 357.41074299812317 27436.836913645267 284.92407155036926 284.83202373981476 448.31854426860809 751.59377336502075 459.63594448566437 524.21836078166962 260.69709861278534 1226.393112719059 3810.9957220256329 404.2501510232687 212.88424345850945 1902.5322254300117
leaf_count=126 173 90 180 1724 3804 201 106 180 96 171 616 208 108 298 176 42 75 11738 97 100 155 177 170 183 103 537 3721 1039 632 1800
internal_value=5.5024e-05 -0.00116412 -0.00141716 -0.0036233 0.000241254 1.71135e-05 0.000854607 0.0027516 0.00122322 0.00166679 0.00127278 0.00207454 0.00061028 -0.000157954 0.00185347 -0.000236831 0.00410006 -0.000274717 0.000903479 -0.000866192 -0.00225546 -0.000535022 0.00138751 -0.000282948 0.00231499 0.00163771 -0.000989978 -0.00333594 -0.00774024 -0.000711067
internal_weight=61305.7 8123.76 7630.67 1237.86 53182 38665.6 6685.13 493.096 5945.69 4904.5 4447.93 3081.35 351.814 31980.5 1206.77 30773.7 979.974 30534.1 3097.22 1041.19 733.151 1366.58 2755.87 983.854 1772.01 1511.32 6392.81 679.281 275.03 5713.53
internal_count=28826 9600 9222 1850 19226 15422 1905 378 1704 1343 1247 899 288 13517 474 13043 283 13001 1263 361 255 348 1090 353 737 634 7372 1851 812 5521
is_linear=0
shrinkage=0.05


Tree=188
num_leaves=31
num_cat=0
split_feature=5 7 5 4 6 4 6 6 4 0 0 4 4 1 6 1 1 6 4 4 6 7 0 0 6 6 4 1 4 6
split_gain=4.17132 5.14727 2.96083 2.60949 2.44846 2.48082 2.30482 2.24948 4.40826 4.05403 3.09201 3.3591 3.42926 2.34409 2.12948 5.12684 3.51264 3.41439 3.11258 2.1073 2.97426 2.05212 3.47188 2.39145 2.21608 2.01708 1.912 2.06932 1.88231 1.87465
threshold=4.5000000000000009 3.5000000000000004 1.5000000000000002 765.50000000000011 156.50000000000003 514.50000000000011 207.50000000000003 168.50000000000003 745.50000000000011 67.500000000000014 62.500000000000007 629.50000000000011 605.50000000000011 3.5000000000000004 113.50000000000001 12.500000000000002 14.500000000000002 122.50000000000001 587.50000000000011 718.50000000000011 137.50000000000003 8.5000000000000018 76.500000000000014 18.500000000000004 50.500000000000007 56.500000000000007 647.50000000000011 15.500000000000002 621.50000000000011 83.500000000000014
decision_type=2 2 2 2 2 2 2 2 2 2 2 2 2 2 2 2 2 2 2 2 2 2 2 2 2 2 2 2 2 2
left_child=1 2 3 19 5 -3 25 8 13 10 11 12 -9 -6 15 18 -17 -16 -4 20 -1 23 -23 -7 28 -2 -13 -28 -25 -26
right_child=6 4 14 -5 7 21 -8 9 -10 -11 -12 26 -14 -15 17 16 -18 -19 -20 -21 -22 22 -24 24 29 -27 27 -29 -30 -31
leaf_value=-0.0072537299085869813 -0.0018806958550413228 0.0036678173016257126 -0.01620574868131593 0.0035522014838933248 0.0059422530953409059 0.0041521659878992426 0.0046613591625352668 -0.00016318260100581347 -0.0031023963748912733 -0.0027733334635485444 0.0049019359948285213 0.0047930200619147227 -0.0064366970407566367 0.0018698526067953752 0.0052878982101952042 0.0081925032395232123 -0.0014811226612170833 -0.0010897415656516329 -0.0046193500557599803 -0.011965643653782962 0.00042069106629312572 -0.00013261427281875137 0.00292062511747322 0.0064194801489337525 -0.0023331361956209873 0.00072767853714919561 0.0015382860273046393 -0.0021739180635841019 0.00032319321628858193 -0.00073274415652480203
leaf_weight=361.29767329990864 777.82626715302467 396.53181952238083 63.779084980487823 82.800512805581093 419.218834400177 241.53396433591843 357.74081420898438 691.23258322477341 402.72714912891388 1011.0658787488937 406.97985696792603 334.20784026384354 318.06325036287308 2249.137984931469 245.70707154273987 125.67467424273491 370.47915005683899 1438.5292840003967 635.82652109861374 116.60790823400021 194.05974268913269 17957.900506556034 981.9858638048172 176.00706648826599 2213.7141909599304 15731.536768049002 1736.9834463000298 478.91563999652863 451.24813574552536 10551.315669417381
leaf_count=704 322 123 105 180 199 125 91 212 203 368 154 118 117 776 380 174 474 2067 1108 250 346 6024 309 87 1361 5341 749 171 295 5963
internal_value=2.09334e-05 -0.000232106 -0.00203547 -0.00482306 -7.23062e-05 -0.00026317 0.000690824 0.000709552 0.00177372 5.29611e-05 0.000773409 0.000301355 -0.00214018 0.00250966 -0.00130493 -0.0029185 0.000969186 -0.000159331 -0.00567562 -0.00585507 -0.00457204 -0.000311023 2.56886e-05 -0.000778777 -0.000867708 0.000604787 0.00126768 0.000735978 0.0020338 -0.00101028
internal_weight=61520.6 44653.5 3634.76 754.766 41018.8 32970.2 16867.1 8048.53 3071.08 4977.45 3966.38 3559.4 1009.3 2668.36 2880 1195.76 496.154 1684.24 699.606 671.965 555.357 32573.7 18939.9 13633.8 13392.3 16509.4 2550.11 2215.9 627.255 12765
internal_count=28896 23142 5788 1480 17354 14287 5754 3067 1178 1889 1521 1367 329 975 4308 1861 648 2447 1213 1300 1050 14164 6333 7831 7706 5663 1038 920 382 7324
is_linear=0
shrinkage=0.05


Tree=189
num_leaves=31
num_cat=0
split_feature=7 1 6 4 6 5 4 6 6 5 4 6 0 1 2 2 4 4 0 6 6 2 5 4 4 0 2 0 1 1
split_gain=5.1108 2.70052 3.14318 4.15542 2.68595 2.27954 2.95147 2.81082 2.22352 2.68986 2.24853 3.34492 2.10274 2.64003 2.78613 2.39219 2.24476 2.23331 1.98245 3.09939 2.10492 1.94898 1.92091 2.9319 3.50345 2.27896 2.80545 2.28507 1.90187 2.18066
threshold=2.5000000000000004 3.5000000000000004 144.50000000000003 595.50000000000011 214.50000000000003 1.5000000000000002 595.50000000000011 133.50000000000003 148.50000000000003 2.5000000000000004 712.50000000000011 168.50000000000003 76.500000000000014 11.500000000000002 6661.5000000000009 8204.5000000000018 742.50000000000011 702.50000000000011 52.500000000000007 162.50000000000003 162.50000000000003 16160.500000000002 1.5000000000000002 697.50000000000011 657.50000000000011 60.500000000000007 9343.5000000000018 69.500000000000014 18.500000000000004 5.5000000000000009
decision_type=2 2 2 2 2 2 2 2 2 2 2 2 2 2 2 2 2 2 2 2 2 2 2 2 2 2 2 2 2 2
left_child=5 2 22 -4 28 6 -1 -8 -5 10 11 -10 13 14 -7 -16 17 -17 20 -20 -11 -15 23 24 -2 -24 27 -27 29 -3
right_child=1 4 3 8 -6 12 7 -9 9 18 -12 -13 -14 21 15 16 -18 -19 19 -21 -22 -23 25 -25 -26 26 -28 -29 -30 -31
leaf_value=0.0055613313370549916 -0.0042200637445014939 0.0010910991449561587 0.0055059111278357017 0.0045529465378795963 0.0039010023158430164 0.0044819247405325875 -0.010976759556645623 -0.0018046673577806133 0.0028991490439501584 -0.0043869695017132527 -0.0078130797768895394 -0.0058366874721367708 0.0049444177541903998 -0.00095276883186177607 -0.012275208096638943 -0.0040020233705387997 -0.0094513882440860671 0.0024896734201781019 0.0070951135683298798 -0.00026495264424017384 0.00086536297158419477 0.0053819088125081696 -0.00025986065498652432 -0.007376123276174958 0.0036083205644432577 -0.0027706978995847226 -0.0037679656140244531 0.0044446103102970891 0.0012610055853510679 -1.6062374216830734e-05
leaf_weight=51.002618342638016 402.73273026943207 4998.0007318854332 387.33910590410233 231.43254446983337 494.25227236747742 97.232490599155426 209.34840850532055 138.98179842531681 225.400554895401 293.50911009311676 193.9330076277256 213.24119621515274 117.55347859859467 774.82054629921913 87.621077209711075 597.77478703856468 139.81123666465282 170.21159017086029 245.89358693361282 341.95949923992157 544.86096906661987 143.98645994067192 3604.0759474039078 312.26469424366951 221.5377938747406 215.33583492040634 1194.1333424448967 223.74898838996887 3867.3419998288155 40369.637391030788
leaf_count=111 275 2425 146 121 161 200 555 338 139 119 143 126 204 1249 195 1147 327 346 105 143 215 213 1849 278 166 117 610 125 1225 15416
internal_value=-4.76142e-06 9.02341e-05 -0.000714433 0.00071629 0.000233458 -0.00220577 -0.00567231 -0.00731715 -9.37633e-05 -0.000616107 -0.00332983 -0.00134769 -0.00155556 -0.00193543 -0.00359651 -0.00438561 -0.0036241 -0.00256325 0.000587515 0.0028137 -0.000973452 3.994e-05 -0.00133493 -0.00342057 -0.00144197 -0.000961979 -0.00251136 0.000906081 0.000196641 0.00010591
internal_weight=61109 58580.6 8851.4 2677.57 49729.2 2528.34 399.333 348.33 2290.23 2058.8 632.575 438.642 2129.01 2011.46 1092.65 995.419 907.798 767.986 1426.22 587.853 838.37 918.807 6173.83 936.535 624.271 5237.29 1633.22 439.085 49235 45367.6
internal_count=28789 23904 4677 1257 19227 4885 1004 893 1111 990 408 265 3881 3677 2215 2015 1820 1493 582 248 334 1462 3420 719 441 2701 852 242 19066 17841
is_linear=0
shrinkage=0.05


Tree=190
num_leaves=31
num_cat=0
split_feature=7 3 4 5 7 0 1 4 4 3 2 2 1 0 0 2 7 4 4 0 2 4 0 2 2 4 2 4 2 0
split_gain=4.30289 3.41004 3.6231 2.61516 2.44157 2.69523 2.84384 3.58178 4.86931 3.40264 2.23426 2.07138 2.05399 2.74674 2.31141 2.3051 1.9538 1.93468 3.82928 1.87383 2.66697 2.23161 1.8735 1.86732 1.82012 1.79937 2.20569 2.30379 1.74252 1.89062
threshold=6.5000000000000009 1.0000000180025095e-35 533.50000000000011 3.5000000000000004 11.500000000000002 19.500000000000004 2.5000000000000004 664.50000000000011 700.50000000000011 1.0000000180025095e-35 8888.5000000000018 7033.5000000000009 13.500000000000002 20.500000000000004 26.500000000000004 10341.000000000002 10.500000000000002 643.50000000000011 581.50000000000011 19.500000000000004 12570.500000000002 561.50000000000011 69.500000000000014 3323.5000000000005 8571.5000000000018 780.50000000000011 11542.500000000002 801.50000000000011 5463.0000000000009 41.500000000000007
decision_type=2 2 2 2 2 2 2 2 2 2 2 2 2 2 2 2 2 2 2 2 2 2 2 2 2 2 2 2 2 2
left_child=1 2 -1 19 5 -2 7 9 -9 16 28 -3 13 -5 -14 -15 -7 18 -12 20 -4 -21 -10 -8 -16 -23 27 -27 -6 -30
right_child=4 11 3 12 10 6 23 8 22 -11 17 -13 14 15 24 -17 -18 -19 -20 21 -22 25 -24 -25 -26 26 -28 -29 29 -31
leaf_value=0.0045898472768243683 0.0024821979168816915 -0.0027219089761763974 -0.0032859018001171001 -0.0073974613999208787 0.0023615502037665336 -0.0022376010759549802 -0.0035708735091855466 -0.0060978630874915854 -0.0018366120430756642 0.0036865228815834723 0.0031276276897232386 0.00059874737086202084 0.0051865040852688924 -0.0030075077303051124 0.0040681607118393335 -0.00010070288182342552 0.0021921692342658462 0.0018965965908868108 -0.00098087727753409467 -0.0074522215215066263 0.0078267908463618193 -0.001841230091109631 0.0031905365483382688 0.00014999312641215278 -0.00062732851971759591 -0.0077472683734140513 -0.0089659171242199125 0.0044801164407736399 0.0011649483041459043 -0.002933763783754411
leaf_weight=261.73461306095123 1080.1325393915176 517.92715081572533 104.44051656126976 174.96755123138428 354.89925050735474 969.38409817218781 341.04179275035858 718.04555350542068 1054.6847220659256 519.01073157787323 804.81046628952026 5035.7848296612501 254.86603191494942 971.50745430588722 242.23610818386078 2288.851221293211 334.91930186748505 4862.3315198421478 1920.4652360677719 201.41515737771988 111.77099898457527 4924.3008173108101 224.84099125862122 29830.74959474802 1394.5164990723133 70.249398127198219 201.72286386787891 85.296920225024223 417.40058875083923 863.19101107120514
leaf_count=180 356 428 114 136 108 438 148 325 529 167 154 3324 174 906 189 1838 114 1273 437 173 103 5548 111 9835 896 98 275 122 121 267
internal_value=-4.49657e-05 -0.000725244 -0.00122429 -0.00136231 0.00021368 2.33205e-05 -5.48114e-05 -0.00133995 -0.00280252 0.000262407 0.000937565 0.00028907 -0.000565827 -0.00129438 0.000757288 -0.00096686 -0.00110012 0.00129887 0.000232419 -0.00210676 0.00245883 -0.0022868 -0.000953231 0.000107935 6.75945e-05 -0.00208981 -0.0055161 -0.00104214 -0.000738638 -0.00159781
internal_weight=61137.5 16841.6 11287.9 11026.1 44295.9 35072.8 33992.7 3820.89 1997.57 1823.31 9223.1 5553.71 5326.94 3435.33 1891.62 3260.36 1304.3 7587.61 2725.28 5699.2 216.212 5482.99 1279.53 30171.8 1636.75 5281.57 357.269 155.546 1635.49 1280.59
internal_count=28887 14504 10752 10572 14383 12023 11667 1684 965 719 2360 3752 4139 2880 1259 2744 552 1864 591 6433 217 6216 640 9983 1085 6043 495 220 496 388
is_linear=0
shrinkage=0.05


Tree=191
num_leaves=31
num_cat=0
split_feature=7 3 2 7 2 2 0 1 6 2 2 2 0 6 6 1 1 6 2 0 6 0 1 0 3 2 7 6 6 5
split_gain=3.84151 3.1215 3.03693 2.88488 2.53852 2.47856 2.38932 2.46465 2.85995 5.1004 4.35986 2.3576 3.78461 2.15684 3.05751 2.14283 3.42341 3.02272 3.21509 4.64974 3.34859 2.80608 2.86779 2.33557 5.29178 4.82897 2.29935 2.12939 2.108 2.01523
threshold=1.5000000000000002 2.5000000000000004 13411.500000000002 3.5000000000000004 13327.500000000002 5308.5000000000009 64.500000000000014 18.500000000000004 138.50000000000003 14001.500000000002 14320.500000000002 10381.500000000002 27.500000000000004 130.50000000000003 160.50000000000003 8.5000000000000018 7.5000000000000009 73.500000000000014 17256.500000000004 30.500000000000004 135.50000000000003 55.500000000000007 1.0000000180025095e-35 28.500000000000004 1.0000000180025095e-35 14551.500000000002 9.5000000000000018 198.50000000000003 102.50000000000001 3.5000000000000004
decision_type=2 2 2 2 2 2 2 2 2 2 2 2 2 2 2 2 2 2 2 2 2 2 2 2 2 2 2 2 2 2
left_child=5 2 3 -2 27 -1 15 8 9 -8 -10 12 -7 -13 -15 16 21 26 19 -19 -20 22 -4 24 25 -24 -17 -5 -11 -23
right_child=1 -3 6 4 -6 11 7 -9 10 28 -12 13 -14 14 -16 17 -18 18 20 -21 -22 29 23 -25 -26 -27 -28 -29 -30 -31
leaf_value=0.0091507206426024428 -0.0019720296540128505 0.0042680171763093558 -0.0025512004326300672 -0.00020002893472630828 -0.0037746385311849952 0.0059858540222703545 -0.00436435954659077 0.0048920057105408575 0.0068665431035140074 0.0024184777610708049 0.0012375732079700121 -0.004699293892704192 -0.010337855533746618 0.0058906809321653186 -0.0055228201283307014 -0.0043865544311178888 0.0035579756087730681 0.0015443675649064498 0.0027837773166470431 -0.0012946098208959219 -0.0007281225064934753 -0.0039159451291167621 0.0040095791376298052 0.0020535425593230659 0.004190973892848786 -0.0050367814133684841 0.00025463404011241784 0.0021419626047923775 -0.00022132913712509511 0.00041661116529097822
leaf_weight=38.257814690470695 2412.8027207255363 429.5933820605278 536.40206867456436 31854.418541789055 484.45409482717514 42.18708348274231 527.73270502686501 440.76177179813385 451.16375711560249 1367.0857085883617 1448.2001795172691 332.83703698217869 224.27079869806767 151.36745294928551 95.82292315363884 736.20373395085335 989.8813424706459 1952.7078642845154 1747.36268222332 5517.395434230566 1109.905881613493 583.36026838421822 194.18253874778748 3093.0548915266991 396.27516639232635 613.86939191818237 418.59520816802979 1001.0667695403099 1692.5434111654758 497.1108877658844
leaf_count=110 3026 89 288 13313 177 117 222 128 167 572 514 930 647 395 245 367 373 684 549 1936 349 344 107 1457 148 316 104 333 642 198
internal_value=-2.67508e-05 2.10846e-05 -9.2893e-06 -0.000302475 -0.00018165 -0.00329759 0.000421832 0.00129479 0.00100581 0.000175182 0.00257465 -0.00386021 -0.0077534 -0.00207172 0.00146626 0.000140403 0.000836508 -0.000278159 -6.88021e-06 -0.000552492 0.00141958 0.00038101 0.000895922 0.00132619 -0.000541844 -0.00286286 -0.0027042 -0.000128671 0.000958174 -0.00192259
internal_weight=61380.9 60496.1 60066.5 35752.7 33339.9 884.743 24313.8 5927.49 5486.73 3587.36 1899.36 846.485 266.458 580.027 247.19 18386.3 6904.14 11482.2 10327.4 7470.1 2857.27 5914.26 4833.78 4297.38 1204.33 808.052 1154.8 32855.5 3059.63 1080.47
internal_count=28847 26403 26314 16849 13823 2444 9465 2245 2117 1436 681 2334 764 1570 640 7220 3231 3989 3518 2620 898 2858 2316 2028 571 423 471 13646 1214 542
is_linear=0
shrinkage=0.05


Tree=192
num_leaves=31
num_cat=0
split_feature=1 3 5 0 4 6 0 0 0 2 4 1 4 1 0 2 0 5 6 2 6 2 6 4 2 4 4 4 0 4
split_gain=3.44855 2.97149 2.41654 4.48961 2.60461 3.37933 2.42161 2.35623 4.49675 3.87519 2.85993 2.46324 2.32304 2.28972 2.32426 3.38914 2.23171 2.16718 2.11867 2.09433 3.22278 2.73418 2.88066 3.25653 2.1342 1.98031 3.1787 2.24232 2.27009 2.16049
threshold=3.5000000000000004 2.5000000000000004 4.5000000000000009 77.500000000000014 623.50000000000011 156.50000000000003 73.500000000000014 71.500000000000014 73.500000000000014 13742.500000000002 602.50000000000011 1.0000000180025095e-35 567.50000000000011 1.5000000000000002 49.500000000000007 14973.500000000002 19.500000000000004 3.5000000000000004 69.500000000000014 11655.500000000002 65.500000000000014 15281.500000000002 50.500000000000007 643.50000000000011 13572.500000000002 733.50000000000011 725.50000000000011 610.50000000000011 68.500000000000014 744.50000000000011
decision_type=2 2 2 2 2 2 2 2 2 2 2 2 2 2 2 2 2 2 2 2 2 2 2 2 2 2 2 2 2 2
left_child=7 2 3 18 -5 -6 -4 9 -9 12 17 -10 -1 14 15 -12 -14 -11 19 20 -2 22 -21 -24 -25 26 27 -18 -29 -27
right_child=1 -3 6 4 5 -7 -8 8 11 10 13 -13 16 -15 -16 -17 25 -19 -20 21 -22 -23 23 24 -26 29 -28 28 -30 -31
leaf_value=0.0018211563706094528 -0.0018823774543880502 0.0044827540571037213 0.00089732064298148236 0.0063687602236790555 -3.781914560783487e-05 0.0070544397867463651 -0.0012828769796353104 0.0063597379638519191 0.0039203067150298714 0.00065770663038763855 0.0045659069942987213 -0.0020995549139669408 0.0028759368444553554 0.0010624118004090256 -0.0048241387218058568 -0.0027610329846177303 -0.0051305342178054048 0.0073514622215767175 -6.5136206757010148e-05 0.0047973189573439967 -0.0087687093151517966 -0.002553967332971007 -0.0053332313451508904 0.0052112182332033283 -0.0018883068090548669 -0.0095551309180855956 0.0046537789593739482 -0.0014326045070321245 -0.0076610128562212346 -0.003409940782682943
leaf_weight=369.60015696287155 1270.3247751295567 395.74209839105606 12990.452842175961 360.59974473714828 812.78034435212612 211.70688828825951 1412.1061690747738 311.00705572962761 226.09032356739044 258.95583307743073 241.53626072406769 684.12662626802921 200.32338973879814 1243.6428902745247 452.38404197990894 455.40575741231441 591.40865674614906 226.84384566545486 32587.45746178925 389.85257069766521 196.13268777728081 756.44330976903439 235.94542276859283 233.01888629794121 193.97620388865471 176.76942847669125 171.28489111363888 2801.6818678379059 154.35467426478863 749.32335355877876
leaf_count=179 770 81 4191 131 398 90 438 185 144 140 137 392 117 687 274 272 326 90 15965 222 136 389 117 138 104 129 107 1798 103 572
internal_value=8.05956e-06 0.000166633 0.000133563 -7.91014e-05 0.00271413 0.00142777 0.000683562 -0.000877977 0.00116924 -0.00118688 0.00028564 -0.000604271 -0.00199978 -0.000424435 -0.0020333 -0.000221766 -0.00229125 0.00378335 -0.00018698 -0.00139911 -0.0028034 -0.000260889 0.00138671 -0.000618948 0.00198603 -0.0025141 -0.00199889 -0.00232011 -0.00175783 -0.00458291
internal_weight=61361.3 52046.5 51650.8 37248.2 1385.09 1024.49 14402.6 9314.74 1221.22 8093.52 2878.77 910.217 5214.75 2392.97 1149.33 696.942 4845.15 485.8 35863.2 3275.69 1466.46 1809.24 1052.79 662.941 426.995 4644.82 3718.73 3547.45 2956.04 926.093
internal_count=28822 23170 23089 18460 619 488 4629 5652 721 4931 1600 536 3331 1370 683 409 3152 230 17841 1876 906 970 581 359 242 3035 2334 2227 1901 701
is_linear=0
shrinkage=0.05


Tree=193
num_leaves=31
num_cat=0
split_feature=7 5 2 4 6 1 6 7 5 2 2 4 4 5 4 4 5 6 2 4 1 4 4 4 6 5 2 4 4 4
split_gain=4.76572 2.92103 2.7097 4.59263 2.30278 2.18469 2.67511 1.9585 2.42825 2.47868 2.46738 2.77676 3.03624 4.50958 2.15669 2.13567 1.92072 1.82758 1.81797 2.13216 1.84303 1.80648 1.79676 2.62569 2.1259 1.67842 2.41723 1.91548 1.6645 2.12864
threshold=3.5000000000000004 4.5000000000000009 9720.5000000000018 681.50000000000011 84.500000000000014 16.500000000000004 198.50000000000003 10.500000000000002 1.5000000000000002 12486.500000000002 11542.500000000002 664.50000000000011 589.50000000000011 3.5000000000000004 545.50000000000011 553.50000000000011 3.5000000000000004 179.50000000000003 11877.500000000002 721.50000000000011 7.5000000000000009 729.50000000000011 815.50000000000011 777.50000000000011 111.50000000000001 4.5000000000000009 5463.0000000000009 748.50000000000011 736.50000000000011 688.50000000000011
decision_type=2 2 2 2 2 2 2 2 2 2 2 2 2 2 2 2 2 2 2 2 2 2 2 2 2 2 2 2 2 2
left_child=1 -1 3 -3 -4 6 7 8 15 10 14 12 -12 -14 -10 -2 -8 -7 19 -13 -20 -5 23 -11 -25 -16 -27 -28 29 -6
right_child=5 2 4 21 28 17 16 -9 9 22 11 18 13 -15 25 -17 -18 -19 20 -21 -22 -23 -24 24 -26 26 27 -29 -30 -31
leaf_value=-0.002305342039198393 0.0040370122278873431 0.002245931309365826 -0.0040851736904761521 -0.013717875521917776 0.0020669161510584034 0.00089308460348274266 0.0040673192035045012 0.00033233283855142921 0.0032776064345825962 0.00020580169156578004 -0.0047863120526831816 -0.0033650196813139219 0.0056513713672014607 -0.0019034375721090017 -0.00093985785296454892 -0.0017147762153324486 0.00027671262413366665 -0.0015851479996556771 -0.0052899851432008701 -0.010110839951249978 -0.00029830762807651282 -0.0035883204297320163 -0.0037311611943717351 0.00032209693898584536 0.0060658933738049993 -0.004006570975023137 0.00035020620982091025 0.0040344278743335476 -0.0021716243992429144 0.0082097851426081274
leaf_weight=3576.1976027041674 168.01612281799316 186.51757630705833 139.79884251952171 94.497631639242172 479.62198951840401 9880.512558221817 648.86561530828476 14104.827512025833 391.36337065696716 12134.978575766087 281.89458537101746 281.86408925056458 337.91945296525955 475.44630372524261 6971.7091690897942 4090.5079131126404 689.07891702651978 804.5046294927597 304.51480478048325 200.42905110120773 470.83364057540894 82.388048678636551 272.5363375544548 294.21865570545197 356.04283916950226 278.54224574565887 2507.9954596757889 410.550372838974 136.81918638944626 199.76361072063446
leaf_count=5760 78 210 168 119 479 3043 270 3998 136 4609 99 131 166 170 3629 2754 169 212 174 109 197 103 135 141 152 123 910 188 177 210
internal_value=-6.71144e-05 -0.0015635 0.000447244 -0.00322792 0.00184427 6.28726e-05 -8.77023e-05 -0.000154178 -0.000381181 -0.000199718 -0.000690917 -0.00215514 -0.000314546 0.00123527 -0.000364675 -0.00148784 0.00211505 0.000706492 -0.00375808 -0.00616842 -0.00225877 -0.00899983 0.000286037 0.00037167 0.00346704 -0.000504855 0.000443733 0.000868464 0.00285986 0.00387314
internal_weight=61252.8 4895.6 1319.41 363.403 956.004 56357.2 45672.1 44334.2 30229.4 25970.8 12913.1 2352.9 1095.26 813.366 10560.2 4258.52 1337.94 10685 1257.64 482.293 775.348 176.886 13057.8 12785.2 650.261 10168.8 3197.09 2918.55 816.205 679.386
internal_count=28819 7226 1466 432 1034 21593 18338 17899 13901 11069 6032 1046 435 336 4986 2832 439 3255 611 240 371 222 5037 4902 293 4850 1221 1098 866 689
is_linear=0
shrinkage=0.05


Tree=194
num_leaves=31
num_cat=0
split_feature=1 0 3 4 4 0 6 4 5 6 4 6 6 6 6 2 4 4 6 2 6 4 2 2 2 5 1 5 6 3
split_gain=3.15551 3.89432 2.74868 2.59695 5.69782 4.20706 3.44263 3.29471 2.49013 3.00546 2.31334 3.21433 3.16838 2.47774 1.99712 2.14312 2.33838 1.99688 2.91877 1.86155 2.46145 2.38796 2.97626 2.14378 2.1845 2.13743 1.8376 2.86664 2.30991 3.61294
threshold=2.5000000000000004 20.500000000000004 2.5000000000000004 661.50000000000011 641.50000000000011 71.500000000000014 134.50000000000003 703.50000000000011 1.5000000000000002 70.500000000000014 567.50000000000011 119.50000000000001 73.500000000000014 120.50000000000001 204.50000000000003 10430.500000000002 545.50000000000011 728.50000000000011 126.50000000000001 10647.500000000002 138.50000000000003 743.50000000000011 18727.000000000004 17779.000000000004 10986.500000000002 2.5000000000000004 16.500000000000004 3.5000000000000004 115.50000000000001 1.0000000180025095e-35
decision_type=2 2 2 2 2 2 2 2 2 2 2 2 2 2 2 2 2 2 2 2 2 2 2 2 2 2 2 2 2 2
left_child=1 -1 14 4 10 8 -6 -7 17 -10 13 12 -12 -3 15 16 -2 18 -5 20 25 -21 23 24 -23 -17 28 -28 -26 -30
right_child=2 3 -4 5 6 7 -8 -9 9 -11 11 -13 -14 -15 -16 19 -18 -19 -20 21 -22 22 -24 -25 26 -27 27 -29 29 -31
leaf_value=0.0039399792284121674 0.0027762943456239781 0.0056201611786712916 0.0041621453251463507 0.0015812311313970113 0.00084790996033044731 -0.002391431528637369 0.0078383985191245436 0.005565996877027391 -0.0079571027725367869 -0.0017719284429755741 0.0016441558648666009 -0.00024987718764717977 -0.0061336926018178044 -0.0018755934323446148 0.0022180154435013058 -9.3422826482108054e-05 -0.00051859124235952643 -0.010472784867932428 -0.008657780889773075 0.00040016461709302512 -0.0012514719510146792 -0.0054597365932325566 0.0031179898097193851 -0.0052200198954198765 -0.0026214965053952856 0.0061830132187167836 -0.0013840889876840872 0.0043014335059400853 -0.0014549532878781175 0.0031658495479391945
leaf_weight=380.61479312181473 557.85864600539207 216.75285258889198 424.2635945379734 136.309441447258 436.18505257368088 236.20818737149239 295.39914751052856 289.51880685985088 213.36921092867851 2469.9296643137932 164.31574803590775 935.74339559674263 644.5376251488924 224.36497458815575 1112.8660372197628 196.07175375521183 15505.534761071205 174.13738660514355 142.22565920650959 30591.258127599955 299.0101709663868 242.64916922152042 454.42745518684387 298.3286650031805 1452.1945208162069 440.14824664592743 445.72068394720554 441.11540827155113 1332.6595506817102 619.7509857416153
leaf_count=222 223 103 90 133 266 144 150 191 150 1518 113 491 376 98 414 128 8145 191 114 12519 142 140 202 138 823 197 236 156 805 252
internal_value=2.51223e-05 -0.000977361 0.000153341 -0.00126184 -0.0001489 -0.00214853 0.00367053 0.00199074 -0.00284246 -0.00226376 -0.00142731 -0.00224525 -0.00455365 0.00180761 0.000121839 7.77222e-05 -0.000404165 -0.0062728 -0.00364702 0.000287992 0.00249021 0.000230587 -0.000750639 -0.00111443 -0.0008443 0.00424873 -0.000583331 0.00144391 -0.00111139 1.18218e-05
internal_weight=61373.5 6959.61 54413.9 6579 2917.3 3661.7 731.584 525.727 3135.97 2683.3 2185.71 1744.6 808.853 441.118 53989.6 52876.7 16063.4 452.672 278.535 36813.3 935.23 35878.1 5286.85 4832.42 4534.09 636.22 4291.44 886.836 3404.61 1952.41
internal_count=28870 4260 24610 4038 1597 2441 416 335 2106 1668 1181 980 489 201 24520 24106 8368 438 247 15738 467 15271 2752 2550 2412 325 2272 392 1880 1057
is_linear=0
shrinkage=0.05


Tree=195
num_leaves=31
num_cat=0
split_feature=7 1 6 7 2 0 2 0 4 4 6 6 4 0 6 7 4 0 2 2 5 0 2 1 6 0 4 7 4 0
split_gain=3.66483 2.5046 2.36243 2.18716 2.17381 3.45126 3.33619 2.56989 2.32633 2.3739 2.12141 2.82664 3.55433 3.71668 2.61149 3.79923 3.74187 2.6445 2.86121 6.46895 2.46511 2.39445 2.37223 2.19488 1.90398 2.88115 1.85748 1.76347 1.61771 2.81014
threshold=1.5000000000000002 3.5000000000000004 204.50000000000003 11.500000000000002 5463.0000000000009 27.500000000000004 5854.0000000000009 42.500000000000007 663.50000000000011 734.50000000000011 134.50000000000003 168.50000000000003 662.50000000000011 64.500000000000014 125.50000000000001 10.500000000000002 642.50000000000011 36.500000000000007 17090.500000000004 12611.500000000002 3.5000000000000004 24.500000000000004 14551.500000000002 2.5000000000000004 109.50000000000001 36.500000000000007 682.50000000000011 7.5000000000000009 617.50000000000011 48.500000000000007
decision_type=2 2 2 2 2 2 2 2 2 2 2 2 2 2 2 2 2 2 2 2 2 2 2 2 2 2 2 2 2 2
left_child=24 10 3 4 5 -3 -6 -7 -9 -10 14 12 28 21 17 16 -16 18 19 23 27 -14 -23 -2 25 -1 -22 -13 29 -12
right_child=1 2 -4 -5 6 7 -8 8 9 -11 11 20 13 -15 15 -17 -18 -19 -20 -21 26 22 -24 -25 -26 -27 -28 -29 -30 -31
leaf_value=0.0011520367445978586 0.0003046180503432145 -0.0065469230678933668 0.0025023719084386552 0.00089394699134004267 0.0047025266023044254 0.0023513926520283635 2.1781683796208709e-05 -0.0049620776360436158 0.0022530222117189669 -0.0043684533505024539 0.0050104898760980751 -0.0078408659135110869 0.0034662005424025625 0.0038733866279737346 -0.00047574819956800368 0.0012366183966532921 -0.0090153100187572426 -0.0016419712643937477 -0.0048323514989130215 0.006102079347589928 -0.0020429774915153571 -0.0047479563668383976 0.0013333950037303444 -0.0061288327678354262 -0.0014574216474985832 -0.0093299456222324852 0.0034746647589868778 -0.0020925069175220527 0.0053371190709803999 -0.002464720767253699
leaf_weight=92.374123901128769 559.00633430480957 306.30648976564407 1075.6765079796314 7969.4556963443756 384.33157297968864 467.24402645230293 40068.734510153532 422.80770772695541 380.32237929105759 210.15783992409706 259.72063004970551 200.13657176494598 164.33728423714638 362.33585843443871 192.99060562252998 249.3681046962738 382.5734877884388 3344.5041143298149 187.52893871068954 512.42518725991249 331.33962416648865 607.53012526035309 217.86775359511375 173.79277193546295 569.06080016493797 225.81636503338814 282.64626121520996 400.232954621315 537.02160456776619 243.68929201364517
leaf_count=263 345 171 378 1914 207 252 17715 241 216 133 116 185 98 204 107 91 267 2012 90 289 108 384 124 107 1531 675 110 165 269 113
internal_value=7.5824e-07 4.75474e-05 0.000183879 0.000134208 -9.13334e-06 -0.00171582 6.62519e-05 -0.00071631 -0.00213088 -0.000103627 -0.000711679 0.0002341 0.00123131 -0.000459244 -0.0013206 -0.00391846 -0.00615194 -0.000872004 0.000925344 0.00179244 -0.00173059 -0.00204539 -0.00314275 -0.00122116 -0.0031894 -0.00628691 0.00049705 -0.00400875 0.00342824 0.00139191
internal_weight=61381.3 60494.1 51285 50209.4 42239.9 1786.84 40453.1 1480.53 1013.29 590.48 9209.05 3606.86 2392.5 1352.07 5602.19 824.932 575.564 4777.26 1432.75 1245.22 1214.36 989.735 825.398 732.799 887.251 318.19 613.986 600.37 1040.43 503.41
internal_count=28880 26411 21227 20849 18935 1013 17922 842 590 349 5184 1876 1308 810 3308 465 374 2843 831 741 568 606 508 452 2469 938 218 350 498 229
is_linear=0
shrinkage=0.05


Tree=196
num_leaves=31
num_cat=0
split_feature=7 0 3 0 0 2 5 4 2 1 2 1 7 4 2 0 3 7 0 1 0 2 4 3 1 4 4 0 4 0
split_gain=3.64943 2.53422 2.22919 2.45851 2.54947 2.26402 2.07316 2.91241 2.52685 1.85689 2.66366 1.92313 1.85759 1.80787 2.01639 1.96095 1.56241 1.53658 2.12544 2.42797 1.9957 4.6936 1.92028 2.0614 2.41181 1.82652 2.67932 1.76166 1.68936 1.6866
threshold=2.5000000000000004 76.500000000000014 1.0000000180025095e-35 50.500000000000007 66.500000000000014 16223.500000000002 1.5000000000000002 553.50000000000011 18881.500000000004 16.500000000000004 15716.500000000002 17.500000000000004 6.5000000000000009 736.50000000000011 9981.5000000000018 46.500000000000007 1.5000000000000002 7.5000000000000009 53.500000000000007 8.5000000000000018 34.500000000000007 7865.5000000000009 640.50000000000011 1.0000000180025095e-35 4.5000000000000009 627.50000000000011 654.50000000000011 44.500000000000007 668.50000000000011 54.500000000000007
decision_type=2 2 2 2 2 2 2 2 2 2 2 2 2 2 2 2 2 2 2 2 2 2 2 2 2 2 2 2 2 2
left_child=1 2 13 5 -5 -4 7 -2 9 17 11 -11 -13 -1 15 -15 -8 18 19 22 -19 28 -9 24 -24 -20 -27 -21 -22 -23
right_child=6 -3 3 4 -6 -7 16 8 -10 10 -12 12 -14 14 -16 -17 -18 20 25 27 21 29 23 -25 -26 26 -28 -29 -30 -31
leaf_value=-0.002482871233050717 0.0038045934846406837 0.0048622871844154732 0.0044462154380328 -0.0067345164552219013 0.0021913443701473876 -0.0057375229319232514 0.00014794209094411864 -0.0062932298726439562 0.002981002714039518 0.0025002592161239953 0.005684813982438355 -0.0057932819616584915 -0.00031805654088353717 -0.0082046975732390417 -0.0094465293015226978 0.0073605730177862851 0.0013026129860169843 0.0010400497878054983 -0.0051673533102861114 -0.0044070152383958684 -0.0029142416706670008 -0.0021559101008293922 -0.0061547914134567373 0.0053518487302193999 0.0031913704817370658 0.0067713127723715866 -0.0010407717934236707 -0.01032659085809081 -0.0091712578425209457 0.00048486693930330178
leaf_weight=1349.2109764963388 352.7292685508728 133.0344722121954 327.91946721076965 196.18951636552811 135.08207473158836 65.473333269357681 47411.225232183933 156.45201098918915 409.92053937911987 397.00654280185699 216.29359924793243 210.12836408615112 589.52621185779572 39.098761543631554 208.02541327476501 41.93870136141777 3122.6228596568108 1026.3124487400055 180.55212640762329 440.69581198692322 198.49396932125092 1080.5635026097298 163.32454892992973 132.53321295976639 119.55474692583084 136.07346051931381 567.50126102566719 175.82963812351227 236.30082112550735 1372.7509918808937
leaf_count=2716 144 245 542 329 205 104 18315 148 209 197 92 157 235 98 502 107 685 483 155 371 105 519 195 115 134 123 556 146 149 652
internal_value=2.02406e-05 -0.00185225 -0.00223028 7.88167e-05 -0.00309483 0.00275131 9.98654e-05 -0.0006395 -0.000840217 -0.0010519 0.000578485 -0.000344472 -0.0017568 -0.00325168 -0.0068401 -0.000149322 0.000219292 -0.00143668 -0.00253753 -0.00391862 -0.000853821 -0.00152682 -0.00157201 0.000206091 -0.00220477 -0.000681147 0.000470109 -0.00609525 -0.00631478 -0.000678265
internal_weight=61192.4 2495.97 2362.94 724.664 331.272 393.393 58696.4 8162.54 7809.81 7399.89 1412.95 1196.66 799.655 1638.27 289.063 81.0375 50533.8 5986.94 2072.52 1188.39 3914.42 2888.11 571.865 415.413 282.879 884.127 703.575 616.525 434.795 2453.31
internal_count=28733 4848 4603 1180 534 646 23885 4885 4741 4532 681 589 392 3423 707 205 19000 3851 1943 1109 1908 1425 592 444 329 834 679 517 254 1171
is_linear=0
shrinkage=0.05


Tree=197
num_leaves=31
num_cat=0
split_feature=5 7 0 1 6 0 0 7 4 6 0 0 4 0 6 0 6 7 6 6 0 4 6 4 1 6 1 6 6 4
split_gain=3.07427 3.92669 2.7219 2.6251 2.19636 2.98393 2.57113 2.0146 2.30108 2.04735 1.93079 3.83226 3.79421 2.94476 1.94802 1.89043 2.74879 1.87296 1.83553 1.83505 2.05693 2.39065 1.80673 1.735 1.73243 1.88854 1.6645 3.24252 3.26367 2.27905
threshold=4.5000000000000009 2.5000000000000004 78.500000000000014 8.5000000000000018 90.500000000000014 68.500000000000014 30.500000000000004 6.5000000000000009 553.50000000000011 120.50000000000001 38.500000000000007 22.500000000000004 713.50000000000011 29.500000000000004 165.50000000000003 42.500000000000007 109.50000000000001 1.5000000000000002 69.500000000000014 54.500000000000007 37.500000000000007 647.50000000000011 207.50000000000003 680.50000000000011 8.5000000000000018 63.500000000000007 16.500000000000004 146.50000000000003 166.50000000000003 815.50000000000011
decision_type=2 2 2 2 2 2 2 2 2 2 2 2 2 2 2 2 2 2 2 2 2 2 2 2 2 2 2 2 2 2
left_child=1 4 7 -4 5 6 -1 8 9 -3 11 23 13 -13 15 -12 17 -17 19 20 -9 -22 -2 -6 25 -21 29 -28 -29 -10
right_child=22 2 3 -5 10 -7 -8 18 26 -11 14 12 -14 -15 -16 16 -18 -19 -20 24 21 -23 -24 -25 -26 -27 27 28 -30 -31
leaf_value=-0.00027493126015834741 0.00055223310152600609 -0.0010592347787124008 -0.00095715288109348004 0.0048656024108840032 -0.01239369871125931 0.0038622353291775341 -0.010496999667754345 -0.002688144639147134 -0.0010994067104994976 0.005354682424535912 -0.008612920949322438 0.00080160353190138428 -0.0043326100627404515 0.011421411980872903 -0.0080856968801409166 -0.013259670387737361 0.00067649273647291249 -0.002498706136930557 0.0001905468445414371 -0.0020178437194534014 0.0040094115368241728 -0.0010384470427212268 0.0041834109123212067 -0.00015666802392617341 -0.0010272544092019798 -0.008020786835051771 -0.0008602046172322248 0.0076812415597746105 -0.00022205834687971166 -0.0070260994447116851
leaf_weight=83.488315939903259 16447.019598603249 220.86635553836823 303.70165312290192 533.76227134466171 64.331608682870865 66.221702113747597 233.73834253847599 447.13184058666229 7692.839811950922 284.91965681314468 92.499270275235176 117.04636411368847 109.77400881052017 147.58344937860966 149.31106412410736 64.825088173151016 558.69737578928471 107.47603720426559 28753.213614344597 291.5206310749054 459.45242786407471 479.17646056413651 349.84707871079445 52.690034449100494 798.25188708305359 237.97513973712921 1349.6565654277802 264.5298660993576 258.0544815659523 165.700867831707
leaf_count=180 5641 124 153 195 127 147 563 180 5950 146 188 239 247 290 298 205 1158 183 10184 134 158 226 88 121 299 114 846 139 135 174
internal_value=5.171e-05 -0.00016631 -6.83028e-05 0.00275401 -0.00242282 -0.0057915 -0.00780674 -0.000124979 -0.000734275 0.00255386 -0.00154064 0.00101392 0.00348241 0.00672425 -0.00283111 -0.00187838 -0.00102621 -0.00654732 7.32334e-05 -0.00116986 0.000102889 0.00143245 0.000627864 -0.00688387 -0.00249821 -0.00471579 -0.000905185 0.000434578 0.00377856 -0.00122437
internal_weight=61185.3 44388.4 42540.8 837.464 1847.68 383.448 317.227 41703.3 10236.6 505.786 1464.23 491.425 374.404 264.63 972.809 823.498 730.999 172.301 31466.7 2713.51 1385.76 938.629 16796.9 117.022 1327.75 529.496 9730.78 1872.24 522.584 7858.54
internal_count=28832 23103 19157 348 3946 890 743 18809 7514 270 3056 1024 776 529 2032 1734 1546 388 11295 1111 564 384 5729 248 547 248 7244 1120 274 6124
is_linear=0
shrinkage=0.05


Tree=198
num_leaves=31
num_cat=0
split_feature=7 6 1 2 2 0 3 2 4 2 4 2 0 0 2 6 6 0 2 4 2 2 4 1 4 2 0 7 4 2
split_gain=3.4891 3.5761 3.06311 2.88999 2.57367 2.77411 2.36697 2.89528 2.07008 4.42167 1.93567 2.05962 2.20494 2.08628 2.0359 1.82741 1.99725 2.46634 3.55427 3.11078 3.02502 3.42529 3.60813 2.86144 2.4508 2.63122 2.28302 3.33947 2.15811 1.97475
threshold=3.5000000000000004 58.500000000000007 10.500000000000002 13143.500000000002 13910.500000000002 73.500000000000014 1.0000000180025095e-35 4583.5000000000009 640.50000000000011 16223.500000000002 798.50000000000011 14233.500000000002 53.500000000000007 31.500000000000004 16097.500000000002 156.50000000000003 149.50000000000003 26.500000000000004 14702.500000000002 685.50000000000011 14089.500000000002 12527.000000000002 662.50000000000011 13.500000000000002 731.50000000000011 8268.5000000000018 31.500000000000004 9.5000000000000018 595.50000000000011 12979.500000000002
decision_type=2 2 2 2 2 2 2 2 2 2 2 2 2 2 2 2 2 2 2 2 2 2 2 2 2 2 2 2 2 2
left_child=1 -1 3 -3 -5 8 7 -2 9 -6 15 12 13 -12 -13 16 17 20 26 23 21 24 -23 -20 25 -9 27 29 -18 -19
right_child=6 2 -4 4 5 -7 -8 10 -10 -11 11 14 -14 -15 -16 -17 28 18 19 -21 -22 22 -24 -25 -26 -27 -28 -29 -30 -31
leaf_value=-0.0069694841307832503 -0.0028471583232920019 -0.0037408180238429458 0.00031350693327396339 0.0055671533534258702 -0.0063098320567648762 0.0076558743864227029 0.00057725843509081286 0.0057348166360741788 -0.0043283925248722259 0.0077820984685258322 0.0017107661660270099 -0.0083125164462149823 0.002608760826534873 -0.0054248814615252871 -0.001675934780263965 0.00075558273213162017 0.0024826711021714008 -0.0032084124065486575 0.00056136270525019682 -0.00062582624123889063 -0.00082678295687512837 0.0094163047735025488 0.0018439218984977641 0.0033166696222465854 -0.0029828939985727088 0.00081855925411511953 -0.00044677491474785644 0.00019144303007996325 -0.0023734330819570049 -0.0088533324869003154
leaf_weight=260.36153320968151 939.40040367841721 1341.9669916629791 2358.5306985080242 164.49306312203407 99.895066350698471 76.958265349268913 19168.305244088173 345.1764081120491 448.76138417422771 125.72304725646973 163.90334898233414 205.85165017843246 342.59024196863174 273.13415783643723 263.46101891994476 7006.0998807549477 265.45170211791992 649.83560502529144 2463.5074116587639 2530.6321191191673 1310.2811464071274 290.54853016138077 343.04112136363983 1525.9752536416054 311.26450914144516 1286.6588360667229 14198.713756382465 655.45706629753113 1656.5852400064468 203.43100088834763
leaf_count=437 504 2323 3057 269 148 100 5582 169 737 157 93 116 200 178 126 2604 87 378 943 1068 500 113 151 431 170 555 6589 233 689 105
internal_value=1.48843e-05 -0.0012682 -0.000946649 -0.00226303 -9.76233e-05 -0.00133783 0.000125829 -0.000106588 -0.00236417 0.00154273 -3.5649e-05 -0.00196989 -0.000394527 -0.00274878 -0.0045869 3.32883e-05 -0.000147207 -3.27179e-05 -0.000235914 0.000745438 0.00112925 0.00212393 0.00531643 0.00161527 0.00108294 0.00185848 -0.00064327 -0.0024925 -0.00170276 -0.00455424
internal_weight=61276 4876.69 4616.33 2257.8 915.831 751.338 56399.3 37231 674.379 225.618 36291.6 1248.94 779.628 437.038 469.313 35042.7 28036.6 26114.5 22227.6 6520.11 3886.97 2576.69 633.59 3989.48 1943.1 1631.84 15707.4 1508.72 1922.04 853.267
internal_count=28812 7228 6791 3734 1411 1142 21584 16002 1042 305 15498 713 471 271 242 14785 12181 11405 9747 2442 1658 1158 264 1374 894 724 7305 716 776 483
is_linear=0
shrinkage=0.05


Tree=199
num_leaves=31
num_cat=0
split_feature=7 6 6 2 0 6 2 1 6 1 2 4 0 5 1 4 6 4 4 0 6 4 2 4 4 1 7 2 4 5
split_gain=4.15021 2.3475 2.90048 2.37714 3.63905 2.23853 2.13788 1.97876 2.61562 2.07034 1.83793 6.81296 2.41296 1.81495 2.40163 1.80519 1.73166 2.65021 2.93203 3.39078 2.63369 2.39673 2.82503 4.4945 2.52914 2.33662 2.32426 2.22564 1.94182 1.85266
threshold=3.5000000000000004 58.500000000000007 63.500000000000007 9769.5000000000018 41.500000000000007 203.50000000000003 9981.5000000000018 16.500000000000004 198.50000000000003 10.500000000000002 16097.500000000002 651.50000000000011 28.500000000000004 2.5000000000000004 12.500000000000002 673.50000000000011 122.50000000000001 715.50000000000011 656.50000000000011 54.500000000000007 164.50000000000003 719.50000000000011 13536.500000000002 686.50000000000011 641.50000000000011 14.500000000000002 2.5000000000000004 11806.500000000002 639.50000000000011 3.5000000000000004
decision_type=2 2 2 2 2 2 2 2 2 2 2 2 2 2 2 2 2 2 2 2 2 2 2 2 2 2 2 2 2 2
left_child=1 -1 -3 4 -4 6 -5 8 -2 -10 12 -12 13 -8 -15 -6 17 18 28 -20 21 22 23 25 -24 -18 -21 -19 -14 -23
right_child=7 2 3 5 15 -7 10 -9 9 -11 11 -13 16 14 -16 -17 20 27 19 26 -22 29 24 -25 -26 -27 -28 -29 -30 -31
leaf_value=-0.006008429738974249 -8.1802353098532821e-05 0.0073129252609286412 0.00036812365239610305 0.0071838207455608635 -0.0028588673582304845 0.0075461982549914156 -0.0098811026411452646 0.00074689759913852368 0.0005261253449437693 0.0044512358465273912 0.0069907684327315898 -0.0027392950670167646 -0.0018850144418635841 -0.0066200602125893295 0.0028883159325119208 -0.0076857934673994341 0.0029467415152599429 -0.013569873269000094 -0.0025743635958311098 0.0021161187423505887 -0.0041304694445107679 0.001513477251590634 -0.010953184783498826 -0.0074812731514408972 -0.00027773162338457072 0.01301446333892602 0.014702353232019153 -0.0036097542495267623 -0.010413502743847336 0.010530350380755962
leaf_weight=260.34976007044315 44311.613145411015 99.557620510458946 452.42783133685589 81.216787949204445 386.88420890271664 81.852109313011169 137.14060154557228 10484.371786594391 828.22625082731247 565.22256803512573 298.5540519952774 452.69413948059082 289.83295592665672 167.49770256876945 110.03846201300621 387.90275913476944 194.41239552199841 84.37400658428669 146.03524474799633 76.079821720719337 248.80674609541893 111.9853031784296 86.479752540588379 80.700981572270393 154.77648194134235 81.915818512439728 70.829379498958588 167.29886005818844 86.710640907287598 115.95148682594299
leaf_count=438 17887 148 718 133 579 98 249 3210 308 150 346 624 401 243 122 668 295 150 222 155 347 205 117 118 202 86 71 276 121 144
internal_value=5.54324e-06 -0.00138814 -0.00112956 -0.00131419 -0.00319491 -0.000620077 -0.000826169 0.000127384 -1.47271e-05 0.00211826 -0.0010319 0.00112754 -0.0017048 -0.0051754 -0.00285015 -0.0052755 -0.000983838 -0.00257474 -0.000930407 0.00282103 0.000379358 0.00173744 7.52356e-05 0.00289956 -0.00410441 0.00593126 0.00818432 -0.00694891 -0.00384896 0.00610036
internal_weight=61101.7 4912.31 4651.96 4552.4 1227.21 3325.18 3243.33 56189.4 45705.1 1393.45 3162.11 751.248 2410.87 414.677 277.536 774.787 1996.19 921.161 669.488 292.944 1075.03 826.222 598.285 357.029 241.256 276.328 146.909 251.673 376.544 227.937
internal_count=28831 7276 6838 6690 1965 4725 4627 21555 18345 458 4494 970 3524 614 365 1247 2910 1396 970 448 1514 1167 818 499 319 381 226 426 522 349
is_linear=0
shrinkage=0.05


Tree=200
num_leaves=31
num_cat=0
split_feature=7 2 0 4 1 4 0 0 6 2 2 7 4 6 6 4 2 0 2 2 0 7 6 0 0 3 4 2 1 0
split_gain=2.655 2.20903 2.82372 2.27477 2.79806 4.12204 3.25888 2.65665 3.44867 2.03566 1.97994 2.72616 1.98144 2.05319 3.91766 1.97431 1.95611 1.92422 3.85639 2.13273 1.93478 1.83567 2.02257 1.82334 1.8165 2.16722 1.8128 2.67659 2.07306 3.27573
threshold=1.5000000000000002 19249.000000000004 48.500000000000007 738.50000000000011 4.5000000000000009 744.50000000000011 70.500000000000014 43.500000000000007 95.500000000000014 5171.5000000000009 7805.5000000000009 6.5000000000000009 714.50000000000011 103.50000000000001 119.50000000000001 655.50000000000011 7731.5000000000009 41.500000000000007 4042.0000000000005 6847.5000000000009 31.500000000000004 9.5000000000000018 70.500000000000014 63.500000000000007 46.500000000000007 1.0000000180025095e-35 745.50000000000011 11619.500000000002 11.500000000000002 64.500000000000014
decision_type=2 2 2 2 2 2 2 2 2 2 2 2 2 2 2 2 2 2 2 2 2 2 2 2 2 2 2 2 2 2
left_child=9 3 -3 10 5 -5 7 8 -7 -1 11 12 13 15 -15 -2 -11 18 -13 20 -20 22 -6 -16 -19 -26 27 -24 29 -28
right_child=1 2 -4 4 21 6 -8 -9 -10 16 -12 17 -14 14 23 -17 -18 24 19 -21 -22 -23 26 -25 25 -27 28 -29 -30 -31
leaf_value=0.0087551368775282759 -0.0075371032963524728 0.00314094018011818 -0.00012340178413914712 -0.0085930275715532366 -0.0042580624259657635 0.0063539851848909857 0.0039056805008454349 -0.004326147287844361 -0.0020228147559912027 -0.010457654741731784 0.00027363020577379218 -0.0038748886880578719 -0.0069740017937710702 0.0053719635848484956 -0.00088919882757605587 -0.00096656825849902959 -0.0023952638803359625 -0.0043966663168317271 0.0016932617956415944 -0.00018832727401985294 0.0063118841500061501 0.00065358838715730944 -0.0020292680707909966 -0.0068970577132753345 -0.0014867438806697732 0.0017400226496726069 -0.0040057591621994451 0.0044613803856078504 -6.7966729532970978e-06 0.0015262536276071607
leaf_weight=37.219659373164177 248.66757789254189 1308.5352618396282 1341.7867443561554 234.04436844587326 410.76839801669121 158.73906451463699 238.38569483160973 814.51026576757431 543.70582842826843 83.497949540615082 42148.524425238371 305.42545688152313 210.02210420370102 221.84527823328972 576.43950441479683 211.62737947702408 760.00708693265915 325.46031188964844 503.34570372104645 539.75218069553375 412.63730829954147 3217.8499891757965 267.54389357566833 161.72019049525261 1559.3859592080116 780.97689926624298 1008.4757104516029 390.909787774086 1969.9894063174725 364.25008651614189
leaf_count=108 213 448 463 151 309 105 162 548 348 247 17259 117 213 192 458 194 2114 119 185 193 156 1031 174 138 675 228 713 197 1158 250
internal_value=3.70685e-05 7.67606e-05 0.00148829 1.20652e-05 -0.000689975 -0.00236001 -0.00152895 -0.00238299 -0.000129819 -0.00268841 0.000152153 -0.000693122 -0.00244105 -0.00177076 -0.000454391 -0.0045162 -0.00319335 -4.9414e-05 0.00123309 0.00230479 0.00377389 -0.00025453 -0.000916867 -0.00220543 -0.000896695 -0.000409975 -0.000573853 0.00182409 -0.0010462 -0.00253785
internal_weight=61356 60475.3 2650.32 57825 9619.17 1989.39 1755.34 1516.96 702.445 880.725 48205.8 6057.31 1630.32 1420.3 960.005 460.295 843.505 4426.98 1761.16 1455.74 915.983 7629.79 4411.94 738.16 2665.82 2340.36 4001.17 658.454 3342.72 1372.73
internal_count=28866 26397 911 25486 5146 1314 1163 1001 453 2469 20340 3081 1408 1195 788 407 2361 1673 651 534 341 3832 2801 596 1022 903 2492 371 2121 963
is_linear=0
shrinkage=0.05


Tree=201
num_leaves=31
num_cat=0
split_feature=3 7 2 0 2 2 1 0 0 4 4 7 2 1 0 0 4 0 2 5 4 5 2 7 0 0 7 2 5 3
split_gain=2.27551 2.13581 2.6773 2.67036 2.44416 2.1289 1.895 2.05913 2.29579 2.29062 3.40701 3.0991 3.27179 2.96804 2.94839 2.39178 3.02424 2.92134 3.23325 2.36882 2.29635 2.21198 2.15627 1.86451 1.9894 1.83115 3.06185 2.1629 1.79412 1.66722
threshold=2.5000000000000004 1.5000000000000002 5308.5000000000009 46.500000000000007 3323.5000000000005 8204.5000000000018 3.5000000000000004 20.500000000000004 71.500000000000014 662.50000000000011 667.50000000000011 3.5000000000000004 13496.500000000002 1.5000000000000002 41.500000000000007 31.500000000000004 640.50000000000011 54.500000000000007 10256.500000000002 2.5000000000000004 703.50000000000011 1.5000000000000002 17090.500000000004 11.500000000000002 21.500000000000004 73.500000000000014 8.5000000000000018 11464.500000000002 1.5000000000000002 1.0000000180025095e-35
decision_type=2 2 2 2 2 2 2 2 2 2 2 2 2 2 2 2 2 2 2 2 2 2 2 2 2 2 2 2 2 2
left_child=1 2 -1 5 -3 -4 7 -6 9 15 -11 -12 20 14 -14 16 -9 18 -17 -20 -13 -22 -15 29 -25 -10 27 -27 -7 -8
right_child=-2 4 3 -5 6 28 23 8 25 10 11 12 13 22 -16 17 -18 -19 19 -21 21 -23 -24 24 -26 26 -28 -29 -30 -31
leaf_value=0.010545740421597886 0.0035695053395832623 -0.0027606756090794732 -0.010529954317910779 -0.0055732564613466574 0.0026926641693868309 -0.0068124797797522981 -0.00012206364269359348 -0.004634594154713359 0.0046779443307602081 -0.0086578944936726698 -0.0065922521211097609 -0.00028992805611135813 0.002304452271068944 0.0046264962972194712 -0.0045044636952133055 -0.0016911158054178613 0.0025669646557927635 -0.0014591130486072215 -0.0001335676397729514 0.0049279278511659592 -0.0087403418076419399 -0.002833343247776295 -0.0012621033888940527 -0.0021348767543644637 0.0011350331313351358 -0.0072933972000285329 0.0029691067424173594 -5.1688420836761717e-05 0.0030170933499752682 0.00054108069211716186
leaf_weight=38.162538006901741 461.28757447004318 747.66898548603058 41.960063993930817 457.00020807981491 463.26694142818451 55.503796473145485 27963.506853759289 519.93914443254471 299.92670154571533 176.23737752437592 282.39273422956467 827.24320816993713 269.0379598736763 526.21284312009811 388.68768155574799 425.70388299226761 202.58261895179749 999.13769647479057 327.99235370755196 783.00396090745926 183.35596203804016 1168.3983995318413 220.646000623703 495.71725559234619 7543.049987077713 168.2266311943531 469.45195209980011 266.36987328529358 283.69957260787487 14337.605086505413
leaf_count=109 101 415 124 1303 247 196 14042 252 166 102 450 466 134 260 202 238 109 521 207 313 163 650 101 119 1812 141 180 176 740 4860
internal_value=7.09775e-05 4.44917e-05 -0.00240611 -0.00299582 8.02508e-05 9.44268e-05 0.000116065 -0.000553561 -0.000730392 -0.001064 -0.00185917 -0.00154924 -0.00115184 0.000729895 -0.00171933 -7.7547e-05 -0.0026154 0.000645549 0.00201397 0.00343365 -0.00236481 -0.00363459 0.00288682 0.000235356 0.000933391 0.00129254 0.000169395 -0.00285486 0.00140868 0.000102704
internal_weight=61393 60931.7 876.326 838.164 60055.4 381.163 59307.7 8967.81 8504.55 7300.57 4042.21 3865.97 3583.58 1404.58 657.726 3258.36 722.522 2535.84 1536.7 1111 2179 1351.75 746.859 50339.9 8038.77 1203.98 904.048 434.597 339.203 42301.1
internal_count=28899 28798 2472 2363 26326 1060 25911 5078 4831 4168 2528 2426 1976 697 336 1640 361 1279 758 520 1279 813 361 20833 1931 663 497 317 936 18902
is_linear=0
shrinkage=0.05


Tree=202
num_leaves=31
num_cat=0
split_feature=7 6 6 1 2 2 2 2 4 2 6 7 1 0 6 5 4 7 6 4 4 4 5 1 5 1 1 0 6 0
split_gain=4.09457 2.78622 3.53656 2.55379 2.14247 2.5032 2.30538 2.03719 2.04982 2.65323 1.93112 1.92783 2.00731 4.10957 3.27475 2.15399 2.39039 1.94645 1.81478 2.02309 1.73636 3.75487 2.59331 2.14969 2.43825 2.19071 2.40727 1.9067 1.71705 1.95109
threshold=1.5000000000000002 70.500000000000014 71.500000000000014 10.500000000000002 7589.5000000000009 6939.0000000000009 17010.500000000004 17463.500000000004 545.50000000000011 10871.500000000002 135.50000000000003 5.5000000000000009 8.5000000000000018 26.500000000000004 156.50000000000003 1.5000000000000002 674.50000000000011 3.5000000000000004 88.500000000000014 573.50000000000011 600.50000000000011 615.50000000000011 3.5000000000000004 4.5000000000000009 3.5000000000000004 8.5000000000000018 14.500000000000002 45.500000000000007 157.50000000000003 48.500000000000007
decision_type=2 2 2 2 2 2 2 2 2 2 2 2 2 2 2 2 2 2 2 2 2 2 2 2 2 2 2 2 2 2
left_child=3 4 -3 10 5 -2 -6 8 9 -4 -1 12 13 14 -10 16 17 -14 -15 -20 22 -22 -9 27 -25 -26 -27 -23 29 -12
right_child=1 2 7 -5 6 -7 -8 20 11 -11 28 -13 15 18 -16 -17 -18 -19 19 -21 21 23 -24 24 25 26 -28 -29 -30 -31
leaf_value=-0.0085086431324461319 -0.001913177013243705 0.0060183035794421922 0.0040642447408135345 -0.00062811712828453716 -0.00018340842361660154 -0.0090018107875535196 -0.003236663939434275 0.0060361702322114866 -0.0037594761096020075 0.00021078090499453137 0.011988035118303562 0.00012960554392242999 -0.010372427966478628 -0.0046490076484709559 -0.013809329497286244 0.00032897583178178496 9.5925343911298894e-05 -0.0027059975127241369 0.0060579145425520946 -0.00082128384330717617 -0.0047954392603210888 0.001609052779026403 0.00054145344576432748 0.00014915361130020063 0.0054997088256411222 -0.00027850559033129596 0.0037605997797797129 -0.0033610033109247477 -0.0070193204996605672 -0.0035735144619583326
leaf_weight=284.91561144590378 514.92208942770958 257.7188526391983 712.96288162469864 425.5996433198452 4205.5750370621681 164.27152127027512 724.78530114889145 403.36382007598877 363.07909706234932 1196.0840626657009 36.667544662952423 38547.417065501213 131.42570433020592 297.32028791308403 104.35632622241974 4481.6328703165054 399.19454118609428 223.74633264541626 111.69682782888412 2476.2598369717598 294.50191104412079 327.17663788795471 459.19077688455582 1703.4705212414265 524.25116676092148 739.28466093540192 736.27490228414536 470.46193477511406 75.800347656011581 44.693787291646004
leaf_count=894 312 114 248 1107 2128 98 303 137 373 376 103 13334 185 326 104 3279 465 187 97 2534 86 155 104 749 153 192 161 212 219 129
internal_value=1.76938e-05 6.65482e-05 0.000174887 -0.00339272 -0.000994928 -0.00362765 -0.000632251 0.000147358 4.37214e-05 0.00164992 -0.00605427 -2.13307e-05 -0.000698755 -0.001654 -0.00600314 -8.7093e-05 -0.00255893 -0.00554284 -0.000949409 -0.000524376 0.00104571 0.000674227 0.003111 0.00103212 0.00153924 0.00272334 0.00173693 -0.00132238 -0.00160477 0.00343969
internal_weight=61438.1 60570.4 54960.9 867.677 5609.55 679.194 4930.36 54703.2 49045.2 1909.05 442.077 47136.1 8588.71 3352.71 467.435 5236 754.367 355.172 2885.28 2587.96 5657.98 4795.42 862.555 4500.92 3703.28 1999.81 1475.56 797.639 157.162 81.3613
internal_count=28864 26412 23571 2452 2841 410 2431 23457 21508 624 1345 20884 7550 3434 477 4116 837 372 2957 2631 1949 1708 241 1622 1255 506 353 367 451 232
is_linear=0
shrinkage=0.05


Tree=203
num_leaves=31
num_cat=0
split_feature=3 5 2 6 6 6 2 2 0 2 1 1 2 2 2 6 6 6 2 4 0 0 0 4 1 6 4 4 0 0
split_gain=3.02245 2.21099 2.44623 2.29733 5.20148 1.97646 1.95827 1.79344 1.78623 2.7101 1.96122 1.4408 2.50835 2.92013 2.3507 1.60919 1.67835 1.33 1.70823 1.31594 1.53043 1.44978 2.09463 2.56515 1.62924 1.30039 3.07462 2.49784 2.28103 2.20039
threshold=1.5000000000000002 1.5000000000000002 4042.0000000000005 105.50000000000001 107.50000000000001 110.50000000000001 17570.000000000004 19249.000000000004 43.500000000000007 16689.500000000004 4.5000000000000009 5.5000000000000009 13659.500000000002 15780.500000000002 8790.5000000000018 73.500000000000014 55.500000000000007 84.500000000000014 13107.500000000002 734.50000000000011 55.500000000000007 41.500000000000007 49.500000000000007 620.50000000000011 8.5000000000000018 151.50000000000003 712.50000000000011 756.50000000000011 58.500000000000007 54.500000000000007
decision_type=2 2 2 2 2 2 2 2 2 2 2 2 2 2 2 2 2 2 2 2 2 2 2 2 2 2 2 2 2 2
left_child=1 2 -1 11 -5 -6 19 8 9 10 -7 12 14 -14 -4 16 -13 18 -17 21 -21 24 -23 -24 -2 27 29 -10 -28 -27
right_child=6 -3 3 4 5 7 -8 -9 25 -11 -12 15 13 -15 -16 17 -18 -19 -20 20 -22 22 23 -25 -26 26 28 -29 -30 -31
leaf_value=-0.0069009319765498695 0.0053075227940564311 -2.503857318484261e-05 0.0031552224393869305 0.009002646570138129 -0.0050009877509884287 -0.0020066294783874714 0.0047179820396869143 0.0042506735953485569 -0.0027932138271546795 -0.0048171020373786533 0.0021632711855528739 -0.001917035081845775 0.0095334336252928236 -0.0013141758864524636 -0.0050319734507979115 -0.0019985971733803612 -0.0071914918149472073 -0.0027034895878256249 0.0050472231710616258 -0.0037083058613271193 0.0015770088224805554 -0.002679787209443037 0.0050334249476541009 0.00014729031812905457 0.0013525794396558608 -0.0024925836796261961 0.00037671062396241189 0.0031447309999076329 -0.0085139370423785426 0.0035473712876812448
leaf_weight=167.33289954066277 399.84354066848755 49570.180880635977 128.64269812405109 149.26735654473305 229.47026063501835 352.71999603509903 375.66951334476471 211.48600259423256 1536.119128882885 199.87844400107861 1405.9442021995783 272.78008137643337 120.77049072086811 127.57765582203865 275.29018069803715 210.24351830780506 337.34416921436787 942.33984644711018 145.59944105148315 303.01653867959976 249.94060307741165 410.84489730000496 358.30663323402405 1073.0062439441681 746.70063179731369 210.41621649265289 138.8559608310461 200.18591447174549 150.16553637385368 532.12790159881115
leaf_count=145 140 22145 128 105 164 287 88 116 1016 118 888 198 111 102 262 162 245 652 95 117 104 107 73 307 165 138 101 172 123 308
internal_value=-5.84414e-05 -0.000149816 -0.000918691 -0.000791612 -0.000199033 -0.000464838 0.00128547 -0.000254037 -0.000455603 0.000699921 0.00132695 -0.002022 6.65576e-06 0.00396096 -0.00242455 -0.00271542 -0.00483334 -0.00172004 0.000884325 0.000921378 -0.00131931 0.00133594 0.000467157 0.00137046 0.00273182 -0.00127325 0.000132792 -0.0021086 -0.00424256 0.00183582
internal_weight=61532.1 57614.7 8044.56 7877.23 5316.64 5167.37 3917.33 4937.9 4726.41 1958.54 1758.66 2560.59 652.281 248.348 403.933 1908.31 610.124 1298.18 355.843 3541.66 552.957 2988.7 1842.16 1431.31 1146.54 2767.87 1031.57 1736.31 289.021 742.544
internal_count=28882 27781 5636 5491 3536 3431 1101 3267 3151 1293 1175 1955 603 213 390 1352 443 909 257 1013 221 792 487 380 305 1858 670 1188 224 446
is_linear=0
shrinkage=0.05


Tree=204
num_leaves=31
num_cat=0
split_feature=7 4 6 3 2 2 2 2 6 0 7 2 6 0 6 6 4 2 2 2 4 4 2 6 2 3 7 7 2 4
split_gain=3.85693 4.24595 4.29443 3.20625 3.72396 3.31186 4.77592 2.75079 2.67445 2.68531 2.78476 2.49478 2.11 1.94603 1.88279 3.19657 2.29671 2.26591 1.76113 1.99798 1.88704 2.24332 2.16149 2.81159 2.93168 2.6481 1.75868 1.5934 1.54444 1.60539
threshold=5.5000000000000009 666.50000000000011 204.50000000000003 1.5000000000000002 7272.5000000000009 6247.5000000000009 5005.5000000000009 9435.5000000000018 78.500000000000014 40.500000000000007 3.5000000000000004 8679.5000000000018 70.500000000000014 76.500000000000014 98.500000000000014 92.500000000000014 656.50000000000011 11115.500000000002 10381.500000000002 11024.500000000002 660.50000000000011 653.50000000000011 16160.500000000002 122.50000000000001 18410.500000000004 1.0000000180025095e-35 4.5000000000000009 3.5000000000000004 15235.500000000002 688.50000000000011
decision_type=2 2 2 2 2 2 2 2 2 2 2 2 2 2 2 2 2 2 2 2 2 2 2 2 2 2 2 2 2 2
left_child=1 3 8 4 5 6 -1 11 9 10 -3 26 -2 -10 15 16 17 -9 -16 -20 21 22 25 -24 -25 -21 -6 -13 29 -11
right_child=12 2 -4 -5 7 -7 -8 14 13 28 -12 27 -14 -15 18 -17 -18 -19 19 20 -22 -23 23 24 -26 -27 -28 -29 -30 -31
leaf_value=-0.006552195561941445 -0.0008410505597101107 -0.0066650402879483974 0.0069666950273872515 0.005036657242006473 -0.0014280469135181341 -0.0095549931272854768 0.0059224408117793401 0.0040970058738808114 -0.0017192866017419974 -3.5173251358403266e-05 0.0030432915776231906 0.0020294030407939311 0.00030160697652177382 0.0023944369575034995 -0.0029046264563959267 -0.0081537568993012462 0.0057020601765478685 -0.0029377880736377975 0.0052194132622348198 -0.0020299122095718985 -0.0046170321654156335 0.005829517701818253 0.0084114481725369086 -0.0028679516332834505 0.0062454084830366012 0.0027135810634627573 0.0054005407239504878 0.0098549093022316358 -0.012362047529086394 -0.0072685559759224708
leaf_weight=175.08277018368244 4437.5957759022713 123.8698596060276 139.95488676428795 323.11072906851768 286.30988128483295 183.31479164958 136.57778903841972 138.28260101377964 5038.9488473236561 102.84708127379417 182.97567939758301 104.24939823150635 45101.896709442139 304.88138546049595 337.51981516182423 173.90774318575859 119.54934698343277 664.64222320914268 246.26707038283348 1017.5727352946997 168.2149602919817 207.11846247315407 168.46810469031334 229.94981628656387 143.20343521237373 413.90057823061943 140.58972150087357 172.98955792188644 100.26294910907745 301.81013214588165
leaf_count=199 1737 210 132 190 336 203 156 133 5463 118 154 167 15094 316 312 164 118 649 233 980 157 179 141 197 105 284 82 110 123 394
internal_value=5.44235e-06 -0.000805033 -0.00169388 0.000203065 -9.56858e-05 -0.00422218 -0.00108548 0.000335885 -0.00189079 -0.0045648 -0.000875845 0.00321919 0.000199251 -0.00148459 -0.000168074 -0.00193578 -0.000763551 -0.00172623 0.000492889 0.00093484 0.00048554 0.000879231 0.000359592 0.00304999 0.000629444 -0.000658364 0.000820794 0.00691231 -0.00680661 -0.00543013
internal_weight=61385.9 11846.4 6295.55 5550.82 5227.71 494.975 311.661 4732.74 6155.6 811.766 306.846 704.139 49539.5 5343.83 4028.6 1096.38 922.474 802.925 2932.21 2594.7 2348.43 2180.21 1973.09 541.621 373.153 1431.47 426.9 277.239 504.92 404.657
internal_count=28836 12005 6910 5095 4905 558 355 4347 6778 999 364 695 16831 5779 3652 1064 900 782 2588 2276 2043 1886 1707 443 302 1264 418 277 635 512
is_linear=0
shrinkage=0.05


Tree=205
num_leaves=31
num_cat=0
split_feature=7 6 6 4 4 2 2 6 5 6 4 2 4 1 6 2 4 6 2 2 2 4 7 4 4 6 2 2 6 1
split_gain=2.72158 2.14029 3.80952 1.9543 5.21568 2.38252 1.82818 1.78013 2.76425 3.78444 2.08581 3.03446 2.4956 2.24754 1.74496 1.9776 1.7362 2.9023 2.6113 2.31621 1.86954 2.96787 3.09703 2.6865 3.55319 2.20628 1.98355 1.71781 3.09355 2.56957
threshold=2.5000000000000004 90.500000000000014 80.500000000000014 617.50000000000011 609.50000000000011 16837.500000000004 18113.500000000004 125.50000000000001 3.5000000000000004 133.50000000000003 655.50000000000011 14651.500000000002 686.50000000000011 7.5000000000000009 57.500000000000007 11689.500000000002 798.50000000000011 103.50000000000001 9135.5000000000018 12323.500000000002 10430.500000000002 545.50000000000011 3.5000000000000004 778.50000000000011 751.50000000000011 94.500000000000014 10602.500000000002 12323.500000000002 122.50000000000001 13.500000000000002
decision_type=2 2 2 2 2 2 2 2 2 2 2 2 2 2 2 2 2 2 2 2 2 2 2 2 2 2 2 2 2 2
left_child=1 2 14 4 27 7 -7 -5 9 -9 -10 12 -12 -14 -1 -16 20 19 -19 -18 21 -2 -23 24 26 -26 -22 29 -29 -3
right_child=16 3 -4 5 -6 6 -8 8 10 -11 11 -13 13 -15 15 -17 17 18 -20 -21 23 22 -24 -25 25 -27 -28 28 -30 -31
leaf_value=-0.0065482414864769219 0.003049809149594288 -0.0083376323303854163 -0.011325084186886875 0.0012578811539598811 0.015463036346169549 -0.012967454741591292 -0.002599547394533401 -0.015408288393474587 -0.0067307137632848573 -0.003027734340053627 0.008496955095354872 0.012208277738854568 0.0042122757191196247 -0.0070191588414085003 -0.003945717987630294 0.0053457104835571726 -0.0072989826239143012 0.0044074426190623579 -0.0010906430360212726 -0.0012181465240294423 0.0028801575131529884 -0.0036624699318206252 -0.00022426936177871962 0.0027086440236602305 0.0010903705119211229 -0.0023753655888612037 0.00038309005750662364 0.011304345502002286 -0.0024114196581702108 0.0040751241145531485
leaf_weight=120.34337033331394 661.78667837381363 109.14625680446625 144.39972427487373 557.74593949317932 63.287524163722992 75.873746410012245 96.717376708984375 74.302273154258728 77.354257792234421 364.6532935500145 64.513766676187515 63.449133485555649 70.588540941476822 120.71797615289688 110.13454650342464 119.30415588617325 299.4817673265934 268.4980830848217 1103.6866361796856 328.2351907491684 813.80258995294571 682.67301732301712 16141.030974388123 1207.4264495074749 609.57646903395653 1861.5920096039772 34949.134704738855 71.955167233943939 95.905737340450287 67.463801980018616
leaf_count=274 217 216 306 1157 105 143 171 172 118 811 97 96 132 196 250 252 188 166 555 178 343 765 7000 557 297 837 12841 108 155 103
internal_value=7.67605e-05 -0.00154995 -0.00449262 -0.000813151 0.00227011 -0.00161602 -0.00715744 -0.000929604 -0.00238974 -0.0051234 0.00063568 0.00242045 -7.15219e-06 -0.00287497 -0.00167199 0.000885664 0.000144887 -0.00130311 -1.48218e-05 -0.00411929 0.000195757 -0.000234588 -0.000363785 0.00038654 0.000313209 -0.00152045 0.000439912 -0.000153746 0.00346797 -0.00359605
internal_weight=61394.8 2467.86 494.182 1973.67 407.758 1565.92 172.591 1393.33 835.579 438.956 396.624 319.269 255.82 191.307 349.782 229.439 58926.9 1999.9 1372.18 627.717 56927 17485.5 16823.7 39441.5 38234.1 2471.17 35762.9 344.471 167.861 176.61
internal_count=28806 4862 1082 3780 687 3093 314 2779 1622 983 639 521 425 328 776 502 23944 1087 721 366 22857 7982 7765 14875 14318 1134 13184 582 263 319
is_linear=0
shrinkage=0.05


Tree=206
num_leaves=31
num_cat=0
split_feature=6 0 7 5 2 6 2 0 2 3 6 2 2 6 1 6 0 6 5 0 2 2 6 0 1 1 7 5 5 0
split_gain=2.10168 2.42118 2.21797 2.81148 2.64072 4.47766 2.46597 2.29598 4.07455 1.94617 1.87623 2.09676 2.79292 2.41627 2.33465 2.37501 1.75256 1.67899 2.96096 2.23804 1.64588 1.83361 1.63419 3.73258 2.64629 2.433 2.17721 3.2509 2.65701 1.85996
threshold=202.50000000000003 27.500000000000004 1.5000000000000002 1.5000000000000002 15502.500000000002 107.50000000000001 17172.500000000004 31.500000000000004 6247.5000000000009 2.5000000000000004 70.500000000000014 16530.500000000004 16689.500000000004 122.50000000000001 13.500000000000002 82.500000000000014 64.500000000000014 76.500000000000014 1.5000000000000002 53.500000000000007 18727.000000000004 20000.000000000004 105.50000000000001 45.500000000000007 18.500000000000004 4.5000000000000009 8.5000000000000018 3.5000000000000004 4.5000000000000009 40.500000000000007
decision_type=2 2 2 2 2 2 2 2 2 2 2 2 2 2 2 2 2 2 2 2 2 2 2 2 2 2 2 2 2 2
left_child=2 -2 3 -1 7 -6 -7 -5 -9 10 -4 17 -13 14 15 -14 -10 18 -12 -20 -15 -22 23 29 -24 26 28 -28 -25 -19
right_child=1 -3 9 4 5 6 -8 8 16 -11 11 12 13 20 -16 -17 -18 22 19 -21 21 -23 24 25 -26 -27 27 -29 -30 -31
leaf_value=-0.0090973912527005981 -0.0023164703345394761 0.0028407845439787521 -0.0009427625318212346 0.0030582299979537673 -0.0073487510597925942 0.019532643436308755 0.0029202879716622881 0.010783219468918552 -0.0082707213470262341 0.0033053095422159147 -0.0038212151868614757 0.0044765001561780683 -0.003185063019982684 -0.001160941941269623 0.0030953289848549372 0.0011800317594058897 -0.0010353328716891368 -0.0012608956166013882 0.0045819385516804173 8.1860935416056211e-05 0.0027742457111880926 -0.00068024970624929045 -0.00010623543280618218 -0.0062674902536785319 0.0016948765166484481 0.00069302661128273842 0.0037285420024370077 -0.0037897154431156405 0.0019471204800767942 -0.0038197827537061186
leaf_weight=139.84347991645336 282.06182274222374 1178.1691903471947 5496.8281481862068 127.29719802737236 48.625571995973587 46.210816144943237 43.24393954873085 39.312056005001068 277.80220477283001 431.85298049449921 209.44352325797081 477.72169864177704 369.61399421095848 2366.0315691828728 1362.598138064146 1985.8283770084381 119.77843706309795 4041.4335760176182 644.31228798627853 483.71960192918777 722.73415151238441 819.90920263528824 30637.426221877337 398.66877090930939 2184.8020811676979 4509.78309699893 306.39607417583466 270.91834604740143 130.71219027042389 861.51575177907944
leaf_count=510 103 453 2786 334 128 112 103 108 772 87 150 178 144 859 412 783 328 1898 291 213 255 260 13541 366 712 2052 154 90 87 412
internal_value=-2.94609e-05 0.0018446 -7.54115e-05 -0.00262324 -0.00133404 0.0048636 0.011502 -0.00285085 -0.00457258 -3.88679e-05 -6.36479e-05 2.79022e-05 0.000767824 0.00053552 0.00144802 0.000495065 -0.00609093 -0.000106314 0.00163851 0.00265223 -0.000332472 0.000938194 -0.000160157 -0.000702478 1.36551e-05 0.000177507 -0.00192323 0.000200423 -0.00423918 -0.00171053
internal_weight=61014.6 1460.23 59554.4 842.114 702.27 138.08 89.4548 564.19 436.893 58712.2 58280.4 52783.6 8104.44 7626.72 3718.04 2355.44 397.581 44679.1 1337.48 1128.03 3908.67 1542.64 43341.7 10519.4 32822.2 5616.48 1106.7 577.314 529.381 4902.95
internal_count=28681 556 28125 2395 1885 343 215 1542 1208 25730 25643 22857 2891 2713 1339 927 1100 19966 654 504 1374 515 19312 5059 14253 2749 697 244 453 2310
is_linear=0
shrinkage=0.05


Tree=207
num_leaves=31
num_cat=0
split_feature=7 5 6 5 0 3 6 6 2 2 2 6 2 2 0 2 2 2 0 1 0 0 1 6 2 0 2 6 2 0
split_gain=2.14354 2.43506 2.04154 2.32219 2.17449 2.15424 2.8931 2.81996 2.90143 3.84707 3.02123 1.75365 1.87812 2.23729 1.96106 1.58747 1.56781 1.62538 1.49856 1.48293 1.97637 1.51573 2.23886 2.06368 1.73862 1.94273 4.32311 2.05796 2.62319 1.63503
threshold=4.5000000000000009 1.5000000000000002 195.50000000000003 3.5000000000000004 18.500000000000004 1.0000000180025095e-35 56.500000000000007 80.500000000000014 18410.500000000004 16448.500000000004 12078.500000000002 134.50000000000003 16370.500000000002 11877.500000000002 36.500000000000007 13956.500000000002 11501.500000000002 7936.0000000000009 20.500000000000004 18.500000000000004 46.500000000000007 33.500000000000007 14.500000000000002 175.50000000000003 14809.500000000002 64.500000000000014 13234.500000000002 147.50000000000003 9720.5000000000018 67.500000000000014
decision_type=2 2 2 2 2 2 2 2 2 2 2 2 2 2 2 2 2 2 2 2 2 2 2 2 2 2 2 2 2 2
left_child=1 11 4 -4 -3 18 -7 -8 9 10 16 12 13 -1 -15 -12 17 -9 -6 21 -21 22 -20 24 25 26 27 -23 -29 -27
right_child=-2 2 3 -5 5 6 7 8 -10 -11 15 -13 -14 14 -16 -17 -18 -19 19 20 -22 23 -24 -25 -26 29 -28 28 -30 -31
leaf_value=-0.0060392057804700902 6.6206966182912264e-05 0.0058786111039507392 -0.0013674199291507528 0.0087926481642806951 -0.0062260882634703205 -0.0071312602920298937 0.006392345504513914 -0.0040796717114656355 0.0072709537195090566 -0.0077245840217371985 0.0057291058115705711 -0.00042769159562846014 -0.010646664059788431 -0.0067263062263426283 0.0023137637038049617 0.00087388063340056383 -0.0068783289441093649 0.00095576119602317823 0.0020068864265633335 0.007503719332294375 -0.0013556593606642714 -0.0030714357865390821 -0.0038967840546493128 -0.0072380372303855259 0.00046215507972911042 0.004892689260029265 -0.0088620246165771466 -0.003699250131164203 0.0068684691836568904 -0.0013158522708721836
leaf_weight=356.57151754200459 53176.336338460445 127.00324705243111 102.29374521970749 124.91853070259094 153.19964009523392 115.83226630091667 216.19640517234802 231.32983395457268 140.1859604716301 154.92834734916687 302.69938144087791 458.98679336905479 102.23794394731522 82.859381809830666 217.36704634130001 379.33099940419197 114.20017105340958 521.62056335806847 614.84225532412529 111.34140771627426 144.84353330731392 958.27573847770691 217.3655364215374 173.38187059760094 745.31203927099705 129.53387694060802 288.08985204994678 106.48359653353691 130.92418363690376 584.77261899411678
leaf_count=618 19171 131 117 108 187 115 216 241 98 117 251 732 159 146 368 271 103 486 810 114 141 1339 226 206 851 166 345 136 154 736
internal_value=-4.92537e-05 -0.000806603 -0.000442228 0.00421846 -0.000601191 -0.000727127 0.000557581 0.000989815 0.000356507 -0.0002123 0.000538979 -0.00286744 -0.00434275 -0.00336148 -0.000181202 0.00302873 -0.00141926 -0.000591281 -0.00136864 -0.00119168 0.00249475 -0.00143083 0.000464898 -0.001937 -0.00162474 -0.00233236 -0.00336372 -0.00203895 0.00212857 -0.000189982
internal_weight=61283.3 8106.93 6888.91 227.212 6661.69 6534.69 2176.32 2060.49 1844.3 1704.11 1549.18 1218.02 759.036 656.798 300.226 682.03 867.151 752.95 4358.37 4205.17 256.185 3948.98 832.208 3116.77 2943.39 2198.08 1483.77 1195.68 237.408 714.306
internal_count=28859 9688 7665 225 7440 7309 1898 1783 1567 1469 1352 2023 1291 1132 514 522 830 727 5411 5224 255 4969 1036 3933 3727 2876 1974 1629 290 902
is_linear=0
shrinkage=0.05


Tree=208
num_leaves=31
num_cat=0
split_feature=7 4 2 2 2 7 0 1 2 1 6 4 2 4 4 6 4 4 1 0 2 0 1 3 0 4 2 4 6 6
split_gain=2.98676 2.7514 2.43869 2.25398 3.14117 2.49363 2.22709 2.18554 2.13835 3.04831 2.09719 1.89231 1.93161 3.0714 1.79264 2.95098 2.5938 3.84188 2.56702 4.50305 4.4607 2.27268 1.92148 2.35721 2.11708 1.87115 1.77769 4.3252 3.01278 4.15665
threshold=1.5000000000000002 807.50000000000011 5171.5000000000009 11955.500000000002 12033.500000000002 4.5000000000000009 46.500000000000007 18.500000000000004 13189.500000000002 2.5000000000000004 131.50000000000003 553.50000000000011 11024.500000000002 653.50000000000011 721.50000000000011 93.500000000000014 545.50000000000011 558.50000000000011 6.5000000000000009 31.500000000000004 10602.500000000002 59.500000000000007 3.5000000000000004 1.0000000180025095e-35 57.500000000000007 774.50000000000011 10163.500000000002 678.50000000000011 122.50000000000001 118.50000000000001
decision_type=2 2 2 2 2 2 2 2 2 2 2 2 2 2 2 2 2 2 2 2 2 2 2 2 2 2 2 2 2 2
left_child=2 3 -1 5 -5 11 10 14 9 -8 -4 -2 26 -14 15 22 -17 -18 20 -20 25 -19 23 24 -7 -16 28 -28 29 -13
right_child=1 -3 6 4 -6 7 8 -9 -10 -11 -12 12 13 -15 18 16 17 21 19 -21 -22 -23 -24 -25 -26 -27 27 -29 -30 -31
leaf_value=0.009801803763993094 0.0040600266486381037 -0.0020285252068970678 -0.0038416742493373283 0.004480122446200786 0.00032109102272962972 -0.0085985401334483166 0.0050537771022966249 0.0017317881791070893 -0.0015693635284127613 -0.010739444875045948 0.0036499166335071083 -0.00095811041730580946 -0.0089872101831825844 -0.0016108496315597976 -0.002305229041946774 0.0034215402405916619 -0.0051163460548888165 -8.2182037237473488e-05 -0.003688899695034286 0.00075629614545844894 -0.0075939316439231526 0.0013718483485759235 -0.00068695956685946974 0.00080609523175696838 -0.0013538868596488928 0.0027602277409649158 0.0059695873549866644 -0.0031659544130986797 -0.0038801881725832282 0.01043635195829812
leaf_weight=36.094756275415421 143.6518426835537 1561.3528334498405 221.55949310958385 460.60327595472336 31625.7946164608 261.84905683994293 35.136984586715698 1583.1450445652008 174.11939388513565 234.21164602041245 161.52149429917336 894.38488185405731 224.08709096908569 381.16296011209488 828.00435560941696 670.77733671665192 327.19659507274628 8603.0340839028358 742.6550869345665 2446.6924617886543 365.52817350625992 3908.2308431267738 3278.477266907692 196.99352449178696 164.00161725282669 233.78465306758881 259.74993702769279 258.50157549977303 957.08273589611053 87.904317051172256
leaf_count=103 113 902 648 204 12498 162 115 483 482 691 424 1044 215 400 465 192 90 3192 331 1084 201 1462 1311 83 98 140 255 296 1014 92
internal_value=1.44234e-06 4.31205e-05 -0.00291987 9.80337e-05 0.000380794 -0.000240289 -0.00347542 -6.26055e-05 -0.00588765 -0.00867919 -0.000682935 -0.00154861 -0.00181166 -0.00434186 -0.000191573 4.06983e-05 0.000390512 0.000232149 -0.00106752 -0.000278789 -0.00282995 0.000372024 -0.00117061 -0.00371644 -0.00580851 -0.00118992 -0.00118854 0.00141282 -0.00188369 6.15714e-05
internal_weight=61327.3 60464.6 862.644 58903.3 32086.4 26816.9 826.549 23610.4 443.468 269.349 383.081 3206.53 3062.87 605.25 22027.2 17410.6 13509.2 12838.5 4616.66 3189.35 1427.32 12511.3 3901.32 622.844 425.851 1061.79 2457.62 518.252 1939.37 982.289
internal_count=28790 26327 2463 25425 12702 12723 2360 9294 1288 806 1072 3429 3316 615 8811 6590 4936 4744 2221 1415 806 4654 1654 343 260 605 2701 551 2150 1136
is_linear=0
shrinkage=0.05


Tree=209
num_leaves=31
num_cat=0
split_feature=7 4 3 2 5 6 2 4 2 6 1 6 6 6 6 1 5 2 4 6 6 6 2 4 1 2 2 2 2 1
split_gain=4.55984 4.23025 4.75089 3.30502 3.36561 2.88412 2.7603 3.67905 2.4141 2.71843 1.65004 1.64061 3.32018 3.21487 1.72648 1.8148 1.60722 1.89152 1.64796 1.56204 1.95459 1.54707 1.71665 1.54678 1.70375 1.52616 1.68484 2.51169 3.0207 1.50607
threshold=5.5000000000000009 665.50000000000011 1.5000000000000002 7272.5000000000009 1.5000000000000002 204.50000000000003 6247.5000000000009 631.50000000000011 9435.5000000000018 155.50000000000003 11.500000000000002 128.50000000000003 112.50000000000001 96.500000000000014 156.50000000000003 11.500000000000002 2.5000000000000004 14457.500000000002 622.50000000000011 58.500000000000007 62.500000000000007 78.500000000000014 15716.500000000002 583.50000000000011 17.500000000000004 16837.500000000004 14046.500000000002 12239.500000000002 11501.500000000002 1.0000000180025095e-35
decision_type=2 2 2 2 2 2 2 2 2 2 2 2 2 2 2 2 2 2 2 2 2 2 2 2 2 2 2 2 2 2
left_child=1 2 3 6 11 19 7 -1 9 -6 16 12 13 -5 15 -13 17 18 -10 -3 -21 22 -22 24 25 26 27 28 -2 -23
right_child=23 5 -4 4 8 -7 -8 -9 10 -11 -12 14 -14 -15 -16 -17 -18 -19 -20 20 21 29 -24 -25 -26 -27 -28 -29 -30 -31
leaf_value=-0.0060113987935147229 0.00071270583906697085 -0.0052962850931704795 0.006003370010970276 -0.0066138266144310058 0.0017966177431782771 0.005562041095940308 -0.0089771114894870892 0.005033212156082387 -0.011159314158280852 0.0098551585947857633 0.0012878900744827595 -0.0021466045185078264 -0.013592075118981362 0.0051384097919806148 -0.004812760977506653 0.008075292643324055 -0.00019583090839743304 0.0010150538191479718 -0.0022215953653069126 0.0051537152659832351 -0.0032397928701070572 -0.0056559790070873934 -0.011352484684305657 6.9007677309048052e-05 0.0032615832440611456 0.002845126908125827 -0.0016159984021491343 0.0031158683206397304 -0.0044587533755824933 -0.0014930524009048717
leaf_weight=175.36525921523571 1832.2783304452896 332.77052456140518 319.46669313311577 170.1853051930666 476.97948578000069 129.97137933969498 186.09458869695663 132.27301827073097 109.72972762584686 134.06594386696815 1659.8285511136055 90.377404034137726 93.439731478691101 88.428615599870682 132.39074936509132 83.575047433376312 1455.3390987813473 116.07966840267181 97.312107741832733 100.05676330626011 324.23210310935974 226.87816432118416 81.621868580579758 43938.790709376335 704.85589027404785 661.26113951206207 926.19449627399445 855.2473007440567 333.81586158275604 5127.22441662848
leaf_count=200 553 423 181 254 455 122 208 152 139 108 1193 127 134 119 166 83 1263 139 126 116 407 302 94 15351 140 150 233 233 92 5535
internal_value=-4.53713e-05 -0.000926234 8.50111e-05 -0.000278486 0.000129678 -0.00180924 -0.00417032 -0.00126263 0.000668751 0.0035647 0.00015409 -0.00318578 -0.00551403 -0.00259535 -0.000510136 0.00276448 -0.00090408 -0.00409403 -0.00695848 -0.00196394 -0.00177471 -0.00189506 -0.00487135 0.000166449 0.000972194 0.000622061 0.00024967 0.000821592 -8.42656e-05 -0.00166945
internal_weight=61096.1 11843.7 5520.93 5201.46 4707.73 6322.76 493.733 307.638 4049.33 611.045 3438.29 658.397 352.054 258.614 306.343 173.952 1778.46 323.122 207.042 6192.78 5860.01 5759.96 405.854 49252.4 5313.65 4608.8 3947.54 3021.34 2166.09 5354.1
internal_count=28798 12046 5047 4866 4306 6999 560 352 3423 563 2860 883 507 373 376 210 1667 404 265 6877 6454 6338 501 16752 1401 1261 1111 878 645 5837
is_linear=0
shrinkage=0.05


Tree=210
num_leaves=31
num_cat=0
split_feature=3 7 4 4 4 7 6 0 4 5 5 4 4 4 6 6 3 0 4 6 4 4 6 4 0 5 1 1 5 4
split_gain=2.86742 2.18876 2.04999 3.83881 2.92613 2.80795 2.37312 2.00822 1.68658 1.6863 1.67687 2.61751 2.95219 2.18591 1.94727 2.22279 2.22973 2.36036 2.07111 1.74088 1.70975 3.38513 1.80146 1.82677 1.96654 1.67526 1.61889 2.40973 1.94619 1.75359
threshold=1.5000000000000002 11.500000000000002 613.50000000000011 609.50000000000011 602.50000000000011 5.5000000000000009 225.50000000000003 18.500000000000004 670.50000000000011 3.5000000000000004 1.5000000000000002 815.50000000000011 648.50000000000011 664.50000000000011 57.500000000000007 75.500000000000014 1.0000000180025095e-35 30.500000000000004 684.50000000000011 54.500000000000007 762.50000000000011 771.50000000000011 60.500000000000007 731.50000000000011 44.500000000000007 3.5000000000000004 13.500000000000002 7.5000000000000009 3.5000000000000004 671.50000000000011
decision_type=2 2 2 2 2 2 2 2 2 2 2 2 2 2 2 2 2 2 2 2 2 2 2 2 2 2 2 2 2 2
left_child=1 2 3 4 -1 25 7 8 -4 -5 11 12 -9 -14 19 16 17 -16 -18 -12 22 -22 -15 -24 -25 -6 27 29 -29 -19
right_child=-2 -3 6 9 5 -7 -8 10 -10 -11 14 -13 13 20 15 -17 18 26 -20 -21 21 -23 23 24 -26 -27 -28 28 -30 -31
leaf_value=0.0004425976863707818 0.0012763024567957564 0.00059701095086625816 0.0056640846612483926 0.001464164767863528 -0.01040761907725548 -0.00087570696149479651 0.0046697613252089784 -0.0034248547190512155 0.00033509911649924265 0.006239949524291348 -0.0013679868487836816 -0.0077310904696483024 0.0022106730224245954 0.0038956177468942345 0.0039745821388745836 -0.00039400907736665916 0.0069422367028053877 0.0051837438932921878 0.001066086436167842 -0.0059528339580004024 0.0088179181674331291 -0.00065799653404398969 -0.0010542219412196805 -0.0011691992986302645 -0.0067144431538422701 -0.0026325980210372868 0.0018268467276661125 -0.0090072492096312361 -0.00178450194938835 -0.0018491346027169075
leaf_weight=8070.240064188838 3880.3982913196087 8803.8845682740211 237.75675794482231 370.81506717205048 142.14743463695049 916.35655337572098 227.12613990902901 1104.9124667048454 395.40041068196297 368.5320063829422 1376.7365758270025 154.98730386793613 625.00142830610275 147.9553456902504 331.55293017625809 28579.606306195259 286.42020201683044 136.60742896795273 314.72830048203468 243.69013330340385 124.82471242547035 384.7543183863163 2096.7364614605904 302.19696113467216 339.50098860263824 135.15542495250702 386.4029378592968 167.48813888430595 210.45996230840683 252.39195090532303
leaf_count=3428 1112 2302 106 206 165 302 88 812 217 142 822 143 429 140 183 14260 112 92 154 138 108 369 1646 256 301 104 213 116 115 199
internal_value=-3.90212e-05 -0.000128198 -0.000260029 0.000377551 0.000100841 -0.00220975 -0.000426002 -0.0004563 0.00233619 0.00384468 -0.000503365 -0.00132935 -0.00113578 -0.000506777 -0.000368263 -0.000279001 0.00129664 0.000256543 0.00386581 -0.00205749 -0.0010069 0.00166319 -0.0014783 -0.00176864 -0.004103 -0.00661813 -0.00081228 -0.00214192 -0.00498527 0.000620647
internal_weight=61114.8 57234.4 48430.5 10003.2 9263.9 1193.66 38427.2 38200.1 633.157 739.347 37567 5280.87 5125.88 4020.97 32286.1 30665.7 2086.05 1484.9 601.149 1620.43 3395.97 509.579 2886.39 2738.43 641.698 277.303 1153.35 766.947 377.948 388.999
internal_count=28780 27668 25366 4347 3999 571 21019 20931 323 348 20608 4204 4061 3249 16404 15444 1184 918 266 960 2820 477 2343 2203 557 269 735 522 231 291
is_linear=0
shrinkage=0.05


Tree=211
num_leaves=31
num_cat=0
split_feature=3 4 0 2 0 4 6 0 6 4 2 4 0 5 1 6 0 2 6 0 4 4 0 2 6 4 1 0 6 4
split_gain=2.94251 3.89265 2.95688 2.46325 1.91222 1.91076 1.92838 2.80062 2.66255 1.90802 2.25702 1.93021 4.85532 1.79945 1.67318 1.64331 2.69883 2.41724 2.30676 1.67957 1.58859 1.56889 1.50324 1.46269 3.56744 2.73559 1.73253 2.77343 2.67254 2.30274
threshold=1.0000000180025095e-35 798.50000000000011 70.500000000000014 4583.5000000000009 18.500000000000004 563.50000000000011 60.500000000000007 52.500000000000007 50.500000000000007 784.50000000000011 13411.500000000002 772.50000000000011 52.500000000000007 1.5000000000000002 11.500000000000002 75.500000000000014 45.500000000000007 12941.500000000002 84.500000000000014 78.500000000000014 718.50000000000011 777.50000000000011 47.500000000000007 17256.500000000004 105.50000000000001 656.50000000000011 1.5000000000000002 49.500000000000007 139.50000000000003 682.50000000000011
decision_type=2 2 2 2 2 2 2 2 2 2 2 2 2 2 2 2 2 2 2 2 2 2 2 2 2 2 2 2 2 2
left_child=1 3 13 -1 -2 22 7 8 -7 11 14 -5 21 -3 -11 16 -8 -18 20 23 -17 -13 -6 26 -25 -26 27 29 -29 -20
right_child=4 2 -4 9 5 6 15 -9 -10 10 -12 12 -14 -15 -16 18 17 -19 19 -21 -22 -23 -24 24 25 -27 -28 28 -30 -31
leaf_value=-0.0026210629724965589 0.0040730557139684129 -0.008330865932866886 0.003046257996497239 -6.3167581787965338e-05 0.00042193971485538574 -0.001269997210288084 0.0053160119492366639 0.0012572183138145599 -0.0078669618416179667 -0.0031447767180289091 0.0052991942550746768 -0.0090789439400638626 0.0019291409652176254 -0.0029254090056407014 0.0029967973545088934 -0.00081307514597936696 0.0035558675678661177 -0.0026153546546397437 0.0035092581020447103 0.0039204195245588257 -0.0052783509215968347 -0.0031824776378395997 0.0038357398825171994 0.005993580045892526 -0.0025374639393889991 0.0020781739433091318 0.00037389143279796685 -0.0082726156395246369 -0.00049432600809414299 -0.0033529476347491614
leaf_weight=965.85936070978642 370.21248415112495 181.83582291007042 184.74989520013332 36721.570537418127 586.1106470823288 392.62680086493492 446.1727112531662 463.84174077212811 250.55559414625168 219.05059058964252 358.46505828201771 212.69407577812672 343.81718796491623 1004.3893545866013 224.60957109928131 793.21490876376629 295.92956517636776 342.12796364724636 298.1806747764349 346.09075072407722 265.97221821546555 240.22040162980556 716.90201988816261 386.07727420330048 473.26817071437836 997.86530485749245 12801.967833548784 241.59477432072163 203.41123171150684 207.2049820125103
leaf_count=638 138 181 137 18800 148 168 189 199 109 169 193 144 223 648 123 286 139 119 135 106 125 154 195 116 116 298 4541 135 96 121
internal_value=2.9116e-05 -0.000218656 -0.00283762 -0.000127262 0.000511589 0.000447301 0.000321595 -0.0017042 -0.00383988 -6.44057e-05 0.00234854 -0.000115993 -0.00255075 -0.00375401 -3.55133e-05 0.000445502 0.00233286 0.000246844 0.000325235 0.000475233 -0.00193435 -0.00595153 0.00230017 0.000398848 0.00171592 0.000593309 0.000220982 -0.00183874 -0.00471718 0.000695796
internal_weight=61536.6 40657.3 1370.98 39286.3 20879.3 20509.1 19206.1 1107.02 643.182 38320.4 802.125 37518.3 796.732 1186.23 443.66 18099.1 1084.23 638.058 17014.8 15955.7 1059.19 452.914 1303.01 15609.6 1857.21 1471.13 13752.4 950.392 445.006 505.386
internal_count=28889 21410 966 20444 7479 7341 6998 476 277 19806 485 19321 521 829 292 6522 447 258 6075 5664 411 298 343 5558 530 414 5028 487 231 256
is_linear=0
shrinkage=0.05


Tree=212
num_leaves=31
num_cat=0
split_feature=4 4 7 7 2 2 6 6 4 5 2 1 0 0 2 6 1 2 6 2 4 6 7 0 6 5 6 4 6 1
split_gain=2.34226 2.08244 5.0784 2.06567 2.19817 2.66767 1.98767 1.94119 3.12752 2.46484 2.00643 3.18755 1.69611 1.59127 1.51047 2.8484 1.8244 3.17876 2.31432 1.84609 3.38605 2.39759 2.06378 2.64837 3.14536 2.46139 3.02311 1.64034 2.03354 1.63124
threshold=819.50000000000011 842.50000000000011 9.5000000000000018 1.5000000000000002 6247.5000000000009 11186.500000000002 169.50000000000003 130.50000000000003 705.50000000000011 3.5000000000000004 14001.500000000002 9.5000000000000018 71.500000000000014 26.500000000000004 7805.5000000000009 59.500000000000007 17.500000000000004 6661.5000000000009 123.50000000000001 6847.5000000000009 753.50000000000011 71.500000000000014 6.5000000000000009 36.500000000000007 107.50000000000001 1.5000000000000002 158.50000000000003 639.50000000000011 129.50000000000003 10.500000000000002
decision_type=2 2 2 2 2 2 2 2 2 2 2 2 2 2 2 2 2 2 2 2 2 2 2 2 2 2 2 2 2 2
left_child=3 -2 -3 4 -1 6 12 8 10 -9 11 -7 13 -6 15 29 19 18 -18 21 -21 -17 -23 24 -24 -25 27 -27 -29 -5
right_child=1 2 -4 14 5 7 -8 9 -10 -11 -12 -13 -14 -15 -16 16 17 -19 -20 20 -22 22 23 25 -26 26 -28 28 -30 -31
leaf_value=0.007004786126315353 -0.0041836556048506354 -0.0042161212926952038 0.0064278399384762571 -0.0015440121779573351 -0.0007103116904163745 -0.0051153867562901082 0.0042812350016952 -0.0022988523713222356 -0.011923385040688848 0.008601669466560536 -0.0047001497174547699 0.014465948910185489 0.0019285159572897991 -0.012035847531965817 9.5305830449041276e-05 0.0055685316125128753 -0.0045754740098778758 0.0055253433868227442 0.0021751710893067183 -0.0026737125761266915 0.0041902720275436445 -0.0022944545996592515 -0.001890511369199064 -0.0049936981578980839 0.0044508038250234789 -0.0017245456259493638 -0.004273933105515838 0.00070574596826355964 0.0059563776195423251 -0.0076058050658818141
leaf_weight=56.543227329850197 646.62658570706844 269.24568428099155 191.95635735988617 223.31730717420578 37.315051823854446 38.04426409304142 34.351865917444229 113.18035037815571 81.358263924717903 95.719729214906693 109.29442079365253 45.807104647159576 33.635076105594635 183.68821085989475 52277.73024970293 177.64445322751999 222.18062555789948 336.0280524790287 296.24761962890625 1778.3352398872375 199.86535158753395 1020.6431474387646 281.18354058265686 289.88332009315491 642.07498836517334 344.08554363250732 321.08457291126251 583.51257252693176 269.60619449615479 220.62930190563202
leaf_count=167 400 222 72 146 105 118 92 334 258 214 295 121 99 565 21970 110 114 137 122 890 132 941 116 176 232 123 109 239 103 118
internal_value=-7.46292e-05 -0.00235286 0.000213989 -3.27826e-05 -0.00251154 -0.00320818 -0.00700859 -0.000936213 -0.00370025 0.00269586 -0.000236443 0.00558169 -0.00853164 -0.0101236 1.76008e-06 -0.000676861 -0.00042216 0.00173734 -0.000717925 -0.000734486 -0.00198022 -0.000107392 -0.000376122 0.000340694 0.00251952 -0.000771822 3.42509e-05 0.00118969 0.00236507 -0.00455656
internal_weight=61420.8 1107.83 461.202 60313 828.938 772.394 288.99 483.404 274.504 208.9 193.146 83.8514 254.638 221.003 59484.1 7206.32 6762.38 854.456 518.428 5907.92 1978.2 3929.72 3752.07 2731.43 923.259 1808.17 1518.29 1197.2 853.119 443.947
internal_count=28840 694 294 28146 2368 2201 861 1340 792 548 534 239 769 670 25778 3808 3544 373 236 3171 1022 2149 2039 1098 348 750 574 465 342 264
is_linear=0
shrinkage=0.05


Tree=213
num_leaves=31
num_cat=0
split_feature=3 5 0 4 2 2 2 4 6 6 4 0 4 4 0 1 1 0 4 2 4 6 3 2 2 4 0 4 2 4
split_gain=2.37049 2.12923 3.18837 2.27933 2.34483 2.19778 1.78478 1.61481 1.55556 2.30981 3.27525 2.51832 2.23856 2.17456 2.13573 2.1206 1.66629 1.69384 1.52734 2.45943 1.38473 3.18547 1.97156 2.0329 1.41205 3.16069 3.01098 2.27342 1.90893 3.29612
threshold=2.5000000000000004 4.5000000000000009 77.500000000000014 710.50000000000011 9391.5000000000018 13780.500000000002 2182.5000000000005 752.50000000000011 70.500000000000014 50.500000000000007 687.50000000000011 29.500000000000004 748.50000000000011 604.50000000000011 71.500000000000014 16.500000000000004 13.500000000000002 53.500000000000007 646.50000000000011 11301.500000000002 807.50000000000011 90.500000000000014 1.0000000180025095e-35 14185.500000000002 14320.500000000002 789.50000000000011 27.500000000000004 774.50000000000011 14089.500000000002 647.50000000000011
decision_type=2 2 2 2 2 2 2 2 2 2 2 2 2 2 2 2 2 2 2 2 2 2 2 2 2 2 2 2 2 2
left_child=1 2 6 4 -4 -6 -1 -5 9 10 15 -11 -12 -13 16 18 -15 -18 19 -8 24 -22 23 -23 28 26 -26 -28 -10 -30
right_child=-2 -3 3 7 5 -7 8 -9 20 11 12 13 -14 14 -16 -17 17 -19 -20 -21 21 22 -24 -25 25 -27 27 -29 29 -31
leaf_value=-0.004399219453576588 0.003554214995830759 0.00042405960783807139 0.0075203996799532921 -0.0032098226314087202 -0.00050969457068492758 0.0043993664713128265 -0.004710445514893899 0.0027264930862501337 -0.00028385852284759839 0.00081369914958392844 -0.0049519211816561248 0.00079609422884748037 0.0018420422022461603 -0.0058947858391724169 0.0010349004197661384 0.0065809505639315832 -0.004565737030615886 0.0014517772246030259 0.0040586381391816539 0.0022428464002055915 0.0043093523097999121 -0.0027757045141315571 0.00010757276112623415 -0.0090738964474820424 -0.0016097500046279882 0.0060916557534568625 0.00067257995641289471 -0.0043398529390296639 -0.0071991844889754937 -0.0002993526271502913
leaf_weight=266.76396441459656 458.01289600133896 16716.610708773136 241.11532673239708 300.65530073642731 450.25466123223305 461.87588107585907 221.18593797087669 185.07928483188152 24733.751943826675 530.35989916324615 379.82941719889641 300.48359091579914 178.0940061211586 855.58201231062412 195.25083775818348 202.16352877020836 303.50094889104366 190.25120463967323 247.50844392180443 299.20089420676231 166.44578337669373 367.28762744367123 288.72947147488594 196.75832740962505 1938.0249590724707 231.2350272834301 9346.3825398236513 231.82704992592335 275.09800246357918 466.77704221010208
leaf_count=181 99 5725 128 163 219 152 118 113 13376 320 268 152 133 597 127 75 168 102 161 143 108 298 154 141 851 125 4089 131 122 262
internal_value=-2.93827e-05 -5.63925e-05 -0.000238714 0.00192517 0.00313528 0.00197611 -0.000322335 -0.00094791 -0.00029653 -0.00124732 0.000269194 -0.00222282 -0.00278323 -0.00309566 -0.00385276 0.00202478 -0.00456001 -0.00224709 0.000825275 -0.00071259 -0.000199482 -0.00201773 -0.00325266 -0.00497273 -0.000149696 0.000303807 0.000187592 0.000551261 -0.000358817 -0.00285791
internal_weight=61226.1 60768.1 44051.5 1638.98 1153.25 912.131 42412.5 485.735 42145.7 3903.41 1527.98 2375.43 557.923 1845.07 1544.59 970.059 1349.33 493.752 767.895 520.387 38242.3 1019.22 852.775 564.046 37223.1 11747.5 11516.2 9578.21 25475.6 741.875
internal_count=28801 28702 22977 775 499 371 22202 276 22021 2364 898 1466 401 1146 994 497 867 270 422 261 19657 701 593 439 18956 5196 5071 4220 13760 384
is_linear=0
shrinkage=0.05


Tree=214
num_leaves=31
num_cat=0
split_feature=7 2 7 3 0 4 2 4 4 4 1 2 2 0 5 4 4 2 0 0 4 4 1 2 2 0 4 4 0 0
split_gain=3.10475 2.2932 2.12835 2.5843 2.08749 2.64262 3.81722 2.7242 2.33812 2.1047 2.03113 1.92473 1.84888 2.9483 2.16235 2.36161 4.71046 2.64438 2.33932 2.082 2.24832 2.09676 1.88466 2.86265 1.88865 1.69638 1.56265 4.65753 1.50519 1.50023
threshold=1.5000000000000002 5308.5000000000009 11.500000000000002 2.5000000000000004 77.500000000000014 623.50000000000011 13956.500000000002 652.50000000000011 703.50000000000011 819.50000000000011 8.5000000000000018 18410.500000000004 5171.5000000000009 27.500000000000004 4.5000000000000009 650.50000000000011 679.50000000000011 9296.5000000000018 61.500000000000007 46.500000000000007 709.50000000000011 702.50000000000011 9.5000000000000018 10871.500000000002 12239.500000000002 22.500000000000004 670.50000000000011 689.50000000000011 53.500000000000007 56.500000000000007
decision_type=2 2 2 2 2 2 2 2 2 2 2 2 2 2 2 2 2 2 2 2 2 2 2 2 2 2 2 2 2 2
left_child=1 -1 3 4 9 -6 7 -7 -9 12 -11 -3 13 -2 25 22 17 -17 -19 21 29 -15 23 -16 -25 26 -14 -28 -12 -21
right_child=2 11 -4 -5 5 6 -8 8 -10 10 28 -13 14 19 15 16 -18 18 -20 20 -22 -23 -24 24 -26 -27 27 -29 -30 -31
leaf_value=0.0091432560129430431 -0.0062548909988285389 -0.0041943694744785275 0.00067515820126835412 0.0036772148614088404 0.0046499805335008838 -0.0064998243006186181 0.003929585448997408 0.0035361455258604681 -0.0025078768817677929 -0.0057317131178178252 -0.003221274897088019 0.0066976741513960344 0.0019778799683515982 0.0038304703960182328 0.005237828508323542 0.0018694828608849029 0.00065020949082516503 -0.0038302456742341073 0.00032547178483949453 -0.007962107792172806 0.0012961963668616553 -0.0025273448452860043 0.00044237234515389376 -0.0021556644362129809 0.0021544348937440456 -0.00045389513707429923 -0.0057009808603249775 0.0012203221762418634 0.002137219723493611 -0.0024254899133587357
leaf_weight=36.79444295167923 306.87440356612206 768.11631219089031 9357.2003772258759 438.49679017066956 483.39092770218849 215.50030028820038 479.85227900743484 271.45737847685814 389.76070177555084 335.12148335576057 284.61693626642227 42.820522353053093 1441.7797850966454 355.9000036418438 625.26828306913376 355.82192826271057 5512.2800473570824 1414.3517453074455 445.24416917562485 183.78912022709846 269.85169127583504 204.01830616593361 2945.9903405308723 326.37074661254883 1148.8417022228241 30891.838689446449 316.28555282950401 1049.9206608235836 242.89409762620926 366.0097422003746
leaf_count=104 173 2222 2385 93 166 89 187 137 215 249 168 110 638 195 250 134 2115 444 132 118 176 131 739 114 374 15953 155 585 136 211
internal_value=-6.0322e-05 -0.00306529 -1.83263e-05 -0.000144815 -0.000177765 0.00147563 0.000344506 -0.00161771 -2.65556e-05 -0.000239822 -0.00268774 -0.00361923 -0.000195975 -0.00182227 -0.000136961 0.000416996 -0.000132389 -0.00207961 -0.00283524 -0.000836262 -0.00244168 0.00151386 0.00125827 0.0024026 0.00120088 -0.000346942 0.000829695 -0.000382004 -0.000753939 -0.00427629
internal_weight=61506.5 847.731 60658.7 51301.5 50863 1839.96 1356.57 876.718 661.218 49023.1 862.633 810.937 48160.4 1686.44 46474 12774.2 7727.7 2215.42 1859.6 1379.57 819.651 559.918 5046.47 2100.48 1475.21 33699.8 2807.99 1366.21 527.511 549.799
internal_count=28898 2436 26462 24077 23984 794 628 441 352 23190 553 2332 22637 1004 21633 4302 2825 710 576 831 505 326 1477 738 488 17331 1378 740 304 329
is_linear=0
shrinkage=0.05


Tree=215
num_leaves=31
num_cat=0
split_feature=7 2 5 7 0 6 0 0 7 5 1 2 3 2 2 1 6 2 6 5 6 1 1 0 7 6 6 0 6 0
split_gain=3.15037 2.92473 2.6753 2.31704 2.14116 1.83387 1.55756 2.77222 2.54424 2.2597 2.1308 1.80962 2.15973 2.56394 4.88275 2.02512 1.8576 1.62865 2.38457 1.82042 1.56734 2.34997 1.55924 1.98403 2.20007 1.81667 1.73542 1.61711 1.93153 1.73493
threshold=10.500000000000002 18269.000000000004 4.5000000000000009 1.5000000000000002 47.500000000000007 68.500000000000014 30.500000000000004 31.500000000000004 8.5000000000000018 1.5000000000000002 13.500000000000002 9930.5000000000018 1.5000000000000002 12894.500000000002 12570.500000000002 15.500000000000002 119.50000000000001 8325.5000000000018 117.50000000000001 2.5000000000000004 76.500000000000014 9.5000000000000018 2.5000000000000004 71.500000000000014 8.5000000000000018 133.50000000000003 204.50000000000003 34.500000000000007 102.50000000000001 46.500000000000007
decision_type=2 2 2 2 2 2 2 2 2 2 2 2 2 2 2 2 2 2 2 2 2 2 2 2 2 2 2 2 2 2
left_child=1 3 -3 -1 -4 -2 8 10 11 -9 -8 -5 13 14 -13 20 -17 -10 -19 -20 -15 -22 23 27 25 -25 -24 -11 29 -29
right_child=5 2 4 6 -6 -7 7 9 17 22 -12 12 -14 15 -16 16 -18 18 19 -21 21 -23 26 24 -26 -27 -28 28 -30 -31
leaf_value=-0.0029642189226424653 -0.0011870604940040445 0.00033173365574343662 0.005892926286237575 -0.0017150728773693805 0.0010829825823046643 0.0007304644627265525 -0.0055345440061300892 -0.0014116250292528592 0.0041215525766340935 0.002656284393862716 0.00073070329551851176 0.00048333379302381986 0.0047006327866313509 0.0017548877420412844 0.009157795366216857 -0.0016766047678821996 0.0045923968997090047 0.0027396397638792848 0.0024768532554932158 -0.0015943797993729907 -0.0046269760854476495 -0.00046321687288331008 -0.00010486570482995614 -0.004189932663572868 0.0060937055783819652 0.0031992769817360336 0.0028245661388094732 -0.00063382339444581536 -0.0012463328610803342 -0.0060713918357012085
leaf_weight=807.22445207834244 1347.1670842766762 2241.5644313395023 470.34405046701431 1583.4427410066128 455.38311052322388 16750.959640264511 453.4919111430645 4321.5285257995129 504.30354368686676 183.73290872573853 193.66221013665199 1376.7847387492657 259.05947935581207 233.22164970636368 183.89351350069046 220.27706208825111 254.91421902179718 1084.5552272796631 386.36029481887817 949.00403892993927 725.16534838080406 636.13105514645576 22651.712962776423 181.69192343950272 176.24438560009003 153.41504240036011 517.10737070441246 210.78350400924683 1560.4505580961704 482.4640725851059
leaf_count=2343 425 1098 135 1059 149 4412 260 3245 187 113 93 858 89 145 112 105 109 371 155 247 495 324 10521 144 71 95 194 147 956 321
internal_value=3.34449e-05 -0.000197388 0.00126559 -0.000312394 0.00352682 0.00058773 -0.000258179 -0.000421396 0.000346054 -0.000352548 -0.00365966 -0.000290127 0.000289987 -2.47511e-05 0.00150544 -0.0011786 0.00168637 0.00153671 0.00099804 -0.000416452 -0.00203241 -0.00268126 -0.000177309 -0.00126022 0.00157137 -0.000807085 -3.94834e-05 -0.00185426 -0.00222198 -0.00441809
internal_weight=61556 43457.9 3167.29 40290.6 925.727 18098.1 39483.4 31086.3 8397.11 30439.1 647.154 5472.89 3889.45 3630.39 1560.68 2069.71 475.191 2924.22 2419.92 1335.36 1594.52 1361.3 26117.6 2948.78 511.351 335.107 23168.8 2437.43 2253.7 693.248
internal_count=28978 24141 1382 22759 284 4837 20416 16160 4256 15807 353 3296 2237 2148 970 1178 214 960 773 402 964 819 12562 1847 310 239 10715 1537 1424 468
is_linear=0
shrinkage=0.05


Tree=216
num_leaves=31
num_cat=0
split_feature=5 2 2 0 2 7 3 0 7 2 2 5 5 6 0 0 1 1 0 6 0 1 2 0 5 6 3 6 7 0
split_gain=2.20603 2.32925 2.04431 2.01622 2.48662 1.63985 1.63489 2.78401 2.2987 2.27857 1.69865 2.58783 2.5411 2.07616 1.73258 2.2161 1.62035 1.69695 2.21248 1.86311 1.86143 1.52395 1.74799 1.49132 1.9496 1.4196 2.12553 1.71956 1.53662 1.45532
threshold=1.5000000000000002 4042.0000000000005 21148.500000000004 32.500000000000007 7272.5000000000009 3.5000000000000004 1.0000000180025095e-35 18.500000000000004 2.5000000000000004 5308.5000000000009 14863.500000000002 3.5000000000000004 2.5000000000000004 100.50000000000001 26.500000000000004 54.500000000000007 1.5000000000000002 10.500000000000002 42.500000000000007 133.50000000000003 57.500000000000007 8.5000000000000018 10871.500000000002 39.500000000000007 2.5000000000000004 156.50000000000003 1.0000000180025095e-35 186.50000000000003 8.5000000000000018 64.500000000000014
decision_type=2 2 2 2 2 2 2 2 2 2 2 2 2 2 2 2 2 2 2 2 2 2 2 2 2 2 2 2 2 2
left_child=1 -1 6 4 -3 16 8 -8 9 -2 11 21 -12 -14 -13 -16 -5 19 -19 20 -18 22 -11 -23 -25 29 27 28 -27 -7
right_child=2 3 -4 5 -6 25 7 -9 -10 10 12 14 13 -15 15 -17 17 18 -20 -21 -22 23 -24 24 -26 26 -28 -29 -30 -31
leaf_value=-0.0065073329643812131 0.008158715594477577 0.0063725210734764783 0.0024725159162718806 0.0045829107545057937 0.00015816501343403753 -0.0018592500779425524 0.0051587093180780856 0.00034089112571756772 -8.3765014192627713e-05 -0.0048738023861869765 0.0091223982887542378 0.0054121391955199898 -0.0089605852086254347 0.00082897702549276963 -0.0057374230862624548 0.0011564537219173421 -0.0060151546431697666 -0.010510562816573935 0.00042236922421451308 -0.0020355572787230445 -0.017760532949889985 0.001299120233199476 -0.01492159486635879 -0.012268617862472162 -0.0017508554479082679 -0.0023943008556532568 0.0036957092714478891 -0.004941851814340311 0.0029749628492569003 3.1384296646367081e-05
leaf_weight=174.65406776964664 51.533920884132385 176.27196052670479 873.56938105821609 52.699263378977776 1854.9326420873404 3164.9957432746887 305.12230706214905 17365.803953379393 32852.43758559227 82.684125930070877 67.743367403745651 81.014756172895432 72.469795316457748 214.35607153177261 248.79736497998238 219.35125304758549 71.7546546459198 59.362919852137566 209.88740395009518 83.356336280703545 63.660636842250824 86.113242447376251 90.83870929479599 83.594417616724968 93.160664990544319 240.6957251727581 392.63838803768158 191.07562869787216 298.51575100421906 1500.3630564212799
leaf_count=151 109 117 263 123 1209 1870 103 5754 13987 231 149 141 145 358 451 395 170 114 377 179 146 191 230 190 200 169 165 110 134 828
internal_value=-4.67411e-05 -0.000792562 7.38432e-05 -0.000673174 0.000697459 -0.00111306 3.34809e-05 0.00042408 -0.000168079 -0.00215846 -0.0025552 -0.00362293 0.000412632 -0.00164447 -0.00133899 -0.00250729 -0.00374631 -0.00464575 -0.00198807 -0.00791665 -0.0115368 -0.00649709 -0.0101338 -0.00409645 -0.00672512 -0.00086707 0.000728976 -0.000866087 0.000578206 -0.00125123
internal_weight=61323.5 8534.86 52788.6 8360.21 2031.2 6329.01 51915 17670.9 34244.1 1391.66 1340.12 985.555 354.569 286.826 549.163 468.149 540.721 488.022 269.25 218.772 135.415 436.391 173.523 262.868 176.755 5788.28 1122.93 730.287 539.211 4665.36
internal_count=28759 5862 22897 5711 1326 4385 22634 5857 16777 2790 2681 2029 652 503 987 846 1109 986 491 495 316 1042 461 581 390 3276 578 413 303 2698
is_linear=0
shrinkage=0.05


Tree=217
num_leaves=31
num_cat=0
split_feature=7 5 7 4 0 3 1 1 4 1 6 1 4 1 6 4 7 7 6 4 4 4 4 4 0 0 4 6 0 6
split_gain=2.5939 2.09021 2.11934 3.51417 3.11766 2.16632 2.0104 1.4432 1.53575 1.41801 2.62716 2.11397 2.28857 2.20592 2.7195 3.06091 1.88487 1.8454 3.52096 1.50314 1.72752 1.43503 3.58634 3.04431 1.76831 3.61766 1.63138 1.62315 1.4217 1.31571
threshold=1.5000000000000002 4.5000000000000009 5.5000000000000009 737.50000000000011 76.500000000000014 1.5000000000000002 1.5000000000000002 10.500000000000002 773.50000000000011 15.500000000000002 134.50000000000003 14.500000000000002 650.50000000000011 12.500000000000002 104.50000000000001 680.50000000000011 4.5000000000000009 3.5000000000000004 97.500000000000014 609.50000000000011 602.50000000000011 693.50000000000011 688.50000000000011 724.50000000000011 46.500000000000007 55.500000000000007 682.50000000000011 124.50000000000001 42.500000000000007 69.500000000000014
decision_type=2 2 2 2 2 2 2 2 2 2 2 2 2 2 2 2 2 2 2 2 2 2 2 2 2 2 2 2 2 2
left_child=7 2 3 5 6 9 -5 8 -1 11 16 13 -13 19 -15 -16 17 18 -11 20 -2 22 26 24 27 -26 -21 -23 -25 -4
right_child=1 -3 29 4 -6 -7 -8 -9 -10 10 -12 12 -14 14 15 -17 -18 -19 -20 21 -22 23 -24 28 25 -27 -28 -29 -30 -31
leaf_value=-0.0057513071593901606 -0.0022342302534373352 0.00046328538502707822 -0.0010189419053781279 -0.01043219583171474 0.0056856134207725825 0.0031729812750205654 -0.0032042698693586268 -0.00068747168991168826 0.0044100099195407963 -0.0076786306676554575 0.0030401413161930861 -0.00093185509928364314 -0.0088689039525333743 0.0061910490352546201 -0.0033351853213841932 0.0054621924071572465 -0.0043446493323647754 0.0035039090360209284 0.0024691975422800991 -0.00011457458177134951 -0.0088276775790144951 0.0021886684367110288 0.0079101639617681681 -0.0018889864337792819 -0.015504621653521325 -0.0037050026831626742 -0.0056703432018286089 -0.0052292326233355328 0.0057811176488622423 6.430414440661717e-05
leaf_weight=395.74465899169445 705.90729176998138 16682.77775400877 3065.897056221962 104.18787041306496 93.397061735391617 391.04005497694016 1255.4916014075279 418.36162540316582 41.040689140558243 151.59788873791695 660.22216892242432 188.30492377281189 175.4346264898777 233.71781244874001 302.40885263681412 146.90610286593437 300.22530156373978 278.82509523630142 195.98173245787621 1662.9785377383232 115.61352860927582 155.4523024559021 134.39452460408211 108.97862392663956 85.794163763523102 267.46495839953423 143.53625953197479 140.30588981509209 135.57491326332092 32709.250697672367
leaf_count=1226 645 5265 1328 156 94 225 1361 1109 142 181 458 130 160 201 227 131 176 192 207 1711 124 187 154 124 107 308 152 161 156 12148
internal_value=-5.17399e-05 -1.31467e-05 -0.000194163 -0.00092268 -0.00315112 -0.000437983 -0.00375812 -0.00278627 -0.00479654 -0.000662485 0.000629943 -0.00109859 -0.00475996 -0.000791656 0.0018166 -0.000458832 -0.00108732 0.000473865 -0.00195681 -0.00127894 -0.00316213 -0.000733136 3.02167e-05 -0.0023912 -0.00418267 -0.00657071 -0.000556007 -0.00133034 0.00236314 -2.8529e-05
internal_weight=61446.8 60591.7 43908.9 8133.74 1453.08 6680.67 1359.68 855.147 436.785 6289.63 1586.85 4702.77 363.74 4339.03 683.033 449.315 926.63 626.405 347.58 3656 821.521 2834.48 1940.91 893.571 649.017 353.259 1806.51 295.758 244.554 35775.1
internal_count=28946 26469 21204 7728 1611 6117 1517 2477 1368 5892 1214 4678 290 4388 559 358 756 580 388 3829 769 3060 2017 1043 763 415 1863 348 280 13476
is_linear=0
shrinkage=0.05


Tree=218
num_leaves=31
num_cat=0
split_feature=2 3 7 2 6 6 2 4 2 2 4 2 4 6 6 6 2 2 2 5 1 1 6 4 1 6 4 4 2 4
split_gain=2.43283 2.0061 2.03451 3.02552 2.53591 1.80382 2.15235 3.29058 3.19063 2.10698 1.92887 1.74901 1.58258 1.78106 2.55272 1.98095 1.67737 1.64363 3.35529 1.56229 1.44411 1.85568 1.43213 3.06562 1.39689 2.17214 2.43193 3.03342 3.93366 2.87009
threshold=3323.5000000000005 1.0000000180025095e-35 3.5000000000000004 20292.500000000004 109.50000000000001 104.50000000000001 10022.500000000002 730.50000000000011 11993.500000000002 12741.500000000002 690.50000000000011 4583.5000000000009 565.50000000000011 67.500000000000014 75.500000000000014 83.500000000000014 11427.500000000002 13822.500000000002 9093.5000000000018 3.5000000000000004 8.5000000000000018 6.5000000000000009 121.50000000000001 708.50000000000011 17.500000000000004 156.50000000000003 556.50000000000011 626.50000000000011 13064.500000000002 745.50000000000011
decision_type=2 2 2 2 2 2 2 2 2 2 2 2 2 2 2 2 2 2 2 2 2 2 2 2 2 2 2 2 2 2
left_child=-1 2 3 4 5 6 7 -2 10 -10 -8 -4 16 17 -15 -16 -3 18 -14 24 21 -6 23 -22 25 -13 -27 28 -28 -29
right_child=1 12 11 -5 20 -7 8 -9 9 -11 -12 19 13 14 15 -17 -18 -19 -20 -21 22 -23 -24 -25 -26 26 27 29 -30 -31
leaf_value=-0.0028115320661945471 -0.0017110078593084027 0.0042594987572070336 -0.0030758819801157363 0.0096867748733073401 -0.00087213860773194404 -0.0085542243736187931 -0.0055481216050042668 0.011647089775546847 0.0052783193581119889 -0.003557017070488866 -0.016096712637780706 -0.00078176973671688409 -0.0044444982557240399 0.0036171613232515391 -0.0018737586473657154 0.00049991434130008993 0.00069909730982258998 -0.0033953370572937635 0.00198604867617428 0.00032320718042759392 0.0086250575386670955 -0.0067284756719098856 -0.00019874021312223068 -0.004314855543734843 0.00086959464811008687 0.0059566447752036795 -0.0069464486189394839 0.0019653576267371089 0.0013408727343171549 -0.0024603027079013982
leaf_weight=747.12504985928535 231.41882628202438 543.16505128145218 468.89258247613907 60.841278582811356 607.3349379748106 150.53725504875183 103.72828751802444 57.571541666984558 79.714133307337761 439.53981354832649 74.434135988354683 12805.907408863306 294.33743405342102 627.4953366369009 930.06006874144077 15999.333867505193 846.11772659420967 578.52204908430576 652.61216090619564 18292.436348617077 138.99549062550068 174.02555850148201 1010.9406915903091 68.244713187217712 2132.3903197050095 204.63907074928284 296.37389504909515 1901.500923037529 277.03331309556961 453.75372326374054
leaf_count=458 434 149 256 91 1099 252 171 129 133 740 149 6993 150 249 361 5677 224 228 285 6138 200 305 1441 121 913 71 138 918 106 273
internal_value=2.41925e-05 5.92102e-05 -0.000146684 -0.00135653 -0.00157075 -0.00345618 -0.00267816 0.000950141 -0.00418163 -0.00220065 -0.0099552 -4.16618e-05 0.000461816 0.000343197 0.000485584 0.00036951 0.0020911 -0.00129556 -1.27385e-05 -2.53735e-06 -0.000498686 -0.00217647 0.00057747 0.00436391 -0.000332263 -0.00049305 0.000686956 0.000318739 -0.00294255 0.00111273
internal_weight=61249 60501.9 40030.3 3197.33 3136.49 1136.94 986.407 288.99 697.416 519.254 178.162 36832.9 20471.6 19082.4 17556.9 16929.4 1389.28 1525.47 946.95 36364 1999.54 781.36 1218.18 207.24 18071.6 15939.2 3133.3 2928.66 573.407 2355.25
internal_count=28852 28394 21071 5265 5174 2008 1756 563 1193 873 320 15806 7323 6950 6287 6038 373 663 435 15550 3166 1404 1762 321 9412 8499 1506 1435 244 1191
is_linear=0
shrinkage=0.05


Tree=219
num_leaves=31
num_cat=0
split_feature=1 4 0 2 0 1 0 4 4 6 5 4 4 1 6 3 3 2 6 2 1 4 0 0 2 6 6 4 6 4
split_gain=2.05907 1.95896 2.59558 4.41751 2.86716 2.86349 2.80991 2.55216 3.76856 3.53888 2.96234 2.14183 1.96388 2.22472 1.9389 1.91905 1.90049 1.80943 2.55808 1.78205 1.71547 4.07919 1.69299 1.6353 1.65348 1.40847 2.52944 1.40179 1.33405 3.21949
threshold=3.5000000000000004 571.50000000000011 71.500000000000014 13064.500000000002 73.500000000000014 1.0000000180025095e-35 67.500000000000014 733.50000000000011 612.50000000000011 94.500000000000014 3.5000000000000004 774.50000000000011 635.50000000000011 1.5000000000000002 204.50000000000003 2.5000000000000004 1.0000000180025095e-35 12362.500000000002 111.50000000000001 6745.5000000000009 1.0000000180025095e-35 635.50000000000011 52.500000000000007 52.500000000000007 10163.500000000002 152.50000000000003 122.50000000000001 695.50000000000011 70.500000000000014 780.50000000000011
decision_type=2 2 2 2 2 2 2 2 2 2 2 2 2 2 2 2 2 2 2 2 2 2 2 2 2 2 2 2 2 2
left_child=1 25 3 7 -4 -6 20 8 22 -10 17 -9 -12 -14 15 28 -7 18 -11 -20 21 -5 -3 24 -21 26 -1 -15 29 -2
right_child=14 2 4 6 5 16 -8 11 9 10 12 -13 13 27 -16 -17 -18 -19 19 23 -22 -23 -24 -25 -26 -27 -28 -29 -30 -31
leaf_value=0.003059592731994556 -0.0004344249429969044 -0.0073329695918518322 0.0056186753945428013 0.0051595654682098958 0.0047088767850493006 -0.0037670787877988679 -0.0054270578763707224 -0.0067526970206764391 -0.0042741912782423936 0.0041194963778597186 0.0064440703715973532 -0.001788328016828559 0.003422249653089605 -0.0040926334810519422 0.0022364284271089371 0.0035629376271946 0.0021019896003312273 -0.0070366521835204636 -0.0070841755400334085 -0.0060024526301003245 0.0013175695180813805 -0.0036014308693737202 -0.0015017608481777914 0.0020757076903977763 -3.4892804045874102e-05 0.0050136003860507487 -0.0040273946473311983 0.0016042639074100671 0.00014473099392177695 -0.0063654034409664512
leaf_weight=328.08801281452179 4519.3983226269484 374.36496263742447 290.66005204617977 175.0651792883873 225.13264353573322 424.9321428835392 206.16211093962193 511.71217605471611 617.85231371223927 198.62680374085903 195.05434608459473 377.58880725502968 437.14470165967941 248.35277318954468 1073.3144485354424 394.47449994087219 204.2236817330122 140.50774851441383 152.15476706624031 223.08608935773373 2172.3470762968063 551.16314871609211 186.47515501081944 256.45816361904144 241.99039630591869 231.21104073524475 204.30855071544647 191.04524192214012 45811.651123926044 241.01133622229099
leaf_count=173 2312 205 170 88 139 280 127 389 450 167 87 303 213 140 391 79 98 102 114 168 1230 339 112 187 161 85 98 93 20191 170
internal_value=1.05059e-05 -0.000671989 -0.000887438 -0.00122776 0.00132912 -0.000130348 0.000213109 -0.00225559 -0.00164204 -0.000916976 -8.97195e-06 -0.00464487 0.00190653 0.000896806 0.000133336 8.90463e-05 -0.00186198 -0.00170142 -0.00100234 -0.00216675 0.000614268 -0.0014895 -0.00539414 -0.00112978 -0.00289739 0.00175507 0.000339943 -0.00161569 6.19491e-05 -0.0007347
internal_weight=61405.6 9365.71 8602.1 7457.15 1144.95 854.288 3104.74 4352.41 3463.11 2902.27 2284.42 889.301 1071.6 876.543 52039.8 50966.5 629.156 1212.82 1072.32 873.689 2898.58 726.228 560.84 721.535 465.076 763.608 532.397 439.398 50572.1 4760.41
internal_count=28861 5718 5362 4675 687 517 1784 2891 2199 1882 1432 692 533 446 23143 22752 378 899 797 630 1657 427 317 516 329 356 271 233 22673 2482
is_linear=0
shrinkage=0.05


Tree=220
num_leaves=31
num_cat=0
split_feature=5 7 1 4 2 2 4 4 4 2 0 0 1 7 5 0 4 4 1 2 4 4 1 2 4 4 0 7 2 0
split_gain=2.41706 2.05944 3.6198 2.20081 2.15538 2.77527 2.57089 2.33731 2.09348 2.01901 3.08681 1.97382 1.93964 3.23656 2.24282 1.89047 3.77724 2.82869 2.8586 2.70869 2.41525 2.72932 2.30057 2.06527 2.58277 2.60894 2.94481 2.06473 1.96559 1.79383
threshold=4.5000000000000009 5.5000000000000009 10.500000000000002 665.50000000000011 16448.500000000004 16909.500000000004 591.50000000000011 665.50000000000011 652.50000000000011 18562.500000000004 43.500000000000007 59.500000000000007 12.500000000000002 4.5000000000000009 2.5000000000000004 46.500000000000007 596.50000000000011 635.50000000000011 4.5000000000000009 6847.5000000000009 595.50000000000011 615.50000000000011 5.5000000000000009 18727.000000000004 658.50000000000011 727.50000000000011 27.500000000000004 4.5000000000000009 11154.500000000002 51.500000000000007
decision_type=2 2 2 2 2 2 2 2 2 2 2 2 2 2 2 2 2 2 2 2 2 2 2 2 2 2 2 2 2 2
left_child=1 2 15 8 -3 7 -7 -6 12 -2 -11 -10 13 14 -4 16 -1 18 -18 22 -21 -22 -17 24 28 26 -26 -28 -19 -23
right_child=9 4 3 -5 5 6 -8 -9 11 10 -12 -13 -14 -15 -16 19 17 23 -20 20 21 29 -24 -25 25 -27 27 -29 -30 -31
leaf_value=-0.0062564042490856524 0.00035526173736654022 -0.0001995015375186955 -0.00072929546517705923 -0.00095850307376193654 0.0055875389453375873 0.0033535326625793805 -0.0001056879350656629 0.00074170224926685619 0.0021069410451753619 0.0052817452006971612 0.00010913793614246298 0.009936009690755955 0.0013534829864352265 0.0039758188970227103 -0.010689281498461252 -0.013530974254955877 -0.0012049522268651055 -0.0015718216549320957 0.0078747805228551338 0.0019131716862470297 -0.010426612471316713 -0.0068543967346776386 -0.0026745604136140977 0.006965368115617921 -0.0034293532613480062 -0.0037176783913803755 0.0059685119042918178 -0.0011452448313612992 -0.011708512534185853 -0.0019203039238192355
leaf_weight=274.59420534968376 15775.559386223555 29929.235639512539 101.6598793566227 2360.6284400671721 517.80587935447693 619.17202639579773 4052.8115710020065 479.05891746282578 241.31089153885841 539.66970273852348 619.52643471956253 120.81020504236221 1449.4276813864708 116.29891365766525 127.29859083890915 106.21075429022312 150.26892051100731 92.443521499633789 204.86761994659901 280.45312552154064 118.03381159901619 211.40627697110176 90.27427938580513 77.057029545307159 217.29061439633369 400.25413878262043 310.08731473982334 152.00122040510178 99.079682230949402 1431.7541326284409
leaf_count=280 5462 11680 140 2511 147 153 1302 169 219 129 175 104 1195 67 130 162 172 115 225 294 142 296 135 85 286 584 466 126 122 1820
internal_value=-4.8717e-06 -0.000198976 -0.000887005 9.63862e-05 -3.01777e-05 0.000863784 0.000352758 0.0032588 0.00125096 0.000503253 0.00251727 0.00471886 0.000551232 -0.0028167 -0.00626695 -0.00194069 -0.000814433 6.28582e-05 0.00403287 -0.00293601 -0.0023964 -0.00308266 -0.00854304 -0.000982894 -0.00146471 -0.000515454 0.00137113 0.00362848 -0.00681578 -0.00255512
internal_weight=61266.4 44331.6 8733.51 4517.43 35598.1 5668.85 4671.98 996.865 2156.81 16934.8 1159.2 362.121 1794.69 345.257 228.958 4216.08 1977.94 1703.35 355.137 2238.13 2041.65 1761.19 196.485 1348.21 1271.16 1079.63 679.379 462.089 191.523 1643.16
internal_count=28893 23127 9676 4366 13451 1771 1455 316 1855 5766 304 323 1532 337 270 5310 2461 2181 397 2849 2552 2258 297 1784 1699 1462 878 592 237 2116
is_linear=0
shrinkage=0.05


Tree=221
num_leaves=31
num_cat=0
split_feature=1 3 0 0 4 0 6 1 6 6 6 2 2 4 2 3 0 0 6 1 2 5 2 1 1 2 0 6 2 5
split_gain=2.60742 1.81589 1.63183 1.9065 2.1081 1.9823 2.71816 1.90834 1.73464 1.61579 1.499 1.35578 1.93869 1.9341 1.32642 1.26717 2.94114 2.35703 2.302 3.33765 2.48676 2.13351 3.32701 3.21602 2.03647 2.01444 1.94972 1.7268 2.22426 1.7226
threshold=2.5000000000000004 2.5000000000000004 20.500000000000004 71.500000000000014 581.50000000000011 75.500000000000014 134.50000000000003 1.0000000180025095e-35 125.50000000000001 204.50000000000003 209.50000000000003 14046.500000000002 12448.500000000002 661.50000000000011 13189.500000000002 1.0000000180025095e-35 52.500000000000007 22.500000000000004 97.500000000000014 5.5000000000000009 10830.500000000002 3.5000000000000004 12486.500000000002 15.500000000000002 8.5000000000000018 15716.500000000002 54.500000000000007 124.50000000000001 14507.500000000002 2.5000000000000004
decision_type=2 2 2 2 2 2 2 2 2 2 2 2 2 2 2 2 2 2 2 2 2 2 2 2 2 2 2 2 2 2
left_child=2 9 8 4 -4 6 -5 11 -1 15 -11 12 -6 -13 -7 -2 17 27 19 -19 -20 25 -23 24 -24 -22 -18 28 -17 -28
right_child=1 -3 3 5 7 14 -8 -9 -10 10 -12 13 -14 -15 -16 16 26 18 20 -21 21 22 23 -25 -26 -27 29 -29 -30 -31
leaf_value=0.0056233737938233127 -0.00011766469914843221 0.0033005175189716341 0.0014139826525585075 6.5802612741333656e-05 -0.003049911461736849 0.00097924249668854073 0.0078373755515965191 -0.0010890117536731349 -0.0011523317357644356 0.0051706009396876446 0.00092874230123749218 0.002280371810082114 -0.0081224138871798714 -0.0037436084516447293 -0.0046056547255400862 -0.0020427416746415824 0.0040348420903115745 0.0031542187566841618 -0.0013210107471205706 -0.0025574820123987168 -0.0014702294231568578 0.0055255678520241356 -0.00037549270629033113 -0.0027930370653915754 0.004009905553716585 0.0019685135393366082 0.0020655266935976852 0.0036426216188913587 0.0034669348941042313 0.00039921667750164526
leaf_weight=192.10157769918442 34874.309335365891 446.14635464549065 586.81761215627193 267.12118384242058 844.8368211388588 253.79227982461452 194.38790801167488 3479.3225877434015 185.83487577736378 276.66790002584457 842.45646294951439 236.07840862870216 242.41551734507084 305.89514398574829 182.95447331666946 465.18723857402802 536.9991143643856 293.02998968958855 2231.1312004178762 2011.5138370394707 1372.0600578784943 482.62495818734169 445.73899391293526 449.26018735766411 651.89114281535149 617.58849930763245 2242.0697775483131 640.98316127061844 302.160714417696 5032.0110681056976
leaf_count=121 17902 89 281 173 588 159 94 2182 104 106 313 120 164 193 101 180 186 145 833 727 557 126 131 85 151 207 1034 217 76 1501
internal_value=6.7298e-06 0.000123777 -0.000903481 -0.00108662 -0.00142427 0.00105423 0.00333919 -0.0017503 0.0022917 9.74177e-05 0.00197741 -0.00316253 -0.00418088 -0.00111962 -0.00136029 5.74557e-05 0.000401054 -0.000168439 -0.000480472 -0.00183122 1.75618e-05 0.000760635 0.00190126 0.000770481 0.00222903 -0.000402841 0.00112745 0.00172699 0.000126819 0.000912819
internal_weight=61185.4 54213.8 6971.56 6593.62 5695.37 898.256 461.509 5108.55 377.936 53767.7 1119.12 1629.23 1087.25 541.974 436.747 52648.6 17774.2 9963.17 8554.84 2304.54 6250.3 4019.16 2029.52 1546.89 1097.63 1989.65 7811.08 1408.33 767.348 7274.08
internal_count=28846 24566 4280 4055 3528 527 267 3247 225 24477 419 1065 752 313 260 24058 6156 3435 2962 872 2090 1257 493 367 282 764 2721 473 256 2535
is_linear=0
shrinkage=0.05


Tree=222
num_leaves=31
num_cat=0
split_feature=3 7 4 5 4 1 5 2 2 4 1 4 6 2 2 4 7 6 4 7 4 6 1 6 1 2 2 2 2 6
split_gain=1.88402 2.54366 2.16753 2.09919 2.72246 1.6084 2.86789 1.57651 2.13636 2.16914 4.15552 3.34535 2.84011 2.69755 1.71882 1.69335 1.62815 1.57547 4.15716 2.55044 2.39084 2.12111 1.47244 1.41075 1.49272 2.29066 4.21021 2.12168 1.51179 1.3316
threshold=1.0000000180025095e-35 2.5000000000000004 734.50000000000011 1.5000000000000002 796.50000000000011 1.0000000180025095e-35 3.5000000000000004 14863.500000000002 13742.500000000002 609.50000000000011 13.500000000000002 677.50000000000011 155.50000000000003 9675.5000000000018 15838.500000000002 723.50000000000011 1.5000000000000002 105.50000000000001 762.50000000000011 11.500000000000002 712.50000000000011 166.50000000000003 7.5000000000000009 183.50000000000003 16.500000000000004 9851.5000000000018 8571.5000000000018 11382.500000000002 14651.500000000002 158.50000000000003
decision_type=2 2 2 2 2 2 2 2 2 2 2 2 2 2 2 2 2 2 2 2 2 2 2 2 2 2 2 2 2 2
left_child=1 2 7 4 17 6 -2 8 9 10 -1 12 13 16 -9 29 -11 19 20 -3 23 -22 -15 24 25 26 -19 -27 -29 -13
right_child=5 3 -4 -5 -6 -7 -8 14 -10 11 -12 15 -14 22 -16 -17 -18 18 -20 -21 21 -23 -24 -25 -26 27 -28 28 -30 -31
leaf_value=-0.010752857127673661 -0.0049653967350053079 -0.0028216081590971016 -0.0058520102742209198 3.4477102455697825e-05 -0.0066265315187572157 0.00047320637876081557 0.0013004572378493232 0.0070507649098306832 -0.0079903051261061685 -0.00037638208782132359 0.0044442015652088832 -0.0036116537544530094 0.012561780352869987 -0.0090958294131890105 -0.00061167419621201732 0.0052640930071415556 0.011780864383562691 0.00071632943204870837 0.0071946254448714449 0.0024637715350168546 -0.0046983216875598997 0.0020927581087368287 0.00065491018056356429 -0.0037801570113519993 0.0028931945275257739 0.0050100300123292352 -0.0087325299153089685 -0.0018475591557033299 0.0018373672133764612 -0.012945430928908555
leaf_weight=138.52965986728668 375.05282694101334 1497.206176251173 313.53322914242744 33349.766518205404 208.75985339283943 20088.946576416492 355.91652595996857 103.51307688653469 139.55731169879436 44.984470799565315 66.613223820924759 219.15756185352802 68.198146611452103 60.380963057279587 249.81840714812279 44.86039699614048 71.018596023321152 289.67812630534172 181.1147828400135 269.29945850372314 531.52004581689835 146.72002640366554 107.9101035296917 213.78578025102615 497.79132533073425 251.34641993045807 198.79807615280151 578.72117698192596 536.25068897008896 46.28135983645916
leaf_count=292 233 1140 783 14143 183 7090 135 201 276 142 112 504 136 153 469 105 123 219 144 119 378 100 207 118 236 169 141 355 297 98
internal_value=2.95349e-06 -0.000196064 -0.00210412 -0.00011362 -0.00102808 0.000389376 -0.00191449 -0.0012406 -0.00224844 -0.00132519 -0.00581813 6.54378e-05 0.0033983 0.00120011 0.00163314 -0.00372061 0.00706644 -0.000802989 -0.00017756 -0.00201586 -0.000589076 -0.00322924 -0.00284355 0.000108667 0.000462055 -0.000190417 -0.00312913 0.00086021 -7.52774e-05 -0.00523907
internal_weight=61245 40425.1 1674.36 38750.8 5400.99 20819.9 730.969 1360.82 1007.49 867.934 205.143 662.792 352.492 284.294 353.331 310.299 116.003 5192.23 3425.73 1766.51 3244.61 678.24 168.291 2566.37 2352.59 1854.79 488.476 1366.32 1114.97 265.439
internal_count=28801 21343 3601 17742 3599 7458 368 2818 2148 1872 404 1468 761 625 670 707 265 3416 2157 1259 2013 478 360 1535 1417 1181 360 821 652 602
is_linear=0
shrinkage=0.05


Tree=223
num_leaves=31
num_cat=0
split_feature=5 4 6 6 7 0 1 2 6 0 0 1 2 0 4 6 2 2 6 6 0 2 4 7 4 1 7 2 2 2
split_gain=1.82641 1.74856 2.78662 3.59302 1.95494 2.44048 2.32137 2.24848 2.10782 2.10301 3.44871 2.35203 2.72241 1.9926 3.6367 2.75132 2.21706 2.45801 1.98821 1.88587 3.35969 1.88348 3.09757 2.81237 1.858 1.81087 1.76178 2.02678 1.70196 2.70384
threshold=4.5000000000000009 693.50000000000011 69.500000000000014 80.500000000000014 10.500000000000002 24.500000000000004 2.5000000000000004 14752.000000000002 126.50000000000001 51.500000000000007 28.500000000000004 11.500000000000002 10559.000000000002 49.500000000000007 664.50000000000011 77.500000000000014 12448.500000000002 8268.5000000000018 124.50000000000001 63.500000000000007 45.500000000000007 10559.000000000002 643.50000000000011 11.500000000000002 708.50000000000011 11.500000000000002 9.5000000000000018 9481.5000000000018 8514.5000000000018 10830.500000000002
decision_type=2 2 2 2 2 2 2 2 2 2 2 2 2 2 2 2 2 2 2 2 2 2 2 2 2 2 2 2 2 2
left_child=1 4 19 26 6 8 13 9 -6 10 -7 18 -13 14 28 -15 17 -17 -12 24 -21 23 -23 -11 -3 -9 27 -4 -1 -30
right_child=-2 2 3 -5 5 7 -8 25 -10 21 11 12 -14 15 -16 16 -18 -19 -20 20 -22 22 -24 -25 -26 -27 -28 -29 29 -31
leaf_value=-0.0033327903194327138 0.00041386810145936322 -0.0053992707279780713 -0.0048592353889716413 -0.00060423204952590563 0.00050948926890755986 0.0039967073530835541 -2.690333549326099e-05 0.0010665234161876594 -0.0043818124166218166 0.005294247156141991 -0.0015947269544976034 -0.0003222212128737813 -0.0052537494168365092 0.0033431836489092302 -0.0051238371317359147 -0.0077949704368370804 -0.0068156389829035135 0.00016760288584151319 0.0026885661126126929 -0.00064849295544393932 -0.01072542133176819 -0.001734194397632699 0.0030739180737975025 0.00056178424509560729 -0.00054751508701994165 0.0041428577069237858 0.0050792636791006721 0.0024477314593190289 0.0081208743863158874 0.00071309280724303644
leaf_weight=165.14335690438747 16917.47196868062 259.90743416547775 125.18759544193745 14092.859969422221 471.60960471630096 359.05119729042053 17423.743858724833 1050.3638404607773 413.25440883636475 610.81854617595673 591.79140329360962 536.58042097091675 584.91434705257416 136.65833692252636 296.8725158572197 132.08647800981998 444.10824707150459 364.04560640454292 499.67600393295288 155.08189499378204 177.25664068758488 835.67615878582001 559.07599449157715 645.89689373970032 819.545539945364 878.43062257766724 406.23863458633423 392.27192531526089 156.29675805568695 581.38719864189625
leaf_count=122 5728 175 116 8210 121 105 9399 287 105 199 212 135 136 107 237 118 308 278 150 105 136 223 160 190 584 174 149 300 115 382
internal_value=-2.78888e-05 -0.000197101 -0.000605895 -0.000406225 4.50188e-05 0.000702207 -0.000223094 0.00100867 -0.00177488 0.000469956 -0.000548676 -0.00128616 -0.00289425 -0.00172462 -0.000323135 -0.00328592 -0.00424942 -0.00195229 0.000366173 -0.00272968 -0.00602314 0.00145806 0.000193102 0.00286197 -0.00171571 0.00246758 0.00261476 0.000679977 0.00125546 0.00228262
internal_weight=61083.3 44165.8 16428.3 15016.6 27737.5 8037.14 19700.3 7152.28 884.864 5223.48 2572.01 2212.96 1121.49 2276.6 1199.7 1076.9 940.24 496.132 1091.47 1411.79 332.339 2651.47 1394.75 1256.72 1079.45 1928.79 923.698 517.46 902.827 737.684
internal_count=28766 23038 9775 8775 13263 2197 11066 1971 226 1510 738 633 271 1667 856 811 704 396 362 1000 241 772 383 389 759 461 565 416 619 497
is_linear=0
shrinkage=0.05


Tree=224
num_leaves=31
num_cat=0
split_feature=3 7 6 0 1 0 2 0 6 6 0 6 2 2 2 1 0 0 5 0 1 1 7 6 0 2 0 2 6 0
split_gain=2.32082 2.29484 2.11729 2.47697 2.16462 2.22002 3.30724 2.20065 4.51184 1.82314 3.29814 1.67762 1.97654 1.96976 1.58496 1.73264 1.53742 1.51161 1.38074 2.11307 1.50219 2.44611 1.4809 1.32468 1.27844 1.27797 1.62359 3.3651 3.11695 2.96555
threshold=1.5000000000000002 2.5000000000000004 90.500000000000014 69.500000000000014 1.0000000180025095e-35 36.500000000000007 14809.500000000002 29.500000000000004 131.50000000000003 112.50000000000001 45.500000000000007 70.500000000000014 5463.0000000000009 17010.500000000004 12700.500000000002 7.5000000000000009 30.500000000000004 24.500000000000004 3.5000000000000004 30.500000000000004 16.500000000000004 5.5000000000000009 7.5000000000000009 154.50000000000003 63.500000000000007 13411.500000000002 63.500000000000007 12741.500000000002 108.50000000000001 56.500000000000007
decision_type=2 2 2 2 2 2 2 2 2 2 2 2 2 2 2 2 2 2 2 2 2 2 2 2 2 2 2 2 2 2
left_child=1 2 3 17 -4 7 -7 14 -9 -8 -11 12 -3 18 15 -6 -2 -1 19 -14 21 -21 -23 24 -12 26 29 -28 -29 -13
right_child=16 11 4 -5 5 6 9 8 -10 10 23 25 13 -15 -16 -17 -18 -19 -20 20 -22 22 -24 -25 -26 -27 27 28 -30 -31
leaf_value=0.0011785620051212252 0.0032224592081963308 -0.0054172864478363517 -0.0089504245218657331 0.0037522654383747482 0.01063225970180957 -0.0031658812581746619 -0.004651186498584506 -0.0012513987317244485 0.014398620938121734 -0.0056605877179444312 0.015768412209599 -0.00012209452181765934 0.0017715448313187828 -0.0032144987553025918 -0.0037297315907225239 -0.00010950279894221518 0.00072540271053348816 -0.0076104859824841237 0.00068628426889404603 0.00079625144668024313 0.0010316059560908171 -0.0070648059475636729 -0.0027629716345000037 0.0019003844690347661 0.0059387318088107233 0.0004145953892666832 -0.00035547402770790557 0.001142454359875342 -0.00556918321457782 0.0015184136395984906
leaf_weight=57.674944832921028 771.78855866193771 226.66416710615158 78.721112295985222 73.474022135138512 53.57919616997242 916.29267379641533 66.904288545250893 91.187216073274612 93.046053528785706 59.993706151843071 62.811475098133087 18856.873827397823 473.6697855591774 640.76566129922867 161.14100244641304 125.40573596954346 3062.0628847926855 322.32250207662582 2041.8921450376511 339.50535118579865 317.0813524723053 298.34851229190826 607.26102375984192 65.470367714762688 69.877801835536957 20311.869438260794 6797.067060649395 240.64636880159378 615.26217985153198 3226.0906416475773
leaf_count=121 220 134 187 160 126 1862 126 176 162 109 120 8369 280 257 302 232 884 752 803 250 160 258 262 108 114 7366 3061 107 236 1470
internal_value=3.70938e-05 -4.26061e-05 -0.00159068 -0.00465159 -0.000838122 -0.000476449 -0.00162872 0.00225141 0.00665256 0.00270431 0.0046106 2.20807e-05 -0.000856466 -0.000637377 -0.00013253 0.00310605 0.00122808 -0.00627651 -0.000232417 -0.00115384 -0.00204083 -0.00282326 -0.00418019 0.00772025 0.0105918 0.000108889 -9.9931e-05 -0.000727529 -0.00368215 0.000117567
internal_weight=61124.8 57290.9 2297.9 453.471 1844.43 1765.71 1241.35 524.359 184.233 325.058 258.153 54993 4945.19 4718.52 340.126 178.985 3833.85 379.997 4077.76 2035.87 1562.2 1245.11 905.61 198.16 132.689 50047.8 29735.9 7652.98 855.909 22083
internal_count=28774 27670 4657 1033 3624 3437 2439 998 338 577 451 23013 2404 2270 660 358 1104 873 2013 1210 930 770 520 342 234 20609 13243 3404 343 9839
is_linear=0
shrinkage=0.05


Tree=225
num_leaves=31
num_cat=0
split_feature=3 7 4 2 7 0 1 1 2 6 4 0 0 0 2 4 2 6 6 1 1 6 6 6 4 4 1 1 2 2
split_gain=2.17184 2.5345 3.03931 2.36892 1.99474 2.27406 2.87562 2.52423 2.43896 2.29152 2.20574 2.17035 1.79739 2.50534 1.76686 2.16841 5.35992 2.61122 2.35692 2.06765 2.05199 2.13631 1.85312 1.62265 1.58687 2.51202 2.0437 3.0214 2.8671 3.50499
threshold=1.5000000000000002 5.5000000000000009 637.50000000000011 10787.500000000002 3.5000000000000004 76.500000000000014 18.500000000000004 14.500000000000002 13143.500000000002 110.50000000000001 785.50000000000011 39.500000000000007 41.500000000000007 50.500000000000007 13536.500000000002 638.50000000000011 16097.500000000002 108.50000000000001 139.50000000000003 6.5000000000000009 12.500000000000002 150.50000000000003 137.50000000000003 105.50000000000001 794.50000000000011 766.50000000000011 8.5000000000000018 16.500000000000004 8571.5000000000018 10647.500000000002
decision_type=2 2 2 2 2 2 2 2 2 2 2 2 2 2 2 2 2 2 2 2 2 2 2 2 2 2 2 2 2 2
left_child=4 2 -2 -4 5 6 8 9 24 -7 14 -8 -3 -14 -10 16 18 -17 23 22 -21 -22 -19 -16 25 26 -1 28 -28 -30
right_child=1 12 3 -5 -6 7 11 -9 10 -11 -12 -13 13 -15 15 17 -18 19 -20 20 21 -23 -24 -25 -26 -27 27 -29 29 -31
leaf_value=-0.0046693151422601718 0.0094805873941075369 0.0020226938431076517 -0.0026242845366319877 0.0045435949511648073 1.8210144624485944e-05 0.013614342778066578 0.0095995470444803464 -0.0041137068339836521 0.0046178383236434081 0.0018013828768948283 0.0078340223318137444 0.00033805426962830131 -0.0033180436476159935 0.00069355065341361426 -0.0021939760038937801 -0.0059722236870559031 0.007278467732744035 0.0009383131410855461 0.0033844603788250969 0.0052258310764062453 0.0021731952511620236 -0.0075209043249245258 -0.009060546815777561 -0.012340923454901171 -0.0086290518449324422 0.0043105057467349595 -0.0046337376482168775 -0.0060685742775192144 0.0062723093148155792 -0.0011480594554141106
leaf_weight=887.89902463555336 180.70611020922661 1290.4086418151855 182.39151212573051 313.21430562436581 52856.476655066013 74.134561389684677 97.302224054932594 72.409344375133514 146.02454899251461 91.999263316392899 81.130841478705406 180.79001300036907 529.95595550537109 1465.355556845665 81.730787232518196 347.35035370290279 221.13053055107594 79.557340741157532 81.520604848861694 191.31530831754208 140.7279160618782 95.329650387167931 110.97921508550644 76.070948928594589 108.02326929569244 130.40596678853035 262.43434320390224 282.50558768212795 247.5758905261755 445.50096467137337
leaf_count=1635 101 246 149 209 20812 113 120 85 217 137 154 224 102 297 118 541 267 135 102 282 170 109 184 105 206 232 434 362 382 625
internal_value=1.00412e-05 0.00114226 0.00392965 0.00190569 -6.8123e-05 -0.00107461 -0.0013385 0.00367711 -0.00167889 0.00707273 -0.0002054 0.00357858 0.000568516 -0.000371931 -0.000620384 -0.00115689 0.00166639 -0.00250367 -0.00351909 -0.000553863 0.00137736 -0.00174168 -0.00488559 -0.00708548 -0.00270897 -0.00242555 -0.00283874 -0.00152587 -0.000182772 0.00150259
internal_weight=61352.4 3962.03 676.312 495.606 57390.3 4533.85 4295.31 238.543 4017.21 166.134 1652.87 278.092 3285.72 1995.31 1571.74 1425.71 460.453 965.26 239.322 617.909 427.373 236.058 190.537 157.802 2364.35 2256.32 2125.92 1238.02 955.511 693.077
internal_count=28855 1104 459 358 27751 6939 6604 335 6260 250 2384 344 645 399 2230 2013 592 1421 325 880 561 279 319 223 3876 3670 3438 1803 1441 1007
is_linear=0
shrinkage=0.05


Tree=226
num_leaves=31
num_cat=0
split_feature=3 2 2 4 6 5 2 6 4 1 4 2 2 4 2 4 2 6 1 6 0 0 2 3 6 1 6 0 0 4
split_gain=2.2357 2.07093 4.20091 2.59618 1.89565 2.06721 2.33686 2.13463 1.97891 2.86376 2.5271 2.09844 2.6942 2.22006 2.02831 2.82955 2.29176 2.36729 2.26732 3.01894 2.06566 1.82475 1.81512 1.70475 3.60464 2.42485 4.53427 2.3898 2.21278 2.04079
threshold=2.5000000000000004 10430.500000000002 10647.500000000002 645.50000000000011 152.50000000000003 4.5000000000000009 10117.500000000002 163.50000000000003 670.50000000000011 10.500000000000002 682.50000000000011 9769.5000000000018 5005.5000000000009 731.50000000000011 10022.500000000002 587.50000000000011 7731.5000000000009 142.50000000000003 10.500000000000002 75.500000000000014 25.500000000000004 32.500000000000007 8843.5000000000018 1.0000000180025095e-35 90.500000000000014 5.5000000000000009 123.50000000000001 59.500000000000007 60.500000000000007 632.50000000000011
decision_type=2 2 2 2 2 2 2 2 2 2 2 2 2 2 2 2 2 2 2 2 2 2 2 2 2 2 2 2 2 2
left_child=1 4 3 -3 8 6 -6 -7 14 10 22 12 -12 -13 16 -16 17 18 -1 -20 -18 -21 -10 25 -25 26 -22 -26 29 -27
right_child=-2 2 -4 -5 5 7 -8 -9 9 -11 11 13 -14 -15 15 -17 20 -19 19 21 23 -23 -24 24 27 28 -28 -29 -30 -31
leaf_value=0.0011759840836907283 0.0037186028879831971 0.0067227567324328807 0.0001638662916693107 0.0015898114567950356 -0.00054844366080624536 -0.00079406606396877208 0.0040532182727854903 0.0038792716986928016 -0.003471621409496375 -0.00028503941093963178 0.0018844971931225971 0.0039833556316012566 -0.0030012530614541007 -0.0022305323040886639 0.002350988867676498 -0.0043545110527756442 0.004138879549135408 -0.0052634398777455984 -0.0072978965228131425 0.0030629745188604385 -0.00087525192579887947 -0.0019837517047498316 -0.010175203805061249 0.0070298458205781738 -0.0015916918816286805 0.0020621008722990133 0.0084314778024506664 0.0040187632858747213 -0.0039586039882794173 -0.0026541755619509874
leaf_weight=1182.4535754472017 418.59518137574196 366.06211924552917 41029.272422805429 753.24358321726322 2920.0000520944595 359.88884428143501 304.68294040858746 761.09765002131462 294.97635863721371 3817.5985162556171 323.80313542485237 296.74496014416218 2194.4279511421919 278.77668994665146 218.90891858935356 559.22527043521404 472.93329174816608 275.99142557382584 213.90229560434818 238.41756975650787 359.02125909924507 720.05385553836823 153.54105305671692 284.06316909193993 512.10166701674461 552.22185376286507 205.94849616289139 301.58040279150009 519.86853347718716 392.33212298154831
leaf_count=727 90 158 18146 404 1544 123 143 252 195 1978 234 198 1575 199 83 285 213 141 114 109 232 361 101 120 173 284 106 100 255 220
internal_value=7.70139e-05 5.19684e-05 0.000246314 0.00326851 -0.000385733 0.000529313 -0.000113657 0.00237891 -0.000662475 -0.00123509 -0.00225899 -0.0017505 -0.00237303 0.000973413 -6.11937e-05 -0.00246808 0.000239387 -0.000882347 -0.000368873 -0.00192701 0.00105911 -0.00072839 -0.00576646 0.000593346 0.00218064 -0.000265261 0.00251733 0.000487748 -0.00133878 0.000103137
internal_weight=61281.7 60863.1 42148.6 1119.31 18714.6 4345.67 3224.68 1120.99 14368.9 7359.87 3542.27 3093.75 2518.23 575.522 7009.02 778.134 6230.89 2630.82 2354.83 1172.37 3600.07 958.471 448.517 3127.14 1097.75 2029.39 564.97 813.682 1464.42 944.554
internal_count=28863 28773 18708 562 10065 2062 1687 375 8003 4480 2502 2206 1809 397 3523 368 3155 1452 1311 584 1703 470 296 1490 393 1097 338 273 759 504
is_linear=0
shrinkage=0.05


Tree=227
num_leaves=31
num_cat=0
split_feature=4 6 6 6 6 1 4 7 4 0 2 6 6 7 2 0 4 0 7 0 1 7 1 2 6 7 6 0 6 6
split_gain=1.47334 1.61395 3.31852 2.19591 2.32902 2.14784 1.66314 1.22813 1.92263 1.67342 2.35179 4.73577 2.38359 2.39747 1.67381 1.39899 3.03989 2.75276 2.62302 2.54058 2.15296 2.09945 3.41779 2.39989 2.04979 1.86881 2.9465 2.09817 3.21716 2.98927
threshold=561.50000000000011 89.500000000000014 63.500000000000007 114.50000000000001 133.50000000000003 13.500000000000002 541.50000000000011 11.500000000000002 599.50000000000011 22.500000000000004 7345.5000000000009 137.50000000000003 89.500000000000014 9.5000000000000018 11655.500000000002 52.500000000000007 796.50000000000011 49.500000000000007 4.5000000000000009 54.500000000000007 16.500000000000004 9.5000000000000018 6.5000000000000009 15177.500000000002 166.50000000000003 8.5000000000000018 191.50000000000003 31.500000000000004 193.50000000000003 195.50000000000003
decision_type=2 2 2 2 2 2 2 2 2 2 2 2 2 2 2 2 2 2 2 2 2 2 2 2 2 2 2 2 2 2
left_child=1 2 -1 -3 -5 6 -6 9 -9 10 11 -2 13 -12 -14 16 17 24 -18 20 -17 22 -19 -24 -11 27 -27 28 -26 -29
right_child=7 3 -4 4 5 -7 -8 8 -10 15 12 -13 14 -15 -16 19 18 21 -20 -21 -22 -23 23 -25 25 26 -28 29 -30 -31
leaf_value=0.0033230946907666179 -0.0076696303618364802 0.0037121159214540179 -0.0037413629456467656 -0.0018082013523125129 -0.001621069963600735 0.0040077922537619728 0.0025063908812808654 -0.0018252291119532889 0.00071722216946124148 -0.00041934655317249053 0.0017466343641981991 0.0034653470773579574 0.0021368797322076842 0.0076001275173202907 -0.00040187686398739575 0.0028825646069243907 -0.0095375633609320991 -0.0071483251091467902 -0.0021789075465283893 -0.00010316487342207572 -0.0021352478181765441 4.0311168294808252e-05 -0.00023882642345778553 -0.0056991761059903912 0.0025063161675922055 0.0014226475876717359 -0.0036730120181939596 0.0019804883193555787 -0.0058807208837504269 0.0083009946272470537
leaf_weight=261.07935613393784 221.4499347358942 798.8401090502739 457.60834290087223 671.12450161576271 538.60284632444382 618.99519544839859 446.30353730916977 819.42141938209534 8034.3726668357849 17701.820576101542 545.60711480677128 167.876484811306 1027.2139424979687 257.482466340065 1764.4129408895969 1252.1728187799454 147.1386266797781 398.73445405066013 684.31590491533279 19445.03961378336 257.77718883752823 755.94371902942657 754.35823549330235 274.4367760270834 332.89944937825203 799.94171071052551 439.586345911026 738.53719076514244 174.15585935115814 250.52625778317451
leaf_count=95 154 291 186 244 200 165 154 176 2102 9207 338 92 522 69 820 698 222 306 363 10177 109 228 462 131 217 237 110 441 96 146
internal_value=3.7171e-06 0.000958107 -0.00117504 0.00145685 0.000664948 0.00169979 0.00024926 -5.95122e-05 0.000481918 -0.000158573 0.000823069 -0.00286826 0.00122286 0.00362335 0.00053229 -0.000246642 -0.000511919 -0.000402783 -0.00348113 5.02508e-05 0.00202593 -0.00209026 -0.0032185 -0.0016954 -0.000222498 0.00105127 -0.000384478 0.00224078 -0.000374339 0.00358145
internal_weight=61037.8 3792.55 718.688 3073.87 2275.03 1603.9 984.906 57245.2 8853.79 48391.4 3984.04 389.326 3594.72 803.09 2791.63 44407.4 23452.4 22620.9 831.455 20955 1509.95 2183.47 1427.53 1028.8 20437.5 2735.65 1239.53 1496.12 507.055 989.063
internal_count=28758 1335 281 1054 763 519 354 27423 2278 25145 1995 246 1749 407 1342 23150 12166 11581 585 10984 807 1127 899 593 10454 1247 347 900 313 587
is_linear=0
shrinkage=0.05


Tree=228
num_leaves=31
num_cat=0
split_feature=7 5 6 4 3 4 1 6 4 4 4 1 0 0 6 1 1 1 6 4 1 4 1 6 1 1 0 1 4 3
split_gain=2.95854 2.94771 2.88267 3.2945 4.12632 7.48056 4.18198 2.68946 1.9103 1.7519 1.45738 1.35134 1.31261 1.75156 2.82078 2.22451 1.4836 1.58331 1.30304 1.77082 4.33108 3.24576 1.4898 1.40904 1.37873 3.1127 2.29636 2.76335 1.94068 1.59153
threshold=4.5000000000000009 3.5000000000000004 147.50000000000003 616.50000000000011 1.0000000180025095e-35 719.50000000000011 13.500000000000002 142.50000000000003 528.50000000000011 690.50000000000011 583.50000000000011 17.500000000000004 73.500000000000014 63.500000000000007 80.500000000000014 12.500000000000002 5.5000000000000009 14.500000000000002 139.50000000000003 715.50000000000011 11.500000000000002 702.50000000000011 14.500000000000002 79.500000000000014 10.500000000000002 8.5000000000000018 39.500000000000007 4.5000000000000009 671.50000000000011 1.0000000180025095e-35
decision_type=2 2 2 2 2 2 2 2 2 2 2 2 2 2 2 2 2 2 2 2 2 2 2 2 2 2 2 2 2 2
left_child=1 8 7 -4 5 6 -5 18 -1 -6 11 -2 13 -10 -15 -16 -14 -18 19 21 23 24 -22 -21 25 26 -3 -28 29 -26
right_child=10 2 3 4 9 -7 -8 -9 12 -11 -12 -13 16 14 15 -17 17 -19 -20 20 22 -23 -24 -25 28 -27 27 -29 -30 -31
leaf_value=0.0058314592257993035 0.00058602225693568405 -0.0043280921289597599 0.0079310467281789847 -0.010158825494402083 0.0097090109727397903 0.0065327571701894911 0.00081332402598756923 -0.0069239014479732441 -0.0017684037573889822 0.0018770151750100317 5.4214239553438677e-05 0.0027863829886749301 -0.0041988477159625153 0.003112967346800792 -0.0088179661158903373 -0.0022679685231496087 0.0055571576757167899 -0.0021214463754517495 0.0050132550487078141 -0.00046845063445272384 0.0057625063360826796 0.0070589197029670625 -0.0012574095588866535 -0.0081343883302432817 -0.002287108916768644 0.0068728037223722257 0.0057720110324994299 -0.0021271736430132698 -0.0060837650565124263 0.0026646620806409387
leaf_weight=79.906787931919098 4993.0578279495239 251.20513701438904 210.62070450186729 218.12570425868034 143.31925523281097 186.5313381254673 144.29120144248009 164.75510063767433 2985.5779723972082 142.28862848877907 47497.376855969429 811.13432216644287 109.06226256489754 98.417332977056503 312.27947044372559 221.61846768856049 177.71094830334187 107.89235277473927 108.90501162409782 75.941631749272346 124.21640846133232 158.36586564779282 193.02680516242981 284.51841966807842 459.13975062966347 179.79899108409882 212.40944084525108 231.25622493028641 202.71531766653061 250.96450993418694
leaf_count=81 1426 268 173 236 86 209 113 159 4281 121 17605 172 169 160 501 259 246 126 96 111 127 181 190 369 417 164 262 229 197 152
internal_value=1.0785e-05 -0.000883612 9.21313e-05 0.00234317 0.000932933 -0.00160303 -0.00579042 -0.000719935 -0.00182357 0.00580714 0.000145609 0.000893522 -0.00197602 -0.0022747 -0.00466527 -0.00609909 0.000762023 0.00265641 -0.000345864 -0.000568323 -0.00276946 0.00019829 0.00149123 -0.00651933 -0.00040954 0.00100906 -0.000508197 0.00165464 -0.00176885 -0.000537058
internal_weight=61336.4 8034.86 3942.4 1045.18 834.556 548.948 362.417 2897.22 4092.47 285.608 53301.6 5804.19 4012.56 3617.89 632.315 533.898 394.666 285.603 2732.46 2623.56 677.703 1945.86 317.243 360.46 1787.49 874.67 694.871 443.666 912.82 710.104
internal_count=28886 9683 3860 938 765 558 349 2922 5823 207 19203 1598 5742 5201 920 760 541 372 2763 2667 797 1870 317 480 1689 923 759 491 766 569
is_linear=0
shrinkage=0.05


Tree=229
num_leaves=31
num_cat=0
split_feature=5 7 6 6 4 6 0 4 0 5 0 7 1 4 1 4 6 3 6 6 4 7 6 4 6 1 6 4 4 0
split_gain=1.51329 2.15042 1.5186 2.6911 2.44293 2.5648 2.4363 2.34755 1.85004 2.04729 1.77504 2.16157 2.11928 3.21385 2.10696 2.04333 4.73153 1.91424 2.6815 3.27849 2.23487 1.78403 1.68089 1.53757 1.62761 1.48717 1.47056 1.52398 3.34248 1.42026
threshold=3.5000000000000004 5.5000000000000009 134.50000000000003 124.50000000000001 660.50000000000011 150.50000000000003 41.500000000000007 646.50000000000011 40.500000000000007 1.5000000000000002 39.500000000000007 1.5000000000000002 8.5000000000000018 710.50000000000011 17.500000000000004 632.50000000000011 93.500000000000014 1.0000000180025095e-35 111.50000000000001 115.50000000000001 611.50000000000011 3.5000000000000004 62.500000000000007 569.50000000000011 158.50000000000003 3.5000000000000004 75.500000000000014 708.50000000000011 647.50000000000011 64.500000000000014
decision_type=2 2 2 2 2 2 2 2 2 2 2 2 2 2 2 2 2 2 2 2 2 2 2 2 2 2 2 2 2 2
left_child=1 2 3 10 5 6 -4 23 -5 -10 12 -12 13 15 21 -1 -17 18 22 -20 -19 -14 -13 -7 -25 -24 -27 28 -28 -8
right_child=-2 -3 4 8 -6 7 29 -9 9 -11 11 17 14 -15 -16 16 -18 20 19 -21 -22 -23 25 24 -26 26 27 -29 -30 -31
leaf_value=0.0053231942396114304 0.00026847584719419246 -1.9005221269896975e-05 -0.00042546808933581509 -0.0085913007190977185 -0.001527577750263737 0.0036602673485999211 0.0115289698980581 0.0061153902803419372 -0.0085916087391769234 -0.00030587024060582815 -0.0077433072326258531 0.00055899488229969483 -0.0059883743107202857 0.009711701244777193 0.0049092261256087621 -0.011952008709098669 0.0042205691124262467 0.0066049778342773717 0.0085410853048633727 -0.0021966273761365829 -0.00079925349903212691 -0.00031161827516997003 -0.00018413019585634149 0.0018285778229039824 -0.0047678192125227134 -0.011798966505026508 -0.001782653677569832 -0.0011572341624209157 -0.011506468641600256 0.003803072505882367
leaf_weight=124.36796423792839 30729.857290938497 24481.807154893875 131.12713521718979 209.38585117459297 1298.1892445981503 115.83201721310616 132.01960960030556 124.41566814482212 104.69491083920002 258.93641622364521 152.17174200713634 159.52255082130432 222.91939549148083 131.72763949632645 116.01126533746719 81.539106294512749 101.5496324300766 127.24976456165314 103.38518914580345 227.54749411344528 511.85992515087128 365.04318803548813 127.81427273154259 133.16906416416168 314.03519052267075 95.930263847112656 167.05275690555573 168.97578331828117 187.64828959107399 108.26918950676918
leaf_count=162 11330 10199 133 248 1597 97 142 132 147 291 538 207 367 199 122 119 139 88 118 256 456 286 194 133 324 116 183 218 220 107
internal_value=2.06652e-05 -0.000228326 -0.00106809 -0.00169381 -7.38193e-05 0.00170851 0.00505637 -0.000100264 -0.00484732 -0.00269146 -0.00112419 -0.00201192 0.000451575 0.0031772 -0.00124884 0.000377536 -0.00298194 -0.00154726 -0.00269459 0.00115789 0.000674964 -0.0024639 -0.00410031 -0.00147375 -0.00280354 -0.00509475 -0.00610772 -0.00506517 -0.00692687 0.00804784
internal_weight=61314.1 30584.2 6102.39 3745.33 2357.06 1058.87 371.416 687.452 573.017 363.631 3172.32 2029.16 1143.16 439.184 703.974 307.457 183.089 1876.99 1237.88 330.933 639.11 587.963 906.944 563.036 447.204 747.421 619.607 523.677 354.701 240.289
internal_count=28868 17538 7339 4674 2665 1068 382 686 686 438 3988 2594 1394 619 775 420 258 2056 1512 374 544 653 1138 554 457 931 737 621 403 249
is_linear=0
shrinkage=0.05


Tree=230
num_leaves=31
num_cat=0
split_feature=7 3 5 6 6 4 0 6 0 0 2 4 6 6 4 2 4 2 0 6 4 0 6 2 6 6 0 6 2 6
split_gain=1.92431 2.60875 2.06258 2.18305 3.74265 3.86539 2.43736 2.25129 2.38754 6.98232 2.95651 2.93725 2.9655 2.3745 5.62342 1.95134 2.71449 2.66083 1.73464 2.52462 1.74208 3.93179 2.55457 1.98054 2.53862 1.77727 3.74374 2.32318 2.12921 2.48917
threshold=7.5000000000000009 1.5000000000000002 1.5000000000000002 146.50000000000003 150.50000000000003 537.50000000000011 20.500000000000004 176.50000000000003 59.500000000000007 66.500000000000014 11301.500000000002 587.50000000000011 166.50000000000003 195.50000000000003 658.50000000000011 17010.500000000004 703.50000000000011 12078.500000000002 18.500000000000004 142.50000000000003 723.50000000000011 66.500000000000014 128.50000000000003 7272.5000000000009 122.50000000000001 134.50000000000003 59.500000000000007 137.50000000000003 16609.500000000004 97.500000000000014
decision_type=2 2 2 2 2 2 2 2 2 2 2 2 2 2 2 2 2 2 2 2 2 2 2 2 2 2 2 2 2 2
left_child=1 2 -1 18 -5 -6 -7 8 11 -10 -11 -8 15 -9 -15 16 -13 -18 -4 20 25 22 23 -22 -25 28 27 -27 -20 -30
right_child=-2 -3 3 4 5 6 7 13 9 10 -12 12 -14 14 -16 -17 17 -19 19 -21 21 -23 -24 24 -26 26 -28 -29 29 -31
leaf_value=-0.0017686842350015195 0.00018349268768641532 0.0015979845530580969 0.0036673926202585808 0.0042855134135694369 0.0077564523605560516 -0.0050796793789374267 -0.0071219350374424426 -0.0031654318884281221 0.0098209702221676402 0.004461482793547601 -0.0027903195014218206 0.0022067424247364255 0.0041917677768205088 -0.0045040182503985364 0.0052417872088420759 -0.0061620009183367061 -0.0071491545850058923 0.0015041322811978793 -0.00085305612215466056 -0.0041905439309016437 0.0031200730937095741 0.0017832873047962277 -0.0061987483894598095 -0.0031386002350919963 0.0031264625624914141 0.0035108472446268111 0.0068274312698097571 -0.0024986528673034414 -0.0011360372068039335 0.003439553545276264
leaf_weight=2961.7640679627657 38972.111931860447 1521.1571527272463 224.58774030208588 590.76527020335197 156.51028642058372 245.57476845383644 138.36077895760536 867.80579110980034 266.95345371961594 232.15521731972694 356.18763744831085 549.26748904585838 396.26432412862778 265.67942869663239 334.20845559239388 149.99519762396812 203.61863522231579 157.59455385804176 7021.5437155365944 516.02034211158752 178.89511087536812 629.40223644673824 421.35170419514179 1422.2708301395178 182.43130832910538 261.11399671435356 263.76725649833679 418.70773097872734 531.7975258231163 673.88737335801125
leaf_count=3298 12031 683 156 409 70 154 84 571 176 163 207 370 277 144 224 94 182 127 5170 381 191 536 355 1200 141 176 181 268 338 382
internal_value=-2.79796e-05 -0.000400231 -0.000547652 -0.000342835 0.000552834 4.24066e-05 -0.000247561 5.53026e-05 0.000982876 0.00311427 7.11816e-05 -0.000159981 0.000501264 -0.00149333 0.000925547 -0.000877754 -7.21177e-06 -0.00337379 -0.000687936 -0.000766055 -0.00061886 -0.00170228 -0.00269723 -0.00187005 -0.00242635 -0.000284016 0.0017713 -0.000190453 -0.000519743 0.00142137
internal_weight=61111.8 22139.6 20618.5 17656.7 4910.94 4320.18 4163.67 3918.09 2450.4 855.296 588.343 1595.1 1456.74 1467.69 599.888 1060.48 910.481 361.213 12745.8 12521.2 12005.2 2834.35 2204.95 1783.6 1604.7 9170.82 943.589 679.822 8227.23 1205.68
internal_count=28739 16708 16025 12727 3252 2843 2773 2619 1680 546 370 1134 1050 939 368 773 679 309 9475 9319 8938 2423 1887 1532 1341 6515 625 444 5890 720
is_linear=0
shrinkage=0.05


Tree=231
num_leaves=31
num_cat=0
split_feature=7 2 5 1 0 2 2 2 6 1 7 5 2 6 7 0 7 2 7 2 6 1 1 2 2 0 0 2 2 3
split_gain=2.13683 2.11869 1.98332 1.89085 1.69604 3.38704 1.69455 5.02791 2.73744 4.24505 2.73161 2.61244 2.01105 1.63723 2.11196 1.6352 2.0653 2.47012 1.62814 2.28592 1.60803 1.45138 2.33995 1.64577 1.68821 1.2927 1.25933 1.40678 1.6744 1.60012
threshold=11.500000000000002 8888.5000000000018 3.5000000000000004 7.5000000000000009 22.500000000000004 5729.5000000000009 10830.500000000002 9626.5000000000018 131.50000000000003 11.500000000000002 8.5000000000000018 2.5000000000000004 13456.500000000002 57.500000000000007 3.5000000000000004 18.500000000000004 6.5000000000000009 12941.500000000002 9.5000000000000018 11919.500000000002 51.500000000000007 16.500000000000004 8.5000000000000018 13367.500000000002 10602.500000000002 20.500000000000004 77.500000000000014 13956.500000000002 12700.500000000002 1.0000000180025095e-35
decision_type=2 2 2 2 2 2 2 2 2 2 2 2 2 2 2 2 2 2 2 2 2 2 2 2 2 2 2 2 2 2
left_child=4 2 3 -2 5 -1 7 10 15 12 11 -7 -10 14 20 -8 17 -17 21 -20 -6 22 23 24 -16 -9 -15 28 29 -28
right_child=1 -3 -4 -5 13 6 8 25 9 -11 -12 -13 -14 26 18 16 -18 -19 19 -21 -22 -23 -24 -25 -26 -27 27 -29 -30 -31
leaf_value=-0.0054609086999455091 -0.0061194719070162959 0.00098136988809563929 0.00066826932162539503 -0.0010005231847132474 -0.0035923923917271835 0.0032951764437723513 0.0046002221304234465 0.0041383074588943426 -0.0085269285101423481 0.0019626386728574877 0.0034656897208540909 -0.0050273667600420078 -0.0023259962509959192 -0.00025741284229932127 0.0026838383034612457 0.0030342108653059231 0.0021183575726078448 -0.0053646997805817708 -9.6155115102769604e-05 -0.0057606064905778957 -0.01318358177962607 0.0032553590793703959 -0.0028693816483594059 0.0048290092666992386 -0.0045492031318608408 0.0093885984853248512 -0.00059997245099824618 0.0030001050409745934 -0.0037329674223374981 0.003668190460412054
leaf_weight=206.52242743968964 277.92931216955185 7719.6860700845718 862.82852029800415 514.08505249023438 160.09890247881413 136.89160753786564 368.67784464359283 238.19738414883614 199.35792502760887 462.8263846039772 353.41989493370056 303.00124961137772 379.94479978084564 43537.621208995581 170.82769328355789 138.17371429502964 903.60475361347198 238.89565013349056 343.66887044906616 369.71661746501923 60.108108758926392 261.70903813838959 655.74118530750275 225.90660113096237 152.85949295759201 230.87356074154377 581.94022218883038 628.83205197751522 232.26824244856834 352.66306352615356
leaf_count=127 125 1873 198 173 279 137 157 117 113 185 118 189 190 22176 116 125 290 215 130 120 107 117 338 117 100 110 361 252 108 127
internal_value=-6.13885e-05 0.000633348 -0.000990144 -0.00279684 -0.00018689 0.000781332 0.00110738 0.00261881 0.00039848 -0.00160757 0.000192392 -0.00243745 -0.00445995 -0.000271278 -0.00154377 0.00166599 0.000821288 -0.00228699 -0.00107248 -0.00303179 -0.00621042 -0.000119713 -0.000852528 0.00155386 -0.000731926 0.00672247 -0.000203893 0.00109372 6.63633e-05 0.00101058
internal_weight=61268.9 9374.53 1654.84 792.014 51894.3 4160.39 3953.86 1262.38 2691.48 1042.13 793.313 439.893 579.303 47734 2400.64 1649.35 1280.67 377.069 2180.43 713.385 220.207 1467.04 1205.33 549.594 323.687 469.071 45333.3 1795.7 1166.87 934.603
internal_count=28890 2369 496 298 26521 2073 1946 671 1275 488 444 326 303 24448 1424 787 630 340 1038 250 386 788 671 333 216 227 23024 848 596 488
is_linear=0
shrinkage=0.05


Tree=232
num_leaves=31
num_cat=0
split_feature=3 7 3 2 4 5 2 4 4 2 4 1 4 0 0 1 4 0 4 4 2 0 0 2 0 7 2 4 4 4
split_gain=1.94097 1.56947 1.7448 2.57341 2.82984 1.71437 2.28602 3.78984 2.00186 1.87123 3.07418 1.89915 1.5958 1.92044 1.4994 1.76164 2.37095 1.67008 2.34016 2.84795 1.83321 1.71009 2.95195 2.44265 2.28782 1.60613 1.70418 1.5709 1.57071 2.09819
threshold=2.5000000000000004 8.5000000000000018 1.5000000000000002 11725.500000000002 654.50000000000011 2.5000000000000004 18113.500000000004 639.50000000000011 700.50000000000011 7272.5000000000009 749.50000000000011 12.500000000000002 701.50000000000011 40.500000000000007 18.500000000000004 1.0000000180025095e-35 627.50000000000011 34.500000000000007 785.50000000000011 741.50000000000011 9526.5000000000018 33.500000000000007 32.500000000000007 11262.500000000002 27.500000000000004 3.5000000000000004 7805.5000000000009 796.50000000000011 684.50000000000011 611.50000000000011
decision_type=2 2 2 2 2 2 2 2 2 2 2 2 2 2 2 2 2 2 2 2 2 2 2 2 2 2 2 2 2 2
left_child=1 2 5 4 -4 6 -1 -8 -9 10 11 -7 13 -5 -11 16 -16 18 19 21 25 22 23 24 28 -19 -27 -22 29 -17
right_child=-2 -3 3 12 -6 9 7 8 -10 14 -12 -13 -14 -15 15 17 -18 20 -20 -21 27 -23 -24 -25 -26 26 -28 -29 -30 -31
leaf_value=-0.0012499101104411906 0.0031431314121570112 0.00019639504885558649 0.0029096741332273485 0.0045392063443809557 -0.0037602314272032235 -0.0041934691136410853 0.0079140883823591319 -0.0042620226723316 0.002706688413954043 0.003530073619065171 0.0033961808502070874 -0.00049142732437024834 0.0058261639258756701 -0.00066104760216113096 0.0024334832209454167 -0.0033904248764106805 -0.0047254753901824469 -0.0013611632108368966 0.0044223934405380376 -0.0050521649738935097 0.00022576626053055329 -0.0049354392638632262 0.005285864445798618 0.00025944313986446364 -0.0058846477029801288 -0.00084488118152231456 0.0034700620611001973 -0.0029633450840548027 -0.0043042358562410711 0.0035317721038371427
leaf_weight=7574.4226034581661 482.61864021420479 32544.595931112766 259.56291687488556 306.45108422636986 410.55513501167297 823.81120276451111 184.77032187581062 201.77716960012913 210.63370825350285 297.9618139564991 248.00316767394543 597.83453518152237 306.63410256803036 422.04187887907028 159.55838170647621 184.24504029750824 420.3187620639801 315.32162323594093 203.40726879239082 404.50824111700058 9529.0241525322199 216.14746296405792 217.49864754080772 2072.6455623805523 366.85881713032722 287.68718808889389 1118.4011459350586 402.45276536047459 236.29686120152473 269.73625600337982
leaf_count=6939 98 9631 104 89 232 691 113 143 181 155 214 364 137 149 110 87 334 470 148 272 5362 119 113 1096 217 141 548 290 153 170
internal_value=-1.52205e-05 -4.02937e-05 -0.000312978 0.00123737 -0.00117672 -0.000412578 -0.00101509 0.00196327 -0.00070284 -0.000144585 -0.00174058 -0.00263668 0.00280019 0.00152651 1.49607e-05 -4.88873e-05 -0.00275562 5.03008e-05 -0.000808231 -0.00107637 0.000357627 -0.000625048 -0.000346709 -0.000738135 -0.00269401 0.00186397 0.00258722 9.65341e-05 -0.000998292 0.000722448
internal_weight=61275.8 60793.2 28248.6 1705.25 670.118 26543.3 8171.6 597.181 412.411 18371.7 1669.65 1421.65 1035.13 728.493 16702.1 16404.1 579.877 15824.2 4171.34 3967.94 11652.9 3563.43 3347.28 3129.78 1057.14 1721.41 1406.09 9931.48 690.278 453.981
internal_count=28870 28772 19141 711 336 18430 7376 437 324 11054 1269 1055 375 238 9785 9630 444 9186 2375 2227 6811 1955 1836 1723 627 1159 689 5652 410 257
is_linear=0
shrinkage=0.05


Tree=233
num_leaves=31
num_cat=0
split_feature=6 6 1 1 0 0 3 0 4 4 2 6 0 0 1 5 6 2 6 4 6 2 1 0 0 4 4 0 4 4
split_gain=2.09487 1.79309 1.7551 1.93224 3.27295 3.68363 1.44071 3.55597 2.00484 2.99381 2.36386 2.27783 2.4089 3.20909 2.88794 2.77389 2.29576 2.01021 2.06668 1.99102 1.81233 1.705 1.64655 4.09779 3.5856 2.55726 1.91791 2.59636 1.8411 1.58637
threshold=70.500000000000014 71.500000000000014 10.500000000000002 3.5000000000000004 36.500000000000007 64.500000000000014 1.0000000180025095e-35 18.500000000000004 803.50000000000011 784.50000000000011 7805.5000000000009 155.50000000000003 26.500000000000004 36.500000000000007 10.500000000000002 3.5000000000000004 152.50000000000003 10293.500000000002 173.50000000000003 640.50000000000011 172.50000000000003 9576.5000000000018 17.500000000000004 38.500000000000007 31.500000000000004 585.50000000000011 772.50000000000011 38.500000000000007 765.50000000000011 685.50000000000011
decision_type=2 2 2 2 2 2 2 2 2 2 2 2 2 2 2 2 2 2 2 2 2 2 2 2 2 2 2 2 2 2
left_child=2 -2 3 4 -1 -6 8 -8 9 11 -10 16 14 15 19 17 22 -14 -19 -13 -16 -11 26 24 -24 -25 28 -28 -3 -27
right_child=1 6 -4 -5 5 -7 7 -9 10 21 -12 12 13 -15 20 -17 -18 18 -20 -21 -22 -23 23 25 -26 29 27 -29 -30 -31
leaf_value=0.0027105536534440897 0.004207542885138668 -0.00040502937966822844 -0.0018061574445781313 0.0008611078986018616 -0.0069162086819327343 0.0013815562805181217 0.0057000552167999928 0.00032446443070774882 0.0035812454458179726 -0.0013458194761491295 -0.0032404014206389485 -0.0081244362210983901 0.0011031130835934756 0.00043933397662111154 -0.0017069861280261723 0.0010526606754344412 -0.0028322927858110258 0.010829253940126128 0.0039167185953123225 -0.0019097415405025606 0.0037038766824134903 0.0037485504145426218 0.0010651103697131219 0.004063077666512073 0.0070501505661380156 -0.0024380938585761586 -0.0087541185125929229 -0.0010904354296176336 0.0035415235369087548 0.00055623230671150833
leaf_weight=255.99297073483467 261.73675833642483 21658.814811304212 2847.1395258009434 1882.0279417783022 387.98515310883522 204.1141669601202 312.8140367269516 18607.578559592366 147.83261278271675 208.657624527812 900.92745068669319 194.55452057719231 171.60015055537224 5403.9402510523796 320.0376572906971 695.46602088212967 906.94299647212029 224.35031542181969 208.72480994462967 381.77058725059032 299.65154349803925 771.57751703262329 664.23691059648991 268.23715990781784 401.51300430297852 1042.821728810668 158.62996710836887 364.38190425932407 299.60393597185612 768.15512546896935
leaf_count=165 122 11666 1381 1093 273 150 115 6522 115 153 631 96 112 2507 127 230 452 121 121 213 122 436 260 98 163 431 106 239 204 384
internal_value=-1.37655e-05 7.8831e-05 -0.000937604 -3.18225e-05 -0.00201335 -0.00405572 5.93189e-05 0.00041334 -0.000124383 -6.05802e-05 -0.00227883 -0.000138146 0.000607135 0.00097591 -0.00145998 0.00320615 -0.000360048 0.00568298 0.00749769 -0.00400768 0.000909444 0.00266414 -0.000272553 0.00079901 0.00331993 -0.000493146 -0.000422455 -0.00341484 -0.000351182 -0.001168
internal_weight=61221.8 55644.6 5577.26 2730.12 848.092 592.099 55382.8 18920.4 36462.4 35413.7 1048.76 34433.4 7900.1 6704.08 1196.01 1300.14 26533.3 604.675 433.075 576.325 619.689 980.235 25626.4 3144.96 1065.75 2079.21 22481.4 523.012 21958.4 1810.98
internal_count=28808 25746 3062 1681 588 423 25624 6637 18987 18241 746 17652 3649 3091 558 584 14003 354 242 309 249 589 13551 1336 423 913 12215 345 11870 815
is_linear=0
shrinkage=0.05


Tree=234
num_leaves=31
num_cat=0
split_feature=1 0 7 6 6 6 0 0 7 0 1 7 2 6 6 1 7 0 0 6 6 2 2 0 0 6 2 6 0 6
split_gain=2.54114 2.09476 1.84875 1.94809 2.12639 1.77408 1.87119 1.64513 2.41833 2.38405 1.6515 3.14105 1.81438 1.79476 4.25583 1.51401 1.50611 2.11224 2.48824 2.31805 2.82872 2.00228 2.75242 2.27016 3.74359 1.96615 2.38723 1.85433 2.79062 6.28595
threshold=1.5000000000000002 20.500000000000004 1.5000000000000002 129.50000000000003 145.50000000000003 204.50000000000003 31.500000000000004 71.500000000000014 8.5000000000000018 75.500000000000014 1.0000000180025095e-35 5.5000000000000009 9889.5000000000018 146.50000000000003 104.50000000000001 16.500000000000004 9.5000000000000018 67.500000000000014 70.500000000000014 137.50000000000003 159.50000000000003 6939.0000000000009 7589.5000000000009 36.500000000000007 53.500000000000007 102.50000000000001 19085.500000000004 79.500000000000014 24.500000000000004 131.50000000000003
decision_type=2 2 2 2 2 2 2 2 2 2 2 2 2 2 2 2 2 2 2 2 2 2 2 2 2 2 2 2 2 2
left_child=1 -1 3 -2 -5 15 -7 10 9 -9 11 -3 -12 14 -13 16 25 21 -19 -20 -21 23 -23 -18 -25 -4 -27 -24 29 -29
right_child=2 7 5 4 -6 6 -8 8 -10 -11 12 13 -14 -15 -16 -17 17 18 19 20 -22 22 27 24 -26 26 -28 28 -30 -31
leaf_value=0.0033661747498530807 -0.0045682042637020699 -0.007043446658300089 -0.0009737289345243239 0.0060884001424250907 -0.0023043448777229701 -0.0014362551674984231 0.0032064110654814997 0.0018243040396410234 0.0038052270654121961 -0.0070786318873123201 -0.0031097334964229561 0.00065139756225397641 0.00024828937708244329 0.00094504399523139481 -0.0058891035059834493 0.00060462414294846568 0.0050630862893459513 -0.0030012476013326897 -0.0010651014651336199 0.00438955051875524 -0.0010693558344259302 -0.0038219912543161782 0.0020192898113818012 -0.0027496346611335393 0.0045905929681344451 -0.00014613280636434852 0.002520569858430344 0.0013975114603121373 0.00057758266492977659 -0.0049601552437984016
leaf_weight=244.72042366862297 431.86287379264832 362.64847615361214 7620.8724974393845 113.20388998091221 226.4158955514431 288.54773056507111 875.6699760556221 161.32923674583435 343.9907341003418 140.84004583954811 577.82093077898026 449.36036992073059 1323.8930426090956 413.20215272903442 557.01742070913315 11095.43242302537 505.14594006538391 939.15995657444 1845.2153658866882 533.90254342556 427.19017934799194 378.44034719467163 1750.5597591400146 373.64755702018738 324.61067378520966 16286.425642222166 884.83166512846947 798.80193519592285 10107.511234641075 757.45718204975128
leaf_count=142 1315 482 4742 307 607 100 308 132 130 114 385 220 791 172 255 3863 165 267 539 140 104 124 555 139 118 9024 365 219 2801 196
internal_value=-8.91756e-07 -0.00113436 9.07801e-05 -0.0023401 0.00049317 0.000124393 0.00205574 -0.00138871 0.000938346 -0.00232532 -0.00179687 -0.00289044 -0.00077202 -0.0018295 -0.00296869 8.32336e-05 -4.9653e-05 0.000288597 -0.000773527 -2.79968e-05 0.00196315 0.000553875 0.000383218 0.00250985 0.000662736 -0.000305354 -8.71812e-06 0.000501854 0.00027411 -0.00169687
internal_weight=61139.7 4574.82 56564.9 771.483 339.62 55793.4 1164.22 4330.1 646.16 302.169 3683.94 1782.23 1901.71 1419.58 1006.38 54629.2 43533.8 18741.6 3745.47 2806.31 961.093 14996.2 13792.8 1203.4 698.258 24792.1 17171.3 13414.3 11663.8 1556.26
internal_count=28821 2823 25998 2229 914 23769 408 2681 376 246 2305 1129 1176 647 475 23361 19498 5367 1050 783 244 4317 3895 422 257 14131 9389 3771 3216 415
is_linear=0
shrinkage=0.05


Tree=235
num_leaves=31
num_cat=0
split_feature=5 2 0 1 2 1 7 0 7 2 1 0 2 2 4 0 4 3 2 1 2 0 1 1 4 2 4 2 2 2
split_gain=1.67866 2.56557 2.55157 2.49522 1.7482 1.72993 1.63299 1.56435 2.62988 2.88021 2.24434 2.12273 2.75324 2.59313 2.91788 1.85385 2.41593 2.16335 1.75729 1.63804 1.39297 1.36944 2.14446 4.86184 1.36642 2.57105 1.97018 1.78341 2.5784 1.47795
threshold=4.5000000000000009 21148.500000000004 77.500000000000014 8.5000000000000018 13282.500000000002 13.500000000000002 7.5000000000000009 67.500000000000014 2.5000000000000004 5308.5000000000009 1.0000000180025095e-35 39.500000000000007 12404.500000000002 13780.500000000002 687.50000000000011 24.500000000000004 719.50000000000011 1.0000000180025095e-35 14973.500000000002 11.500000000000002 16097.500000000002 65.500000000000014 9.5000000000000018 15.500000000000002 772.50000000000011 17010.500000000004 766.50000000000011 12486.500000000002 7509.5000000000009 16448.500000000004
decision_type=2 2 2 2 2 2 2 2 2 2 2 2 2 2 2 2 2 2 2 2 2 2 2 2 2 2 2 2 2 2
left_child=2 -2 7 6 5 -5 -4 8 9 -1 -11 15 -13 14 -14 16 -12 20 -15 -20 -17 24 -23 -24 26 27 29 28 -26 -10
right_child=1 -3 3 4 -6 -7 -8 -9 21 10 11 12 13 18 -16 17 -18 -19 19 -21 -22 22 23 -25 25 -27 -28 -29 -30 -31
leaf_value=0.0077044303182282857 0.00043126034140116899 0.0049089758870512739 -0.0042912276977009958 0.0041997655996636281 0.0055889994947347426 -0.0011706828762204605 0.0011776019547345804 -0.00082540545082656876 -9.5091421595799749e-05 -0.012683554694744192 -0.0077189884714031478 -0.0071679066559670384 0.01269446736018038 -0.0098640754842052834 -0.0038085625310823341 -0.0021752439091559969 0.0052451990960937465 0.0078096651323080668 -0.0053926060345584094 0.0041079150677504469 0.0072303142027478496 0.0042350724327322471 -0.0030838854653461221 0.004631112063683134 0.0027609216507446127 -0.0052357280077042281 0.0034908443597179584 0.0012514955100743665 -0.0028828768845230849 0.00086035475179712783
leaf_weight=70.695934668183327 16610.897489249706 326.17934420704842 209.3676184117794 299.6999825835228 468.46853968501091 300.10251320898533 392.20410346984863 7009.2894139289856 25333.370985269547 53.516835570335388 128.57769785821438 353.87991136312485 61.294541671872139 80.186086475849152 47.572149097919464 211.88291223347187 49.876200512051582 114.89347086846828 97.753424569964409 84.666162356734276 48.347484037280083 500.61350563168526 494.35789459943771 347.92494004964828 255.52563500404358 329.19017601013184 423.72717487812042 868.4562640786171 972.82522171735764 4817.120702445507
leaf_count=165 5648 71 200 141 160 129 151 3647 11552 151 267 851 126 171 108 503 119 203 226 154 102 268 216 122 187 160 221 457 599 1747
internal_value=9.39516e-05 0.000517494 -6.75228e-05 0.00184989 0.0033003 0.00151274 -0.000725739 -0.000142409 -8.48347e-06 -0.00213022 -0.00265202 -0.00223225 -0.00401179 -0.00100515 0.00548304 9.94817e-05 -0.00409562 0.00209517 -0.00369492 -0.000983142 -0.000427811 7.82035e-05 0.00164337 0.000102978 1.45115e-05 -0.00112767 0.000105141 -0.000482724 -0.00170884 5.75595e-05
internal_weight=61362.5 16937.1 44425.4 1669.84 1068.27 599.802 601.572 42755.5 35746.3 1403.14 1332.45 1278.93 725.352 371.472 108.867 553.578 178.454 375.124 262.606 182.42 260.23 34343.1 1342.9 842.283 33000.2 2426 30574.2 2096.81 1228.35 30150.5
internal_count=28822 5719 23103 781 430 270 351 22322 18675 3146 2981 2830 1636 785 234 1194 386 808 551 380 605 15529 606 338 14923 1403 13520 1243 786 13299
is_linear=0
shrinkage=0.05


Tree=236
num_leaves=31
num_cat=0
split_feature=3 7 4 2 0 4 6 5 7 4 2 2 4 0 0 0 6 6 0 6 2 6 4 4 4 0 0 0 4 6
split_gain=1.98733 2.44683 2.40458 1.7566 2.88762 1.68774 2.06645 3.26701 1.53607 1.97189 1.43621 1.41846 1.9939 1.24045 1.50899 2.6949 1.9036 2.29104 1.72569 2.16994 2.81575 1.98015 1.64454 2.77426 2.58764 2.33521 2.27682 1.49513 1.85789 1.45825
threshold=1.0000000180025095e-35 7.5000000000000009 833.50000000000011 18269.000000000004 33.500000000000007 558.50000000000011 144.50000000000003 2.5000000000000004 6.5000000000000009 652.50000000000011 17779.000000000004 4583.5000000000009 654.50000000000011 18.500000000000004 52.500000000000007 54.500000000000007 60.500000000000007 50.500000000000007 49.500000000000007 77.500000000000014 13327.500000000002 120.50000000000001 657.50000000000011 619.50000000000011 671.50000000000011 30.500000000000004 36.500000000000007 29.500000000000004 731.50000000000011 95.500000000000014
decision_type=2 2 2 2 2 2 2 2 2 2 2 2 2 2 2 2 2 2 2 2 2 2 2 2 2 2 2 2 2 2
left_child=1 2 3 5 -5 6 7 -1 9 -6 -7 12 -3 -2 16 -16 17 -15 19 20 -18 -21 23 25 -24 -23 -25 28 -26 -17
right_child=13 11 -4 4 8 10 -8 -9 -10 -11 -12 -13 -14 14 15 29 18 -19 -20 21 -22 22 24 26 27 -27 -28 -29 -30 -31
leaf_value=-0.0062399586489161156 0.0032835560333099225 0.0012587241959176613 -0.00676130670187137 0.0057611574182741491 0.0017561097589916938 -0.0008731482684040115 0.0049668826668913474 0.0023336977027877516 0.0033273781706568842 -0.0043706927012711555 -0.0047287719077473006 0.00014045229971673044 -0.0044595526178526296 -0.00033451731694438783 0.0039941856338330355 0.0017178656001711646 0.0061621198668501496 -0.006494887273236296 -0.0018631777496346048 -0.00078936768410537675 -0.00062804308639524394 0.0026622303472368827 -0.0035621513330149667 0.0056694141353701988 -0.0029178803906633436 -0.0015355442858277701 0.00083366854749686011 0.0014313544396620072 0.0016289700987548745 0.00020889766936825783
leaf_weight=164.07282119989395 362.82377955317497 249.15680253505707 163.27245922386646 271.32675302028656 233.21093001961708 12562.553478062153 271.84722101688385 344.21870899200439 213.09358322620392 300.60748462378979 246.26261158287525 24990.270726680756 392.7399542927742 391.92075318098068 619.28740261495113 2122.6399324685335 346.87058855593204 245.44056272506714 1008.0080056935549 3631.4630779027939 272.71350041031837 572.90444573760033 446.69907167553902 596.7471496462822 549.94241988658905 785.61943846940994 411.09875410795212 1707.8804928958416 379.84392622113228 6516.0531511008739
leaf_count=142 130 105 185 180 147 10904 148 204 81 268 176 8636 182 173 231 843 152 109 357 1326 99 147 144 195 203 213 132 649 154 2253
internal_value=-9.5592e-06 -0.000214533 -0.000727114 -0.000659667 0.00134338 -0.000809758 0.00144811 -0.000433816 -0.000261444 -0.00169406 -0.000947277 8.08405e-05 -0.00223996 0.0003854 0.000334368 0.000808076 -5.21233e-05 -0.00270681 0.000105862 0.000310444 0.00317339 0.000115135 0.000717745 0.00170928 -4.29713e-05 0.000234703 0.00369692 0.000553015 -0.00106036 0.000579671
internal_weight=61370.6 40402.6 14770.5 14607.2 1018.24 13589 780.139 508.292 746.912 533.818 12808.8 25632.2 641.897 20968 20605.1 9257.98 11347.2 637.361 10709.8 9701.78 619.584 9082.2 5450.74 2366.37 3084.37 1358.52 1007.85 2637.67 929.786 8638.69
internal_count=28868 21358 12435 12250 676 11574 494 346 496 415 11080 8923 287 7510 7380 3327 4053 282 3771 3414 251 3163 1837 687 1150 360 327 1006 357 3096
is_linear=0
shrinkage=0.05


Tree=237
num_leaves=31
num_cat=0
split_feature=5 7 1 6 0 4 4 4 4 4 3 6 1 6 0 0 3 4 6 6 6 0 6 6 0 6 6 1 1 0
split_gain=1.35841 1.78219 1.79961 1.5733 1.18679 1.52815 1.54047 1.68575 2.13959 1.19204 4.09417 1.80054 2.22332 1.16799 1.94317 2.82534 3.45531 2.5136 2.09239 1.62757 2.48362 2.56554 1.56109 1.3656 1.61749 2.66515 2.28025 2.30637 2.2475 1.77018
threshold=4.5000000000000009 2.5000000000000004 1.0000000180025095e-35 200.50000000000003 77.500000000000014 623.50000000000011 652.50000000000011 704.50000000000011 743.50000000000011 807.50000000000011 1.0000000180025095e-35 88.500000000000014 13.500000000000002 90.500000000000014 24.500000000000004 38.500000000000007 1.0000000180025095e-35 689.50000000000011 124.50000000000001 82.500000000000014 78.500000000000014 29.500000000000004 121.50000000000001 165.50000000000003 45.500000000000007 124.50000000000001 135.50000000000003 12.500000000000002 10.500000000000002 65.500000000000014
decision_type=2 2 2 2 2 2 2 2 2 2 2 2 2 2 2 2 2 2 2 2 2 2 2 2 2 2 2 2 2 2
left_child=1 2 -1 13 9 -6 -7 -8 -9 -3 11 -11 -13 19 22 16 17 18 -16 20 21 -4 -15 24 25 -17 28 29 -26 -28
right_child=-2 4 3 -5 5 6 7 8 -10 10 -12 12 -14 14 15 23 -18 -19 -20 -21 -22 -23 -24 -25 26 -27 27 -29 -30 -31
leaf_value=-0.0097892004844510397 0.00037162569931618069 -9.8675482302095641e-05 0.0062564983709922431 0.0077069864720472718 0.0039460251301404719 -0.0031424923137288656 0.0034745894204123665 -0.0034878255070351534 0.0031151565021148801 0.00076148051546392332 0.0022239984285146101 -0.0033303763793512821 -0.010312279071871482 0.00025259946477063317 0.013230316322657715 0.0028449144531018109 0.012296124460432821 -0.0062353000483898885 -0.00055278108744046385 -0.010096850471536903 0.0089918929227863886 -0.0071450782477792078 -0.010751220602625768 -0.0069452774997625054 -0.0061643516775961964 -0.011912178482935737 0.013813222075922638 -0.0015846202017932031 0.0013332527095243785 0.0018317524623930161
leaf_weight=66.489075377583504 16920.036749452353 39861.564629226923 45.036692917346954 46.102421790361404 394.43563884496689 248.99970239400864 455.76830929517746 292.85746717453003 211.13337361812592 146.53734788298607 401.06066954135895 367.4608513712883 165.32357197999954 51.830277264118195 47.294267281889915 50.588672459125519 87.541168570518494 83.360379502177238 65.907401964068413 88.240796700119972 41.394206255674362 172.47046889364719 85.239109933376312 109.03608572483063 187.51761163771152 77.416837960481644 71.165191262960434 98.947520062327385 214.046675786376 54.386521190404892
leaf_count=187 5748 17849 99 85 128 88 179 131 117 109 183 267 109 117 105 112 157 202 138 211 90 444 184 229 473 163 158 186 425 120
internal_value=-9.46268e-06 -0.000155052 -0.00172162 -0.00140186 -9.08353e-05 0.00124368 0.000361864 0.00127103 -0.000721684 -0.000143092 -0.00178187 -0.00414687 -0.00549687 -0.00165926 -0.000963711 -0.000291438 0.00403348 0.000353623 0.00520563 -0.00423252 -0.00223379 -0.00437017 -0.00659033 -0.00171505 -0.000958772 -0.00608007 8.83342e-05 0.00412406 -0.00216789 0.00862309
internal_weight=61209.2 44289.2 1744.01 1677.52 42545.1 1603.19 1208.76 959.759 503.991 40941.9 1080.38 679.322 532.784 1631.42 1284.28 1147.21 284.103 196.562 113.202 347.142 258.901 217.507 137.069 863.105 754.069 128.006 626.064 224.499 401.564 125.552
internal_count=28793 23045 3885 3698 19160 643 515 427 248 18517 668 485 376 3613 2769 2468 602 445 243 844 633 543 301 1866 1637 275 1362 464 898 278
is_linear=0
shrinkage=0.05


Tree=238
num_leaves=31
num_cat=0
split_feature=3 7 2 1 2 0 6 6 4 1 2 2 4 0 4 7 4 7 3 2 4 4 4 4 1 2 1 4 4 4
split_gain=1.29273 1.33354 1.37043 2.46074 2.40989 2.75503 2.50586 2.53548 3.71285 2.21879 1.86875 2.48552 1.91347 1.85999 1.82706 1.73834 1.63521 1.50195 1.37804 2.42488 3.04317 3.02575 3.16268 2.93027 2.49032 2.15991 3.15139 2.17071 3.78361 2.09088
threshold=2.5000000000000004 4.5000000000000009 14809.500000000002 1.5000000000000002 15235.500000000002 54.500000000000007 99.500000000000014 112.50000000000001 662.50000000000011 12.500000000000002 18113.500000000004 16530.500000000004 696.50000000000011 46.500000000000007 688.50000000000011 3.5000000000000004 660.50000000000011 2.5000000000000004 1.0000000180025095e-35 14233.500000000002 688.50000000000011 533.50000000000011 610.50000000000011 678.50000000000011 13.500000000000002 12078.500000000002 8.5000000000000018 766.50000000000011 731.50000000000011 659.50000000000011
decision_type=2 2 2 2 2 2 2 2 2 2 2 2 2 2 2 2 2 2 2 2 2 2 2 2 2 2 2 2 2 2
left_child=1 2 18 16 5 -5 13 8 -8 10 11 12 -9 14 -6 17 -4 -15 19 21 -21 -1 24 29 -23 27 -27 28 -20 -24
right_child=-2 -3 3 4 6 -7 7 9 -10 -11 -12 -13 -14 15 -16 -17 -18 -19 25 20 -22 22 23 -25 -26 26 -28 -29 -30 -31
leaf_value=0.0069466547610258353 0.0025427794381431617 8.2020944902297551e-05 0.00055000847785923997 0.00058622513288634679 -0.0036821755554869635 0.011412371065678476 0.013469418866981459 -0.00028390139831159267 -4.213381607261561e-05 -0.0020296647295545566 0.0070699907075059513 -0.0039818071682429946 0.0091580153115616847 -0.0075686407984639882 0.0049128564757397256 -0.01098436220706648 -0.0095026824075867804 0.0027133525622186241 -0.00062064564951531736 -0.010071103485569595 0.0012650920275027169 -0.0071586173091777424 -0.00032533031093779627 -0.0021681547826081812 -0.00038348570938491082 0.006921850432674282 -0.00027652432052088603 0.0056368267282142538 -0.0090282291575776805 0.0040940463619766462
leaf_weight=110.14629997313023 500.51065376400948 52664.884231865406 68.953904256224632 123.94016240537167 132.40592588484287 111.74992129206657 100.52564710378647 112.03745155036449 102.87596221268177 462.72740775346756 167.71551093459129 160.69105435907841 102.97970144450665 69.522398129105568 115.99710401892662 97.508808195590973 97.869173899292946 72.614739418029785 976.92476712167263 172.78574804961681 90.05778469145298 387.64849257469177 875.36961248517036 1668.0559492409229 208.62496945261955 244.08591158688068 403.21363990008831 108.31714248657227 155.05312441289425 385.50219306349754
leaf_count=99 102 19104 87 139 139 109 83 133 123 404 171 186 130 145 136 73 156 66 988 216 136 527 1131 2594 209 273 297 141 184 520
internal_value=1.21406e-05 -8.77761e-06 -0.000615163 0.000478874 0.000981634 0.00571933 0.000323867 0.00154412 0.00663558 0.00051484 0.0026815 0.000722479 0.00423818 -0.00270034 0.000331458 -0.00584292 -0.00534755 -0.0023158 -0.00101227 -0.00154924 -0.006187 -0.00121392 -0.0014689 -0.000793165 -0.00478813 9.66381e-05 0.00243786 -0.00112523 -0.00177228 0.00102586
internal_weight=61051.3 60550.8 7885.9 2100.11 1933.29 235.69 1697.6 1209.55 203.402 1006.15 543.424 375.708 215.017 488.049 248.403 239.646 166.823 142.137 5785.79 3898.19 262.844 3635.35 3525.2 2928.93 596.273 1887.59 647.3 1240.3 1131.98 1260.87
internal_count=28801 28699 9595 2280 2037 248 1789 1230 206 1024 620 449 263 559 275 284 243 211 7315 5432 352 5080 4981 4245 736 1883 570 1313 1172 1651
is_linear=0
shrinkage=0.05


Tree=239
num_leaves=31
num_cat=0
split_feature=5 7 6 2 2 6 0 2 1 0 4 6 4 1 0 4 2 2 4 2 1 1 1 4 5 2 5 2 5 4
split_gain=2.49976 1.81397 1.72601 2.78804 2.64408 1.66009 2.00733 3.36409 2.72813 2.08979 2.04778 1.67726 2.82182 2.58632 2.13761 2.07237 1.96721 1.73808 3.75781 2.47018 2.06676 1.64837 4.23595 2.02885 1.74567 1.7235 1.59094 1.54889 1.54185 2.11837
threshold=4.5000000000000009 3.5000000000000004 109.50000000000001 18113.500000000004 17256.500000000004 150.50000000000003 39.500000000000007 8012.5000000000009 12.500000000000002 26.500000000000004 678.50000000000011 135.50000000000003 627.50000000000011 15.500000000000002 29.500000000000004 732.50000000000011 12239.500000000002 9046.5000000000018 603.50000000000011 10946.500000000002 10.500000000000002 12.500000000000002 14.500000000000002 670.50000000000011 2.5000000000000004 12033.500000000002 2.5000000000000004 12078.500000000002 3.5000000000000004 684.50000000000011
decision_type=2 2 2 2 2 2 2 2 2 2 2 2 2 2 2 2 2 2 2 2 2 2 2 2 2 2 2 2 2 2
left_child=1 2 21 4 5 11 9 -8 26 -7 -11 14 -13 15 -4 16 -14 20 -19 -20 -16 -1 23 -23 25 -24 -9 -21 29 -29
right_child=-2 -3 3 -5 -6 6 7 8 -10 10 -12 12 13 -15 17 -17 -18 18 19 27 -22 22 24 -25 -26 -27 -28 28 -30 -31
leaf_value=-0.0042870622714469746 0.00046999165814234347 -0.00015259920778512117 -0.0065215345253626517 0.0060004868951573295 -0.009461415196105414 -0.0044182470357439062 -0.015280355403091082 -0.0034839026495690293 -0.0077555876034413971 0.010698758357612406 -0.00059946951112879255 0.010290408300853928 -0.00011046807764681735 0.0083090612296124414 -0.0096575990635566003 0.0055913135061386038 -0.010840771586029915 -0.0083519781167202232 0.010808168483393023 -0.0049177428540908312 0.0018113558199228817 0.012711057359604422 -0.013099735596069426 0.00086063414421169715 -0.00060732055184089737 -0.0026200659062112566 0.0049724255461911981 0.006744426830368272 0.0095073438776682312 -0.004576924038298868
leaf_weight=759.4122234582901 16838.439278751612 40951.642358958721 136.55433534085751 154.07194930315018 87.845730423927307 110.23457877337933 62.834398329257965 110.09417131543159 161.06664708256721 73.181667238473892 88.733723148703575 102.50664788484573 99.114855363965034 84.494309261441231 82.390423893928528 67.388593435287476 75.061692118644714 75.862003087997437 95.405298352241516 70.311047941446304 75.073325857520103 70.590762257575989 72.466673642396927 73.959028616547585 231.19531133770943 85.550135135650635 112.40972909331322 79.179844439029694 74.26475915312767 86.409763053059578
leaf_count=1517 5714 17359 242 196 116 178 112 219 212 117 152 146 175 110 168 117 118 114 172 118 124 96 134 123 292 132 175 124 100 163
internal_value=-4.87611e-05 -0.000245454 -0.0013452 -0.000481723 -0.000978498 -0.000590899 -0.00249277 -0.00455619 -0.00279942 0.000891847 0.00450704 0.000544133 0.00305441 0.000779562 -0.000843217 -0.0018541 -0.00473471 0.000370436 0.0018619 0.00377241 -0.00418959 -0.00279047 -0.000661186 0.00664778 -0.00337567 -0.00742605 0.000788263 0.00160824 0.00352127 0.000836597
internal_weight=61247.7 44409.3 3457.66 2164.49 2010.42 1922.57 718.555 446.405 383.571 272.15 161.915 1204.02 428.566 326.059 775.451 241.565 174.177 638.896 481.433 405.571 157.464 1293.17 533.762 144.55 389.212 158.017 222.504 310.165 239.854 165.59
internal_count=28835 23121 5762 3468 3272 3156 1165 718 606 447 269 1991 666 520 1325 410 293 1083 791 677 292 2294 777 219 558 266 394 505 387 287
is_linear=0
shrinkage=0.05


Tree=240
num_leaves=31
num_cat=0
split_feature=1 2 7 1 2 1 6 5 6 6 4 2 2 1 4 4 6 6 4 2 2 4 4 3 5 4 2 2 7 1
split_gain=1.59417 1.92576 1.91612 1.80894 2.29665 1.81111 2.11763 1.72946 1.70557 3.41652 1.66821 1.39356 1.34745 1.47203 1.34103 1.34471 1.18526 2.16851 1.85427 2.93691 3.29868 2.23293 2.11195 1.87278 1.87061 1.82285 2.12268 3.21315 1.82076 1.75484
threshold=16.500000000000004 19249.000000000004 1.5000000000000002 4.5000000000000009 13659.500000000002 10.500000000000002 90.500000000000014 3.5000000000000004 50.500000000000007 60.500000000000007 656.50000000000011 19728.000000000004 10871.500000000002 2.5000000000000004 801.50000000000011 777.50000000000011 144.50000000000003 143.50000000000003 704.50000000000011 8325.5000000000018 8735.5000000000018 633.50000000000011 596.50000000000011 1.0000000180025095e-35 4.5000000000000009 711.50000000000011 14141.500000000002 13456.500000000002 10.500000000000002 9.5000000000000018
decision_type=2 2 2 2 2 2 2 2 2 2 2 2 2 2 2 2 2 2 2 2 2 2 2 2 2 2 2 2 2 2
left_child=1 2 3 4 12 -5 -7 10 -2 -10 -8 -3 13 -1 15 -11 17 -4 19 21 -21 -18 24 -24 -22 29 27 -27 -23 -20
right_child=8 11 16 5 -6 6 7 -9 9 14 -12 -13 -14 -15 -16 -17 18 -19 25 20 22 28 23 -25 -26 26 -28 -29 -30 -31
leaf_value=0.0074172531646061251 0.0035695645005231857 0.0037622977015434318 -0.00028514175732030547 -0.0078846382700197368 0.009222279373145981 -0.010973204659322661 0.0035202215448204401 0.0055153321109555446 -0.0051237071510802056 0.0005182750206209661 -0.0081872253837149984 0.00065740347354906745 -0.0089033537739237421 -0.0068098507887189175 -0.0026478991361677203 0.0035814294811062778 -0.0044697812202154881 -0.0039369854039378793 0.0068570289837267193 0.0057036460100978025 0.00057004188020717285 -0.0021032616779931199 -0.001032433675391891 0.00083338465310980208 0.0043494733839177105 0.00090819589352917262 -0.0010351018706746913 0.0067414083698023779 0.0030073543688982221 0.0011322051299663145
leaf_weight=44.966095089912415 438.39834715425968 461.67465725541115 32681.957528650761 215.40751644968987 61.671211212873459 50.51940929889679 51.147310554981232 93.921167284250259 274.0343623906374 10194.283065408468 75.110984593629837 1663.6148308068514 50.232603937387466 30.522633984684944 322.34263518452644 371.33903643488884 633.61134713888168 411.63530910015106 250.89712136983871 263.64993345737457 1196.8830422759056 558.83120793104172 4061.4650649428368 2010.7042835950851 450.67061430215836 2313.7480385303497 1210.3808687627316 262.90221458673477 253.26351165771484 286.9637159705162
leaf_count=152 185 194 15703 684 198 152 140 215 123 3677 237 621 165 104 176 162 283 186 130 99 419 316 1760 587 106 1224 525 122 72 98
internal_value=-1.73363e-05 -0.000140644 -0.000206499 -0.00285447 0.00131905 -0.00446335 -0.00174088 0.000377445 0.000510384 0.000390232 -0.00344453 0.00133188 -0.00255779 0.00166476 0.000529009 0.000625933 -0.000168431 -0.000330565 0.000221682 -0.000171502 0.000204014 -0.00224514 1.61858e-05 -0.000414597 0.00160386 0.0010789 0.000692046 0.00150337 -0.000509442 0.00380268
internal_weight=61246.7 49646.4 47521.1 673.499 187.393 486.106 270.699 220.179 11600.4 11162 126.258 2125.29 125.721 75.4887 10888 10565.6 46847.6 33093.6 13754 9429.08 7983.37 1445.71 7719.72 6072.17 1647.55 4324.89 3787.03 2576.65 812.095 537.861
internal_count=28815 24492 23677 2047 619 1428 744 592 4323 4138 377 815 421 256 4015 3839 21630 15889 5741 3642 2971 671 2872 2347 525 2099 1871 1346 388 228
is_linear=0
shrinkage=0.05


Tree=241
num_leaves=31
num_cat=0
split_feature=1 4 4 4 2 4 1 7 5 2 4 4 6 1 6 1 6 2 3 5 2 6 4 2 6 4 2 6 1 1
split_gain=2.04496 1.57383 3.43586 1.42695 1.42154 1.55562 2.90423 2.11732 3.43895 2.26226 3.50268 1.9954 2.60695 2.13072 2.12764 1.83708 1.96376 1.49021 1.45626 1.53289 2.6777 1.93028 1.72002 4.17478 2.10149 2.0487 1.70265 2.6563 1.64512 1.58371
threshold=18.500000000000004 627.50000000000011 567.50000000000011 655.50000000000011 13411.500000000002 742.50000000000011 5.5000000000000009 9.5000000000000018 2.5000000000000004 11427.500000000002 773.50000000000011 747.50000000000011 94.500000000000014 2.5000000000000004 109.50000000000001 10.500000000000002 159.50000000000003 2182.5000000000005 2.5000000000000004 3.5000000000000004 13282.500000000002 72.500000000000014 700.50000000000011 12279.500000000002 63.500000000000007 692.50000000000011 4583.5000000000009 137.50000000000003 9.5000000000000018 11.500000000000002
decision_type=2 2 2 2 2 2 2 2 2 2 2 2 2 2 2 2 2 2 2 2 2 2 2 2 2 2 2 2 2 2
left_child=4 2 -2 -3 5 17 11 15 -9 10 -10 -7 13 -13 -14 16 -8 -1 19 21 22 -19 24 -24 -21 -26 27 -23 -28 -27
right_child=1 3 -4 -5 -6 6 7 8 9 -11 -12 12 14 -15 -16 -17 -18 18 -20 20 -22 26 23 -25 25 29 28 -29 -30 -31
leaf_value=-0.0036324764688029326 0.0033903712322487078 0.0038930002290316758 -0.0024979385369332877 0.0011518750491247929 0.00024074466195278898 -0.0087341264297416676 -0.0043537200557392606 0.0049375761701123001 0.0046209192546662857 -0.003773028065506133 -0.0023992427541575339 -0.0028900020537403967 -0.0095949845707643359 0.0059273387578743994 -0.0027163770893662196 -0.00023586054094324981 0.0022212107847321529 -0.0022155150916032501 0.0039768412766910165 0.0027330399050328521 -0.0044673256693814811 0.006034915796335966 0.00057792348299321491 0.0055650878271604771 4.3965343333149864e-05 -0.0007560136993886241 -0.0010163420776053923 -0.0023782910145826522 0.00015141427945110424 -0.0060743158867433257
leaf_weight=299.57367847859859 373.85315123200417 591.87531608343124 734.39434336125851 2399.8176941871643 23422.408009901643 139.79376170039177 669.09085313975811 419.93034553527832 363.32539808750153 339.56684482097626 347.74820518493652 127.62506997585297 131.28286509215832 147.93570747971535 782.34918685257435 1386.550605610013 136.78132718801498 1452.6560123860836 218.70362991094589 683.90506467223167 294.66741120815277 252.72013647854328 2564.234901830554 501.7379367351532 9474.0407607853413 326.0880654156208 5679.6891098171473 149.21401473879814 6430.9699929356575 245.2685928940773
leaf_count=181 96 199 242 927 9883 108 573 192 109 97 103 109 108 114 582 1011 112 964 49 295 101 180 1163 196 3444 160 3890 94 3351 100
internal_value=1.93961e-05 0.00109794 -0.000511592 0.00169418 -5.81988e-05 -0.000266805 -0.00108117 -0.000354748 0.00111304 -0.000415585 0.00118773 -0.00308337 -0.00241911 0.00184362 -0.00370479 -0.00133927 -0.00323775 -0.00012453 -8.73616e-05 -0.000119044 0.000248906 -0.00049028 0.000349645 0.00139406 5.11966e-05 -0.000131387 -0.000289988 0.0029116 -0.000396243 -0.00303902
internal_weight=61087.8 4099.94 1108.25 2991.69 56987.9 33565.4 4991.98 3662.99 1470.57 1050.64 711.074 1328.99 1189.19 275.561 913.632 2192.42 805.872 28573.5 28273.9 28055.2 14089.9 13965.2 13795.3 3065.97 10729.3 10045.4 12512.6 401.934 12110.7 571.357
internal_count=28733 1464 338 1126 27269 17386 3218 2197 501 309 212 1021 913 223 690 1696 685 14168 13987 13938 5459 8479 5358 1359 3999 3704 7515 274 7241 260
is_linear=0
shrinkage=0.05


Tree=242
num_leaves=31
num_cat=0
split_feature=7 3 1 4 4 7 5 1 1 0 2 1 4 2 2 2 0 5 4 0 2 4 4 1 4 4 7 4 2 1
split_gain=1.61656 1.74299 1.46613 1.68914 2.90304 1.68672 1.55651 1.53452 3.0575 2.28063 2.12307 2.49524 2.02543 1.88456 1.70992 1.35771 1.1908 1.18567 2.38424 1.1219 2.48253 2.6915 4.99911 2.4269 1.90173 3.0776 2.66408 1.54974 1.12186 2.37566
threshold=11.500000000000002 2.5000000000000004 18.500000000000004 571.50000000000011 615.50000000000011 1.5000000000000002 1.5000000000000002 4.5000000000000009 10.500000000000002 30.500000000000004 12700.500000000002 2.5000000000000004 752.50000000000011 15502.500000000002 13613.500000000002 15069.500000000002 21.500000000000004 3.5000000000000004 664.50000000000011 22.500000000000004 6093.5000000000009 670.50000000000011 689.50000000000011 15.500000000000002 739.50000000000011 781.50000000000011 8.5000000000000018 716.50000000000011 9675.5000000000018 4.5000000000000009
decision_type=2 2 2 2 2 2 2 2 2 2 2 2 2 2 2 2 2 2 2 2 2 2 2 2 2 2 2 2 2 2
left_child=1 2 5 -4 -5 6 15 10 9 -9 11 -8 13 14 17 -1 -2 18 -10 20 -7 23 -23 -22 26 -26 27 -24 29 -18
right_child=16 -3 3 4 -6 19 7 8 12 -11 -12 -13 -14 -15 -16 -17 28 -19 -20 -21 21 22 24 -25 25 -27 -28 -29 -30 -31
leaf_value=-0.0048861274822929656 -0.0015560278396368173 0.0029175333409022868 0.0044105352380076641 -0.003350845070131411 0.0011134231507194516 -0.0044037847380870689 0.0045680430477992818 0.0020278324361359449 0.0056271658712438053 -0.010872675045475975 0.009632798136869361 -0.012379063593688774 -0.010487127762700851 0.010433557854458 -0.0096478876462808352 -0.017521445783013664 -0.0037335252240762251 0.0059282501016831336 -0.011612467036759749 -0.000252449161864926 0.0014093732122892745 -0.0058662859283687176 -0.0025951159574224484 0.0060174276640858962 -0.0040685454292596355 0.0033395810938479792 0.0055436395772624075 0.0031839851989114779 0.0010605387059757644 0.00057265389635079546
leaf_weight=95.270866304636002 599.40092718601227 468.52252045273781 304.37964087724686 421.35314843058586 2682.8368392437696 230.10474649071693 54.426751956343651 44.680926382541656 42.683924376964569 146.88401463627815 65.289184212684631 36.143993571400642 38.34853807091713 51.045260846614838 39.522104561328888 27.367945075035095 400.55480664968491 87.783423662185669 37.830644533038139 43319.280994594097 1522.5637612342834 342.77314069867134 269.85516265034676 351.73949128389359 375.70951727032661 223.65133255720139 372.04212403297424 203.47513887286186 6653.1983308792114 1598.304437994957
leaf_count=375 151 98 92 145 1101 136 178 124 114 451 190 114 111 116 95 106 152 207 115 20884 636 167 162 116 200 125 122 132 1606 445
internal_value=-9.69603e-06 -0.000118321 -0.000146 0.000855996 0.000507457 -0.000217186 -0.00254268 -0.00156042 -0.00293797 -0.00786374 0.00275961 -0.00219502 0.000236857 0.00182552 -0.000288809 -0.00770581 0.000599158 0.00190902 -0.00247306 -0.000179392 0.000633782 0.000950338 -0.000437744 0.00227414 0.000850215 -0.00130421 0.00237768 -0.000110797 0.000748466 -0.000290269
internal_weight=61107 51855.6 51387 3408.57 3104.19 47978.5 767.278 644.639 488.779 191.565 155.86 90.5707 297.214 258.865 207.82 122.639 9251.46 168.298 80.5146 47211.2 3891.91 3661.81 1787.51 1874.3 1444.73 599.361 845.372 473.33 8652.06 1998.86
internal_count=28766 26412 26314 1338 1246 24976 2296 1815 1333 575 482 292 758 647 531 481 2354 436 229 22680 1796 1660 908 752 741 325 416 294 2203 597
is_linear=0
shrinkage=0.05


Tree=243
num_leaves=31
num_cat=0
split_feature=2 0 0 7 2 2 5 6 4 2 1 4 0 2 4 0 1 0 1 6 6 2 6 4 1 4 4 4 6 6
split_gain=1.38679 1.62831 1.76494 1.39916 3.03255 1.41108 1.36415 2.77825 2.68637 1.82663 1.79874 1.33239 1.28953 1.23164 1.34297 1.2265 1.20942 1.17896 1.10913 1.06506 1.34046 1.17146 1.11828 2.28527 1.12846 1.5611 1.70197 1.8603 1.23066 4.24354
threshold=19249.000000000004 49.500000000000007 40.500000000000007 1.5000000000000002 5171.5000000000009 3323.5000000000005 3.5000000000000004 116.50000000000001 650.50000000000011 14863.500000000002 15.500000000000002 633.50000000000011 24.500000000000004 11262.500000000002 703.50000000000011 53.500000000000007 11.500000000000002 52.500000000000007 11.500000000000002 204.50000000000003 210.50000000000003 12570.500000000002 191.50000000000003 634.50000000000011 16.500000000000004 798.50000000000011 777.50000000000011 762.50000000000011 50.500000000000007 64.500000000000014
decision_type=2 2 2 2 2 2 2 2 2 2 2 2 2 2 2 2 2 2 2 2 2 2 2 2 2 2 2 2 2 2
left_child=3 2 -2 4 -1 11 8 18 9 -6 -9 -5 -10 15 -15 -14 -3 -16 -8 22 -21 -22 24 -24 -7 26 27 28 -26 -30
right_child=1 16 -4 5 6 19 7 10 12 -11 -12 -13 13 14 17 -17 -18 -19 -20 20 21 -23 23 -25 25 -27 -28 -29 29 -31
leaf_value=0.011909085689607839 0.0012486180110673347 -0.0016600070497713344 0.0053081017257546057 -0.0059007225521050021 -0.0023127329411633036 -0.00010419870399799419 -0.0021384349589587833 0.00070789520213912786 0.0016978342044985538 0.010876701810109768 0.011895027876446361 -0.00098557069849615161 -0.018308206001243273 -0.00013266922203100388 -0.0038562455357719033 -0.0075356812988677697 0.0014456259342217929 -0.016624549383924062 -0.011159953538973248 0.0040435524477956883 -0.0012148596706166557 0.0025192981107363464 0.0016595703720695687 -0.0028592174834772208 0.0034381682293258666 -0.0029141892160196151 0.0041829787375328139 -0.0033302046027146436 -0.0049409633536099395 0.00069893317700378934
leaf_weight=36.746341943740845 1073.7067814618349 668.98991130292416 356.7000407576561 182.26442828774452 119.91189242899418 44208.172306805849 81.530731379985809 160.55034881830215 32.04270401597023 33.607828125357628 46.290884554386139 566.18742603063583 53.672261744737625 58.712545186281204 35.760229423642159 52.042422905564308 589.9168119430542 36.564337819814682 58.525259107351303 356.73691943287849 486.99087327718735 369.30641961097717 403.94376665353775 910.33029487729073 366.14572882652283 328.54095569252968 318.83090338110924 311.64152500033379 346.93761530518532 8625.7555900812149
leaf_count=106 370 282 133 96 371 20500 237 401 109 97 96 324 199 197 128 192 185 134 146 128 178 123 123 392 140 170 138 130 148 2871
internal_value=-3.49684e-06 0.00110672 0.00226093 -5.44584e-05 -0.00212336 -2.56008e-05 -0.00279371 -0.000470465 -0.00470207 0.000574637 0.00321157 -0.00218252 -0.00771582 -0.00898989 -0.0057507 -0.013005 -0.000204724 -0.0103114 -0.00590826 2.70459e-06 0.00146843 0.000395619 -2.91471e-05 -0.00147036 5.60414e-06 0.000476982 0.000588739 0.000469993 0.000596808 0.000480861
internal_weight=61277.1 2689.31 1430.41 58587.7 805.958 57781.8 769.211 346.897 422.314 153.52 206.841 748.452 268.795 236.752 131.037 105.715 1258.91 72.3246 140.056 57033.3 1213.03 856.297 55820.3 1314.27 54506 10297.9 9969.31 9650.48 9338.84 8972.69
internal_count=28844 970 503 27874 2413 25461 2307 880 1427 468 497 420 959 850 459 391 467 262 383 25041 429 301 24612 515 24097 3597 3427 3289 3159 3019
is_linear=0
shrinkage=0.05


Tree=244
num_leaves=31
num_cat=0
split_feature=5 4 6 1 0 0 0 0 1 1 4 4 2 2 2 6 6 6 6 6 0 2 2 1 2 1 0 6 2 2
split_gain=1.6216 3.32115 2.26232 3.19638 2.05828 3.17681 2.01027 4.03292 2.00712 1.75744 2.93214 2.97934 1.75717 1.61993 1.59761 1.33079 1.52017 1.70833 2.67426 1.32622 1.23366 1.54204 1.10115 2.40694 1.8147 2.20864 3.46877 3.48796 2.23319 1.20381
threshold=1.5000000000000002 553.50000000000011 92.500000000000014 6.5000000000000009 55.500000000000007 48.500000000000007 34.500000000000007 65.500000000000014 12.500000000000002 4.5000000000000009 728.50000000000011 778.50000000000011 5463.0000000000009 21148.500000000004 8679.5000000000018 104.50000000000001 141.50000000000003 125.50000000000001 114.50000000000001 164.50000000000003 27.500000000000004 12570.500000000002 17570.000000000004 13.500000000000002 15444.500000000002 8.5000000000000018 66.500000000000014 136.50000000000003 10986.500000000002 14752.000000000002
decision_type=2 2 2 2 2 2 2 2 2 2 2 2 2 2 2 2 2 2 2 2 2 2 2 2 2 2 2 2 2 2
left_child=1 -1 3 6 5 14 -3 -8 -6 10 15 -12 -11 -2 -5 -4 17 18 -17 -18 -16 -22 24 -24 25 26 27 28 -14 -27
right_child=13 2 9 4 8 -7 7 -9 -10 12 11 -13 22 -15 20 16 19 -19 -20 -21 21 -23 23 -25 -26 29 -28 -29 -30 -31
leaf_value=0.0040991084385976449 3.6754750147199777e-05 0.0055111700266576363 0.0037102191628724719 -0.0084959067375159122 -0.0050507185897682083 -0.012218278508693907 -0.0048654868369019909 0.0060462102387194155 0.0014420799212685749 -0.0048798513367858875 -0.010508863010267815 0.00013789759417144541 -0.0036887833643225311 0.0022183544451919337 -0.0060986934732472258 -0.0058037719515562662 0.0033215483012278141 -0.0066321775629529737 0.0045890967112859398 -0.0026142482749370081 0.0027724023228689488 -0.0039255706874048602 -0.000743968828784031 0.0062045545653444563 -0.0024949148347254905 -0.00061524175567871165 -0.0034622767003053799 0.0079478879022444309 0.0043316836004000034 0.0035620151765443685
leaf_weight=349.13819116353989 51743.302834421396 159.85268366336823 140.15670175850391 146.93855087459087 202.23932938277721 138.76788906753063 250.45359221100807 127.93325208127499 289.28857488930225 177.95009073615074 178.06762506067753 104.13678263127804 156.09861889481544 865.14082552492619 168.17425794899464 123.51848037540913 220.24230222404003 222.56308518350124 124.07216982543468 164.30327370762825 157.59917384386063 188.96181228756905 276.10206179320812 227.17151981592178 658.17898096144199 2562.564627379179 187.2046685218811 326.44689911603928 195.46689140796661 184.91592955589294
leaf_count=168 22681 128 132 114 161 117 248 106 181 154 180 109 140 261 108 96 175 171 105 127 111 127 150 104 365 1614 131 238 148 119
internal_value=-3.0419e-05 -0.000675158 -0.000881983 -0.00242745 -0.00377614 -0.00534003 0.000809877 -0.00117622 -0.00122938 -0.000427904 -0.00208171 -0.00658008 -1.41584e-06 7.26309e-05 -0.0038975 -0.000805688 -0.00154622 -0.00345328 -0.000595717 0.000785384 -0.00258482 -0.000879657 0.000180421 0.00239251 -8.02477e-05 0.000359668 0.0025627 0.00422625 0.000770516 -0.000334096
internal_weight=61017 8408.51 8059.37 1830.21 1291.97 800.442 538.24 378.387 491.528 6229.16 1277.06 282.204 4952.1 52608.4 661.674 994.856 854.699 470.154 247.591 384.546 514.735 346.561 4774.15 503.274 4270.88 3612.7 865.217 678.012 351.566 2747.48
internal_count=28769 5827 5659 1401 919 577 482 354 342 4258 1095 289 3163 22942 460 806 674 372 201 302 346 238 3009 254 2755 2390 657 526 288 1733
is_linear=0
shrinkage=0.05


Tree=245
num_leaves=31
num_cat=0
split_feature=2 6 2 0 4 7 7 0 5 4 4 2 2 2 6 0 7 2 0 0 6 4 6 6 5 7 6 5 6 6
split_gain=1.76781 1.64954 1.47966 1.51302 1.47856 2.54672 1.84063 4.67048 2.65752 1.85168 1.8173 3.07542 3.50101 2.92765 1.82317 1.7582 1.96851 1.64172 2.13424 3.23497 2.69988 2.26094 2.18261 1.83437 3.46896 1.79871 2.36055 1.73175 1.71798 1.64639
threshold=19249.000000000004 81.500000000000014 21762.000000000004 51.500000000000007 738.50000000000011 5.5000000000000009 6.5000000000000009 65.500000000000014 2.5000000000000004 769.50000000000011 761.50000000000011 8627.0000000000018 6661.5000000000009 12033.500000000002 151.50000000000003 66.500000000000014 3.5000000000000004 7272.5000000000009 37.500000000000007 25.500000000000004 102.50000000000001 563.50000000000011 143.50000000000003 96.500000000000014 4.5000000000000009 7.5000000000000009 69.500000000000014 3.5000000000000004 125.50000000000001 155.50000000000003
decision_type=2 2 2 2 2 2 2 2 2 2 2 2 2 2 2 2 2 2 2 2 2 2 2 2 2 2 2 2 2 2
left_child=4 -2 3 -3 17 10 7 8 -7 -10 13 12 -12 14 -6 -13 -17 18 19 20 -1 -20 -22 24 25 26 -23 28 -21 -19
right_child=1 2 -4 -5 5 6 -8 -9 9 -11 11 15 -14 -15 -16 16 -18 29 21 27 22 23 -24 -25 -26 -27 -28 -29 -30 -31
leaf_value=-0.0072957073988884312 -0.0017863080965206544 0.00374444865904245 -0.00048269295187871296 0.00075228372135742168 -0.0086635944872090666 -0.0046039923012791781 -0.00048408732524789032 0.0091977193200177901 -0.0010841841441887 0.0057461432336950698 -0.0022879121968346064 -0.0033818023692705774 0.010480918162218397 -0.00085224792931990574 -0.0011130253898122165 0.00693668575537213 -0.0027998659762374675 -1.6291003407933966e-05 -0.0066668526635310218 0.0018369218927401275 0.003430467081341212 0.00154121131576462 -0.0036643118555296293 -0.0019615082630006753 0.0065796681830483988 0.00094056284921499459 -0.0091831637205442192 0.00030277141299868009 0.0076889973448346681 0.00074015988613810148
leaf_weight=182.5071684718132 384.0652891844511 997.42022120952606 558.60019883513451 732.95014387369156 330.94822201132774 207.66098195314407 6943.8802618980408 177.80006343126297 195.83003199100494 201.14203935861588 102.03469131886959 715.70237262547016 113.28176835179329 383.70077060163021 105.41300010681152 99.162779584527016 108.94532161951065 35028.045953080058 203.71742932498455 279.38002528250217 221.16274711489677 87.218750491738319 212.61563491821289 2241.1467891037464 197.39606919884682 395.81172311306 124.63168533146381 493.39415618777275 227.56443217396736 9051.8265181928873
leaf_count=103 170 360 183 271 420 164 2809 104 100 104 135 896 153 412 120 163 83 15879 105 187 121 101 113 1233 94 175 142 200 129 3603
internal_value=-1.15332e-05 0.00124596 0.00175474 0.00247703 -6.88622e-05 -0.000633308 -0.000225034 0.00207399 -2.08298e-05 0.00237668 -0.00224339 -0.000951329 0.00442999 -0.00403815 -0.00683958 -0.00220558 0.00183957 4.28301e-05 -0.000828673 0.000655941 -0.00219365 -0.00156717 -4.70251e-05 -0.00122613 0.000821053 -0.0010496 -0.00476794 0.00241151 0.00446388 0.000139047
internal_weight=61305 2673.04 2288.97 1730.37 58631.9 9685.5 7726.31 782.433 604.633 396.972 1959.19 1139.13 215.316 820.062 436.361 923.81 208.108 48946.4 4866.55 1616.62 616.286 3249.92 433.778 3046.21 805.058 607.662 211.85 1000.34 506.944 44079.9
internal_count=28832 984 814 631 27848 5663 3281 472 368 204 2382 1430 288 952 540 1142 246 22185 2703 853 337 1850 234 1745 512 418 243 516 316 19482
is_linear=0
shrinkage=0.05


Tree=246
num_leaves=31
num_cat=0
split_feature=5 7 0 6 2 0 2 5 6 5 6 6 0 6 6 6 6 2 2 3 2 3 4 4 6 6 0 7 4 0
split_gain=1.40013 1.99738 1.49671 3.2835 1.79509 2.52078 2.32097 2.51166 2.34927 2.18195 2.88245 2.50792 2.14199 3.15848 1.90512 2.41593 2.12568 1.7233 2.5796 1.70526 1.67988 2.45279 2.08356 3.88994 1.61373 1.60078 1.5241 2.76525 1.46207 1.43343
threshold=4.5000000000000009 5.5000000000000009 74.500000000000014 168.50000000000003 9930.5000000000018 36.500000000000007 6847.5000000000009 3.5000000000000004 81.500000000000014 1.5000000000000002 159.50000000000003 147.50000000000003 24.500000000000004 114.50000000000001 122.50000000000001 105.50000000000001 69.500000000000014 6661.5000000000009 8843.5000000000018 1.0000000180025095e-35 10430.500000000002 1.0000000180025095e-35 653.50000000000011 620.50000000000011 142.50000000000003 128.50000000000003 62.500000000000007 9.5000000000000018 683.50000000000011 76.500000000000014
decision_type=2 2 2 2 2 2 2 2 2 2 2 2 2 2 2 2 2 2 2 2 2 2 2 2 2 2 2 2 2 2
left_child=1 -1 4 20 5 6 7 12 -8 11 14 17 -3 -14 15 16 -11 -7 -19 -17 21 25 23 -22 -16 -4 27 -18 -24 -30
right_child=-2 2 3 -5 -6 9 8 -9 -10 10 -12 -13 13 -15 24 19 26 18 -20 -21 22 -23 28 -25 -26 -27 -28 -29 29 -31
leaf_value=-0.00083035941001757666 0.00038301485536197075 0.00022171815921028803 0.0038088034249536581 -0.0032982352785096581 0.00013756315141073448 -0.0078676149567930911 0.0033820347009987602 -0.0016313319283567539 -0.0012122372159228117 -0.002903113032121353 -0.0035588631370857765 0.00080529737445509991 0.0018216274264078185 0.010357797144941464 0.0024167305734639545 -0.0049896741857667331 -0.0014044494722098243 -0.00016610847537046886 -0.0067827952196887718 -3.0791352006210032e-05 0.0017838070112991212 0.0073005945539891606 0.00521566115690627 -0.0051938957346490356 -0.00094263816665597427 -0.0017581834247429623 -0.0015697638152735044 0.0050184242519544795 0.0036693837351184457 -0.00058725567414490533
leaf_weight=8696.2298197001219 16977.83775177598 221.54818987846375 319.50478768348694 380.84569048881531 23873.677181899548 274.14785504341125 333.19981688261032 254.33300232887268 1687.3418639302254 433.27255702018738 794.53128695487976 286.72226905822754 208.24818462133408 225.93531441688538 932.24708300828934 536.8054193854332 271.08003973960876 334.50705915689468 263.20936959981918 256.06414496898651 492.23929882049561 284.78182125091553 304.54393076896667 336.1281281709671 579.82233965396881 216.72152453660965 324.59853196144104 438.89494490623474 335.10360312461853 482.63325732946396
leaf_count=9695 5718 106 161 119 8577 183 150 95 687 204 272 150 109 102 370 246 140 204 157 76 138 86 99 105 207 98 143 151 134 187
internal_value=-3.14827e-06 -0.000150881 1.47148e-05 0.00105494 -8.60931e-05 -0.000702912 0.000489727 0.00258637 -0.000454613 -0.00131332 -0.000821732 -0.00325125 0.00422225 0.00626358 -0.000245304 -0.00116419 3.71024e-05 -0.00458529 -0.00307982 -0.00338816 0.00165309 0.00355048 0.000854505 -0.00104755 0.00112854 0.00155885 0.00126845 0.00256607 0.00225843 0.00115709
internal_weight=61356.8 44378.9 35682.7 3152.5 32530.2 8656.51 2930.61 910.065 2020.54 5725.9 4567.32 1158.59 655.732 434.183 3772.79 2260.72 1467.85 871.864 597.716 792.87 2771.66 821.008 1950.65 828.367 1512.07 536.226 1034.57 709.975 1122.28 817.737
internal_count=28869 23151 13456 1127 12329 3752 1249 412 837 2503 1809 694 317 211 1537 960 638 544 361 322 1008 345 663 243 577 259 434 291 420 321
is_linear=0
shrinkage=0.05


Tree=247
num_leaves=31
num_cat=0
split_feature=1 4 4 3 0 6 6 7 0 0 4 3 6 7 5 3 0 6 6 6 0 6 4 4 7 0 1 1 0 0
split_gain=1.26351 1.84324 1.78775 1.61014 1.09385 1.25415 2.10127 1.80598 1.8258 2.20461 2.88941 2.40196 1.25127 1.10497 3.08891 2.56215 1.71021 1.29036 2.58312 2.11155 1.33523 1.28617 1.30139 1.0635 0.952815 1.24271 1.13721 4.09353 3.92541 2.19336
threshold=3.5000000000000004 558.50000000000011 537.50000000000011 2.5000000000000004 18.500000000000004 87.500000000000014 84.500000000000014 10.500000000000002 68.500000000000014 45.500000000000007 679.50000000000011 1.0000000180025095e-35 90.500000000000014 5.5000000000000009 4.5000000000000009 1.0000000180025095e-35 50.500000000000007 134.50000000000003 169.50000000000003 101.50000000000001 62.500000000000007 125.50000000000001 663.50000000000011 672.50000000000011 11.500000000000002 22.500000000000004 5.5000000000000009 6.5000000000000009 70.500000000000014 50.500000000000007
decision_type=2 2 2 2 2 2 2 2 2 2 2 2 2 2 2 2 2 2 2 2 2 2 2 2 2 2 2 2 2 2
left_child=1 2 -1 24 -3 6 7 8 9 10 -6 23 -7 14 17 16 -16 19 -19 -14 21 22 -21 -11 26 -26 -2 28 29 -28
right_child=3 4 -4 -5 5 12 -8 -9 -10 11 -12 -13 13 -15 15 -17 -18 18 -20 20 -22 -23 -24 -25 25 -27 27 -29 -30 -31
leaf_value=-0.00034928366306287884 0.00068677010754711202 0.0031912927841477967 0.0054497917819953598 0.0030595158665759907 -0.0030498423564945289 0.0035153966762610277 -0.0074799741940934326 -0.0046761495078387148 0.0037426092231842879 0.0016960972242586721 0.0050088151323387353 -0.009568967315924222 0.0014112446543752518 -0.00035173655266760039 -0.0047292427096055044 0.007805645271604259 0.0036706002070330725 0.00087046694300325043 -0.0072396639880829188 -0.0073784304268123399 -0.011222760910113261 -0.010006921461688432 0.00060669750989716335 -0.0048231480212658296 -0.0015530569460091093 0.00070551273211585616 -0.0018563183946823632 -3.3745968685905784e-05 0.0027470335834004905 -0.0054195944684865766
leaf_weight=296.16035354137421 4428.5876961350441 171.30279806256294 241.09073212742805 439.24472400546074 227.27874957025051 183.45606046915054 164.27184227108955 337.41681206226349 206.49677839875221 133.83417458832264 217.84243339300156 137.61199279129505 99.083440601825714 5453.9819734692574 136.8157681375742 124.10023319721222 108.77244329452515 332.68829280138016 139.28684124350548 88.820966392755508 117.59082025289536 87.705428496003151 119.90896655619144 117.4640721976757 663.76790654659271 7386.0050927400589 1199.2366627007723 37020.801703333855 333.61982604861259 674.92128874361515
leaf_count=119 2694 89 122 81 169 121 116 137 156 112 175 93 149 2421 140 93 123 456 182 117 172 119 193 115 155 1762 692 17185 189 421
internal_value=-5.04634e-05 -0.000589253 0.00225304 4.50377e-05 -0.000764657 -0.000844061 -0.00213466 -0.00149742 -0.000466639 -0.0015088 0.000894067 -0.00425897 -0.000559403 -0.000669195 -0.00194721 0.00195004 -0.0010089 -0.00340979 -0.00152295 -0.00514536 -0.00671447 -0.00492611 -0.00279122 -0.00135119 1.94301e-05 0.000519276 -7.27345e-05 -0.000158476 -0.00225 -0.00313952
internal_weight=61389.2 9242.98 537.251 52146.2 8705.73 8534.43 1542.22 1377.95 1040.53 834.031 445.121 388.91 6992.21 6808.76 1354.77 369.688 245.588 985.085 471.975 513.11 414.026 296.435 208.73 251.298 51706.9 8049.77 43657.2 39228.6 2207.78 1874.16
internal_count=28868 5689 241 23179 5448 5359 1073 957 820 664 344 320 4286 4165 1744 356 263 1388 638 750 601 429 310 227 23098 1917 21181 18487 1302 1113
is_linear=0
shrinkage=0.05


end of trees

feature_importances:
credit_score=1427
annual_mileage=1214
vehicle_power=1046
vehicle_age=989
exposure_months=819
region_risk=677
driver_age=676
prior_claims=592

parameters:
[boosting: gbdt]
[objective: poisson]
[metric: poisson]
[tree_learner: serial]
[device_type: cpu]
[data_sample_strategy: bagging]
[data: ]
[valid: ]
[num_iterations: 400]
[learning_rate: 0.05]
[num_leaves: 31]
[num_threads: 0]
[seed: 0]
[deterministic: 0]
[force_col_wise: 0]
[force_row_wise: 0]
[histogram_pool_size: -1]
[max_depth: -1]
[min_data_in_leaf: 100]
[min_sum_hessian_in_leaf: 0.001]
[bagging_fraction: 0.9]
[pos_bagging_fraction: 1]
[neg_bagging_fraction: 1]
[bagging_freq: 1]
[bagging_seed: 3]
[bagging_by_query: 0]
[feature_fraction: 0.9]
[feature_fraction_bynode: 1]
[feature_fraction_seed: 2]
[extra_trees: 0]
[extra_seed: 6]
[early_stopping_round: 0]
[early_stopping_min_delta: 0]
[first_metric_only: 0]
[max_delta_step: 0]
[lambda_l1: 0]
[lambda_l2: 0]
[linear_lambda: 0]
[min_gain_to_split: 0]
[drop_rate: 0.1]
[max_drop: 50]
[skip_drop: 0.5]
[xgboost_dart_mode: 0]
[uniform_drop: 0]
[drop_seed: 4]
[top_rate: 0.2]
[other_rate: 0.1]
[min_data_per_group: 100]
[max_cat_threshold: 32]
[cat_l2: 10]
[cat_smooth: 10]
[max_cat_to_onehot: 4]
[top_k: 20]
[monotone_constraints: ]
[monotone_constraints_method: basic]
[monotone_penalty: 0]
[feature_contri: ]
[forcedsplits_filename: ]
[refit_decay_rate: 0.9]
[cegb_tradeoff: 1]
[cegb_penalty_split: 0]
[cegb_penalty_feature_lazy: ]
[cegb_penalty_feature_coupled: ]
[path_smooth: 0]
[interaction_constraints: ]
[verbosity: -1]
[saved_feature_importance_type: 0]
[use_quantized_grad: 0]
[num_grad_quant_bins: 4]
[quant_train_renew_leaf: 0]
[stochastic_rounding: 1]
[linear_tree: 0]
[max_bin: 255]
[max_bin_by_feature: ]
[min_data_in_bin: 3]
[bin_construct_sample_cnt: 200000]
[data_random_seed: 1]
[is_enable_sparse: 1]
[enable_bundle: 1]
[use_missing: 1]
[zero_as_missing: 0]
[feature_pre_filter: 1]
[pre_partition: 0]
[two_round: 0]
[header: 0]
[label_column: ]
[weight_column: ]
[group_column: ]
[ignore_column: ]
[categorical_feature: ]
[forcedbins_filename: ]
[precise_float_parser: 0]
[parser_config_file: ]
[objective_seed: 5]
[num_class: 1]
[is_unbalance: 0]
[scale_pos_weight: 1]
[sigmoid: 1]
[boost_from_average: 1]
[reg_sqrt: 0]
[alpha: 0.9]
[fair_c: 1]
[poisson_max_delta_step: 0.7]
[tweedie_variance_power: 1.5]
[lambdarank_truncation_level: 30]
[lambdarank_norm: 1]
[label_gain: ]
[lambdarank_position_bias_regularization: 0]
[eval_at: ]
[multi_error_top_k: 1]
[auc_mu_weights: ]
[num_machines: 1]
[local_listen_port: 12400]
[time_out: 120]
[machine_list_filename: ]
[machines: ]
[gpu_platform_id: -1]
[gpu_device_id: -1]
[gpu_device_id_list: ]
[gpu_use_dp: 0]
[num_gpu: 1]

end of parameters

pandas_categorical:[]
